{
  "model": "deepar",
  "method": "aci_margin",
  "alpha": 0.1,
  "fit_on": [
    "clean"
  ],
  "params": {
    "gamma": 0.5,
    "m0": 0.7541666666666664
  },
  "settings": {
    "clean": {
      "before": {
        "picp": 0.8523676880222841,
        "mpiw": 7.4989793694948,
        "mis": 10.980776207339314,
        "pinball": 0.5834213258533655,
        "rmse_median": 2.69082310748601
      },
      "after": {
        "picp": 0.9134168987929434,
        "mpiw": 8.499559685186536,
        "mis": 10.469142251126213,
        "pinball": 0.5797667975947005,
        "rmse_median": 2.69082310748601
      }
    },
    "clock_skew_1.0": {
      "before": {
        "picp": 0.7372330547818013,
        "mpiw": 7.437789401920475,
        "mis": 14.473733906128714,
        "pinball": 0.7216667400957846,
        "rmse_median": 3.103611585956773
      },
      "after": {
        "picp": 0.8949628597957289,
        "mpiw": 10.085119949738472,
        "mis": 12.490971501562353,
        "pinball": 0.7075041514917391,
        "rmse_median": 3.103611585956773
      }
    },
    "clock_skew_2.0": {
      "before": {
        "picp": 0.6384633240482822,
        "mpiw": 7.435332429447479,
        "mis": 21.75728312002152,
        "pinball": 0.9578058470339359,
        "rmse_median": 3.8152871463003084
      },
      "after": {
        "picp": 0.890552460538533,
        "mpiw": 12.643712188036169,
        "mis": 15.585695322121524,
        "pinball": 0.9137230770489361,
        "rmse_median": 3.8152871463003084
      }
    },
    "clock_skew_4.0": {
      "before": {
        "picp": 0.5193825441039925,
        "mpiw": 7.620558315637449,
        "mis": 39.040250428394266,
        "pinball": 1.467941743755834,
        "rmse_median": 5.262499164618364
      },
      "after": {
        "picp": 0.8791782729805014,
        "mpiw": 17.473900934021856,
        "mis": 22.024970523067513,
        "pinball": 1.3464040301463573,
        "rmse_median": 5.262499164618364
      }
    },
    "contextual_outlier_1.0": {
      "before": {
        "picp": 0.8510909935004642,
        "mpiw": 7.499779695811349,
        "mis": 10.981093111160702,
        "pinball": 0.5840339905818126,
        "rmse_median": 2.693126591084596
      },
      "after": {
        "picp": 0.9128365831012071,
        "mpiw": 8.494092602032334,
        "mis": 10.471041932004745,
        "pinball": 0.5803907678735557,
        "rmse_median": 2.693126591084596
      }
    },
    "contextual_outlier_2.0": {
      "before": {
        "picp": 0.8479572887650882,
        "mpiw": 7.504398324705928,
        "mis": 11.022412385423674,
        "pinball": 0.5864521403258376,
        "rmse_median": 2.7022816262844502
      },
      "after": {
        "picp": 0.9107474466109564,
        "mpiw": 8.509342614399518,
        "mis": 10.507273547315238,
        "pinball": 0.5827725771964917,
        "rmse_median": 2.7022816262844502
      }
    },
    "contextual_outlier_4.0": {
      "before": {
        "picp": 0.8442432683379758,
        "mpiw": 7.538632625958382,
        "mis": 11.176260598509453,
        "pinball": 0.5928598601485121,
        "rmse_median": 2.7309673858053474
      },
      "after": {
        "picp": 0.9085422469823584,
        "mpiw": 8.580415355763396,
        "mis": 10.630039055626215,
        "pinball": 0.5889582776993461,
        "rmse_median": 2.7309673858053474
      }
    },
    "drift_1.0": {
      "before": {
        "picp": 0.6494893221912721,
        "mpiw": 7.592371970532737,
        "mis": 18.153302285304513,
        "pinball": 0.8532464510020185,
        "rmse_median": 3.42492644432495
      },
      "after": {
        "picp": 0.8938022284122563,
        "mpiw": 11.394530744905998,
        "mis": 13.677043365885519,
        "pinball": 0.8212731730061684,
        "rmse_median": 3.42492644432495
      }
    },
    "drift_2.0": {
      "before": {
        "picp": 0.4794568245125348,
        "mpiw": 7.817011649520292,
        "mis": 35.470956802688654,
        "pinball": 1.4131357469573458,
        "rmse_median": 4.9821632316685
      },
      "after": {
        "picp": 0.8860259981429898,
        "mpiw": 15.942754453605724,
        "mis": 19.00309828288895,
        "pinball": 1.2955081861016338,
        "rmse_median": 4.9821632316685
      }
    },
    "drift_4.0": {
      "before": {
        "picp": 0.276230269266481,
        "mpiw": 8.32930346705678,
        "mis": 80.7579906774699,
        "pinball": 2.735322407898042,
        "rmse_median": 8.401375689496637
      },
      "after": {
        "picp": 0.858983286908078,
        "mpiw": 25.33317997587752,
        "mis": 31.3655989290498,
        "pinball": 2.3825196096950414,
        "rmse_median": 8.401375689496637
      }
    },
    "fgsm_1.0": {
      "before": {
        "picp": 0.4803853296193129,
        "mpiw": 9.155429754449937,
        "mis": 44.19821832761063,
        "pinball": 1.6919061184672053,
        "rmse_median": 6.001582472582778
      },
      "after": {
        "picp": 0.8775533890436398,
        "mpiw": 19.1741623449792,
        "mis": 24.035975426210072,
        "pinball": 1.5478900977429155,
        "rmse_median": 6.001582472582778
      }
    },
    "fgsm_2.0": {
      "before": {
        "picp": 0.4174791086350975,
        "mpiw": 10.705278524401384,
        "mis": 67.91706445990634,
        "pinball": 2.4903554010407563,
        "rmse_median": 8.543424175818656
      },
      "after": {
        "picp": 0.8600278551532033,
        "mpiw": 25.55931752161581,
        "mis": 33.59675904966712,
        "pinball": 2.2452103623961905,
        "rmse_median": 8.543424175818656
      }
    },
    "fgsm_4.0": {
      "before": {
        "picp": 0.4213091922005571,
        "mpiw": 13.279499973276977,
        "mis": 92.65428668797679,
        "pinball": 3.295389942004868,
        "rmse_median": 11.266126546487897
      },
      "after": {
        "picp": 0.8390204271123491,
        "mpiw": 33.209212136693765,
        "mis": 46.566059301829604,
        "pinball": 2.9661883178181023,
        "rmse_median": 11.266126546487897
      }
    },
    "flatline_1.0": {
      "before": {
        "picp": 0.5870473537604457,
        "mpiw": 8.171318429897562,
        "mis": 30.36408217412327,
        "pinball": 1.201192191471774,
        "rmse_median": 4.37728233155306
      },
      "after": {
        "picp": 0.8811513463324049,
        "mpiw": 15.98601202321234,
        "mis": 20.01867947735571,
        "pinball": 1.1272964579234344,
        "rmse_median": 4.37728233155306
      }
    },
    "flatline_2.0": {
      "before": {
        "picp": 0.5930826369545033,
        "mpiw": 8.005875149426988,
        "mis": 28.41622520086718,
        "pinball": 1.138462365071033,
        "rmse_median": 4.1708010925985075
      },
      "after": {
        "picp": 0.8810352831940576,
        "mpiw": 15.182917860661924,
        "mis": 18.723566117948142,
        "pinball": 1.0692290859073257,
        "rmse_median": 4.1708010925985075
      }
    },
    "flatline_4.0": {
      "before": {
        "picp": 0.5891364902506964,
        "mpiw": 7.371619206356257,
        "mis": 25.64577034121266,
        "pinball": 1.0694032398962514,
        "rmse_median": 4.155645848539142
      },
      "after": {
        "picp": 0.8826601671309192,
        "mpiw": 13.181438147860476,
        "mis": 17.595443268356856,
        "pinball": 1.0119009036615674,
        "rmse_median": 4.155645848539142
      }
    },
    "gap_imputation_1.0": {
      "before": {
        "picp": 0.8531801299907149,
        "mpiw": 7.494911342040774,
        "mis": 10.949659456244019,
        "pinball": 0.5821273279639091,
        "rmse_median": 2.684807939152627
      },
      "after": {
        "picp": 0.9131847725162489,
        "mpiw": 8.491243746868998,
        "mis": 10.443009035501344,
        "pinball": 0.5785083963871758,
        "rmse_median": 2.684807939152627
      }
    },
    "gap_imputation_2.0": {
      "before": {
        "picp": 0.8519034354688951,
        "mpiw": 7.489946208167193,