{
  "model": "deepar",
  "method": "aci_margin",
  "alpha": 0.1,
  "fit_on": [
    "clean"
  ],
  "params": {
    "gamma": 0.5,
    "m0": 0.7541666666666664
  },
  "settings": {
    "clean": {
      "before": {
        "picp": 0.8523676880222841,
        "mpiw": 7.4989793694948,
        "mis": 10.980776207339314,
        "pinball": 0.5834213258533655,
        "rmse_median": 2.69082310748601
      },
      "after": {
        "picp": 0.9134168987929434,
        "mpiw": 8.499559685186536,
        "mis": 10.469142251126213,
        "pinball": 0.5797667975947005,
        "rmse_median": 2.69082310748601
      }
    },
    "contextual_outlier_1.0": {
      "before": {
        "picp": 0.8510909935004642,
        "mpiw": 7.499779695811349,
        "mis": 10.981093111160702,
        "pinball": 0.5840339905818126,
        "rmse_median": 2.693126591084596
      },
      "after": {
        "picp": 0.9128365831012071,
        "mpiw": 8.494092602032334,
        "mis": 10.471041932004745,
        "pinball": 0.5803907678735557,
        "rmse_median": 2.693126591084596
      }
    },
    "contextual_outlier_2.0": {
      "before": {
        "picp": 0.8479572887650882,
        "mpiw": 7.504398324705928,
        "mis": 11.022412385423674,
        "pinball": 0.5864521403258376,
        "rmse_median": 2.7022816262844502
      },
      "after": {
        "picp": 0.9107474466109564,
        "mpiw": 8.509342614399518,
        "mis": 10.507273547315238,
        "pinball": 0.5827725771964917,
        "rmse_median": 2.7022816262844502
      }
    },
    "contextual_outlier_4.0": {
      "before": {
        "picp": 0.8442432683379758,
        "mpiw": 7.538632625958382,
        "mis": 11.176260598509453,
        "pinball": 0.5928598601485121,
        "rmse_median": 2.7309673858053474
      },
      "after": {
        "picp": 0.9085422469823584,
        "mpiw": 8.580415355763396,
        "mis": 10.630039055626215,
        "pinball": 0.5889582776993461,
        "rmse_median": 2.7309673858053474
      }
    },
    "fgsm_1.0": {
      "before": {
        "picp": 0.4803853296193129,
        "mpiw": 9.155429754449937,
        "mis": 44.19821832761063,
        "pinball": 1.6919061184672053,
        "rmse_median": 6.001582472582778
      },
      "after": {
        "picp": 0.8775533890436398,
        "mpiw": 19.1741623449792,
        "mis": 24.035975426210072,
        "pinball": 1.5478900977429155,
        "rmse_median": 6.001582472582778
      }
    },
    "fgsm_2.0": {
      "before": {
        "picp": 0.4174791086350975,
        "mpiw": 10.705278524401384,
        "mis": 67.91706445990634,
        "pinball": 2.4903554010407563,
        "rmse_median": 8.543424175818656
      },
      "after": {
        "picp": 0.8600278551532033,
        "mpiw": 25.55931752161581,
        "mis": 33.59675904966712,
        "pinball": 2.2452103623961905,
        "rmse_median": 8.543424175818656
      }
    },
    "fgsm_4.0": {
      "before": {
        "picp": 0.4213091922005571,
        "mpiw": 13.279499973276977,
        "mis": 92.65428668797679,
        "pinball": 3.295389942004868,
        "rmse_median": 11.266126546487897
      },
      "after": {
        "picp": 0.8390204271123491,
        "mpiw": 33.209212136693765,
        "mis": 46.566059301829604,
        "pinball": 2.9661883178181023,
        "rmse_median": 11.266126546487897
      }
    },
    "level_shift_1.0": {
      "before": {
        "picp": 0.666782729805014,
        "mpiw": 7.618884152067678,
        "mis": 17.742559924183723,
        "pinball": 0.8417449479078883,
        "rmse_median": 3.3989197336940697
      },
      "after": {
        "picp": 0.8915970287836583,
        "mpiw": 11.37589436562385,
        "mis": 13.59133400398832,
        "pinball": 0.8120933341922069,
        "rmse_median": 3.3989197336940697
      }
    },
    "level_shift_2.0": {
      "before": {
        "picp": 0.4726090993500464,
        "mpiw": 7.799976211734117,
        "mis": 35.244689691016056,
        "pinball": 1.4167452285833144,
        "rmse_median": 5.015969806681605
      },
      "after": {
        "picp": 0.8827762302692664,
        "mpiw": 15.89206070569884,
        "mis": 19.046243484562474,
        "pinball": 1.3010420413943602,
        "rmse_median": 5.015969806681605
      }
    },
    "level_shift_4.0": {
      "before": {
        "picp": 0.2675255338904364,
        "mpiw": 7.90788102747504,
        "mis": 85.11371984111433,
        "pinball": 2.8061472066759916,
        "rmse_median": 8.472085129942935
      },
      "after": {
        "picp": 0.8565459610027855,
        "mpiw": 25.21375382227534,
        "mis": 30.847287060855127,
        "pinball": 2.4185298296741395,
        "rmse_median": 8.472085129942935
      }
    },
    "point_spike_1.0": {
      "before": {
        "picp": 0.8512070566388115,
        "mpiw": 7.4976162842566065,
        "mis": 10.999809766513494,
        "pinball": 0.5838124787616444,
        "rmse_median": 2.690246709408183
      },
      "after": {
        "picp": 0.9122562674094707,
        "mpiw": 8.49613067608576,
        "mis": 10.499225211198636,
        "pinball": 0.5802368747951098,
        "rmse_median": 2.690246709408183
      }
    },
    "point_spike_2.0": {
      "before": {
        "picp": 0.8503946146703807,
        "mpiw": 7.508237208001722,
        "mis": 11.088845375709314,
        "pinball": 0.5869701736016684,
        "rmse_median": 2.7026977107019796
      },
      "after": {
        "picp": 0.9113277623026926,
        "mpiw": 8.500716316636817,
        "mis": 10.588961875379908,
        "pinball": 0.5833995771707441,
        "rmse_median": 2.7026977107019796
      }
    },
    "point_spike_4.0": {
      "before": {
        "picp": 0.8448235840297121,
        "mpiw": 7.529113480053638,
        "mis": 11.434329265983532,
        "pinball": 0.5993773813748663,
        "rmse_median": 2.7866816293180734
      },
      "after": {
        "picp": 0.9081940575673166,
        "mpiw": 8.544433814315477,
        "mis": 10.925139730133814,
        "pinball": 0.595740313261654,
        "rmse_median": 2.7866816293180734
      }
    }
  }
}