{
  "model": "lgbm",
  "method": "aci_margin",
  "alpha": 0.1,
  "fit_on": [
    "clean"
  ],
  "params": {
    "gamma": 0.5,
    "m0": 0.30000000000000027
  },
  "settings": {
    "clean": {
      "before": {
        "picp": 0.8657149489322191,
        "mpiw": 8.261693284259573,
        "mis": 11.631704378735073,
        "pinball": 0.5960347446030304,
        "rmse_median": 2.7314739466889137
      },
      "after": {
        "picp": 0.9051764159702879,
        "mpiw": 9.054868771724754,
        "mis": 11.521366922172032,
        "pinball": 0.5952466199132944,
        "rmse_median": 2.7314739466889137
      }
    },
    "clock_skew_1.0": {
      "before": {
        "picp": 0.7886490250696379,
        "mpiw": 8.199411643507243,
        "mis": 13.792766809566778,
        "pinball": 0.6846814878025954,
        "rmse_median": 2.972726545005999
      },
      "after": {
        "picp": 0.8962395543175488,
        "mpiw": 10.301918607295535,
        "mis": 12.750524736088545,
        "pinball": 0.6772369015634652,
        "rmse_median": 2.972726545005999
      }
    },
    "clock_skew_2.0": {
      "before": {
        "picp": 0.6951021355617456,
        "mpiw": 7.993913122371861,
        "mis": 19.441927799494024,
        "pinball": 0.8831660751737186,
        "rmse_median": 3.584184620620548
      },
      "after": {
        "picp": 0.8938022284122563,
        "mpiw": 12.406888981239094,
        "mis": 15.150316339093358,
        "pinball": 0.8525117075994281,
        "rmse_median": 3.584184620620548
      }
    },
    "clock_skew_4.0": {
      "before": {
        "picp": 0.5908774373259053,
        "mpiw": 7.813483853022531,
        "mis": 30.84596458380513,
        "pinball": 1.2976185816901806,
        "rmse_median": 4.9484386501705995
      },
      "after": {
        "picp": 0.8819637883008357,
        "mpiw": 15.446631485334526,
        "mis": 19.24807115195224,
        "pinball": 1.2147764857483743,
        "rmse_median": 4.9484386501705995
      }
    },
    "contextual_outlier_1.0": {
      "before": {
        "picp": 0.8650185701021356,
        "mpiw": 8.266536265899754,
        "mis": 11.633888757136214,
        "pinball": 0.5959835702070435,
        "rmse_median": 2.730626389621464
      },
      "after": {
        "picp": 0.9050603528319405,
        "mpiw": 9.068068299325938,
        "mis": 11.517640319748125,
        "pinball": 0.5951532242257,
        "rmse_median": 2.730626389621464
      }
    },
    "contextual_outlier_2.0": {
      "before": {
        "picp": 0.8638579387186629,
        "mpiw": 8.290271353029905,
        "mis": 11.648193142856933,
        "pinball": 0.5978980337391074,
        "rmse_median": 2.733405062075704
      },
      "after": {
        "picp": 0.9052924791086351,
        "mpiw": 9.105614899919413,
        "mis": 11.525826210708091,
        "pinball": 0.5970239842237587,
        "rmse_median": 2.733405062075704
      }
    },
    "contextual_outlier_4.0": {
      "before": {
        "picp": 0.8645543175487466,
        "mpiw": 8.37514384050172,
        "mis": 11.742865535730248,
        "pinball": 0.6025465177460616,
        "rmse_median": 2.7497976317788027
      },
      "after": {
        "picp": 0.903899721448468,
        "mpiw": 9.142947925924188,
        "mis": 11.63402777872202,
        "pinball": 0.6017691051960029,
        "rmse_median": 2.7497976317788027
      }
    },
    "drift_1.0": {
      "before": {
        "picp": 0.7389740018570102,
        "mpiw": 8.314399167580863,
        "mis": 16.129027861609202,
        "pinball": 0.8024030314741776,
        "rmse_median": 3.384433313547297
      },
      "after": {
        "picp": 0.8938022284122563,
        "mpiw": 11.226910773894692,
        "mis": 13.90517186811343,
        "pinball": 0.7865183458063506,
        "rmse_median": 3.384433313547297
      }
    },
    "drift_2.0": {
      "before": {
        "picp": 0.590761374187558,
        "mpiw": 8.673402567458309,
        "mis": 27.8409306006422,
        "pinball": 1.252677753221769,
        "rmse_median": 4.750928599299942
      },
      "after": {
        "picp": 0.8875348189415042,
        "mpiw": 15.015812038210413,
        "mis": 18.381536599710024,
        "pinball": 1.1851106532151106,
        "rmse_median": 4.750928599299942
      }
    },
    "drift_4.0": {
      "before": {
        "picp": 0.3797585886722377,
        "mpiw": 9.699387912568387,
        "mis": 58.03004237505565,
        "pinball": 2.2513549543267497,
        "rmse_median": 7.445655296759896
      },
      "after": {
        "picp": 0.8710538532961931,
        "mpiw": 22.166449193905443,
        "mis": 27.47927646941751,
        "pinball": 2.033135197857906,
        "rmse_median": 7.445655296759896
      }
    },
    "flatline_1.0": {
      "before": {
        "picp": 0.7006731662024142,
        "mpiw": 8.20308540919096,
        "mis": 21.51668021689513,
        "pinball": 0.9618155411916965,
        "rmse_median": 3.783552720887296
      },
      "after": {
        "picp": 0.8871866295264624,
        "mpiw": 13.405986987649664,
        "mis": 16.752325999598433,
        "pinball": 0.9277844396395774,
        "rmse_median": 3.783552720887296
      }
    },
    "flatline_2.0": {
      "before": {
        "picp": 0.664113277623027,
        "mpiw": 7.933075723691707,
        "mis": 22.052254571306438,
        "pinball": 0.9750572804633096,
        "rmse_median": 3.7866886385338274
      },
      "after": {
        "picp": 0.885677808727948,
        "mpiw": 13.148628184230267,
        "mis": 16.39948041889535,
        "pinball": 0.9346803222318018,
        "rmse_median": 3.7866886385338274
      }
    },
    "flatline_4.0": {
      "before": {
        "picp": 0.5096332404828227,
        "mpiw": 6.313214886835688,
        "mis": 33.70651099782251,
        "pinball": 1.2517575579651687,
        "rmse_median": 4.602392943406315
      },
      "after": {
        "picp": 0.8732590529247911,
        "mpiw": 14.428488795842211,
        "mis": 20.411308971124345,
        "pinball": 1.156791829203039,
        "rmse_median": 4.602392943406315
      }
    },
    "gap_imputation_1.0": {
      "before": {
        "picp": 0.8624651810584958,
        "mpiw": 8.255455557382135,
        "mis": 11.673591987292388,
        "pinball": 0.5970089282792646,
        "rmse_median": 2.727422587777997
      },
      "after": {
        "picp": 0.9052924791086351,
        "mpiw": 9.065924452461058,
        "mis": 11.558261109269385,
        "pinball": 0.5961851362933858,
        "rmse_median": 2.727422587777997
      }
    },
    "gap_imputation_2.0": {
      "before": {
        "picp": 0.8471448467966574,
        "mpiw": 8.190479579730459,
        "mis": 12.34767738765764,
        "pinball": 0.6222001950044601,
        "rmse_median": 2.8340875764824203
      },
      "after": {
        "picp": 0.9000696378830083,
        "mpiw": 9.311254881494616,
        "mis": 12.146234485645463,
        "pinball": 0.6207613171329446,
        "rmse_median": 2.8340875764824203
      }
    },
    "gap_imputation_4.0": {
      "before": {
        "picp": 0.834958217270195,
        "mpiw": 8.197253286781388,
        "mis": 12.819183611719536,
        "pinball": 0.6477457548290283,
        "rmse_median": 2.9491581122863044
      },
      "after": {
        "picp": 0.8975162488393686,
        "mpiw": 9.6054473443487,
        "mis": 12.485790951030115,
        "pinball": 0.6453643786812465,
        "rmse_median": 2.9491581122863044
      }
    },
    "level_shift_1.0": {
      "before": {
        "picp": 0.7435004642525533,
        "mpiw": 8.43875764356541,
        "mis": 16.681296130526082,
        "pinball": 0.800539618102141,
        "rmse_median": 3.299152374264573
      },
      "after": {
        "picp": 0.893686165273909,
        "mpiw": 11.655586798625764,
        "mis": 14.161729706297557,
        "pinball": 0.7825427150719374,
        "rmse_median": 3.299152374264573
      }
    },
    "level_shift_2.0": {
      "before": {
        "picp": 0.5579155060352832,