{
  "model": "lgbm",
  "method": "aci_margin",
  "alpha": 0.1,
  "fit_on": [
    "clean"
  ],
  "params": {
    "gamma": 0.5,
    "m0": 0.30000000000000027
  },
  "settings": {
    "clean": {
      "before": {
        "picp": 0.8657149489322191,
        "mpiw": 8.261693284259573,
        "mis": 11.631704378735073,
        "pinball": 0.5960347446030304,
        "rmse_median": 2.7314739466889137
      },
      "after": {
        "picp": 0.9051764159702879,
        "mpiw": 9.054868771724754,
        "mis": 11.521366922172032,
        "pinball": 0.5952466199132944,
        "rmse_median": 2.7314739466889137
      }
    },
    "contextual_outlier_1.0": {
      "before": {
        "picp": 0.8650185701021356,
        "mpiw": 8.266536265899754,
        "mis": 11.633888757136214,
        "pinball": 0.5959835702070435,
        "rmse_median": 2.730626389621464
      },
      "after": {
        "picp": 0.9050603528319405,
        "mpiw": 9.068068299325938,
        "mis": 11.517640319748125,
        "pinball": 0.5951532242257,
        "rmse_median": 2.730626389621464
      }
    },
    "contextual_outlier_2.0": {
      "before": {
        "picp": 0.8638579387186629,
        "mpiw": 8.290271353029905,
        "mis": 11.648193142856933,
        "pinball": 0.5978980337391074,
        "rmse_median": 2.733405062075704
      },
      "after": {
        "picp": 0.9052924791086351,
        "mpiw": 9.105614899919413,
        "mis": 11.525826210708091,
        "pinball": 0.5970239842237587,
        "rmse_median": 2.733405062075704
      }
    },
    "contextual_outlier_4.0": {
      "before": {
        "picp": 0.8645543175487466,
        "mpiw": 8.37514384050172,
        "mis": 11.742865535730248,
        "pinball": 0.6025465177460616,
        "rmse_median": 2.7497976317788027
      },
      "after": {
        "picp": 0.903899721448468,
        "mpiw": 9.142947925924188,
        "mis": 11.63402777872202,
        "pinball": 0.6017691051960029,
        "rmse_median": 2.7497976317788027
      }
    },
    "level_shift_1.0": {
      "before": {
        "picp": 0.7435004642525533,
        "mpiw": 8.43875764356541,
        "mis": 16.681296130526082,
        "pinball": 0.800539618102141,
        "rmse_median": 3.299152374264573
      },
      "after": {
        "picp": 0.893686165273909,
        "mpiw": 11.655586798625764,
        "mis": 14.161729706297557,
        "pinball": 0.7825427150719374,
        "rmse_median": 3.299152374264573
      }
    },
    "level_shift_2.0": {
      "before": {
        "picp": 0.5579155060352832,
        "mpiw": 8.559400814080124,
        "mis": 31.001919737757778,
        "pinball": 1.30638869995445,
        "rmse_median": 4.8383274941291505
      },
      "after": {
        "picp": 0.8849814298978644,
        "mpiw": 15.727483451034642,
        "mis": 19.171874432154787,
        "pinball": 1.221888376343,
        "rmse_median": 4.8383274941291505
      }
    },
    "level_shift_4.0": {
      "before": {
        "picp": 0.3386722376973073,
        "mpiw": 9.196047625229708,
        "mis": 71.12894676612994,
        "pinball": 2.521075744565081,
        "rmse_median": 8.20495464406828
      },
      "after": {
        "picp": 0.8633936861652739,
        "mpiw": 24.58743574036427,
        "mis": 30.72619362598137,
        "pinball": 2.2324846507068767,
        "rmse_median": 8.20495464406828
      }
    },
    "point_spike_1.0": {
      "before": {
        "picp": 0.8646703806870938,
        "mpiw": 8.261966682117915,
        "mis": 11.635412477567805,
        "pinball": 0.5962508012372517,
        "rmse_median": 2.7283782926027462
      },
      "after": {
        "picp": 0.9044800371402043,
        "mpiw": 9.045741055376968,
        "mis": 11.52590410131416,
        "pinball": 0.5954685985497256,
        "rmse_median": 2.7283782926027462
      }
    },
    "point_spike_2.0": {
      "before": {
        "picp": 0.864786443825441,
        "mpiw": 8.282637274329018,
        "mis": 11.661349636971249,
        "pinball": 0.5975946416186156,
        "rmse_median": 2.7314471006451
      },
      "after": {
        "picp": 0.9045961002785515,
        "mpiw": 9.06292975343765,
        "mis": 11.551828440767487,
        "pinball": 0.5968123473600173,
        "rmse_median": 2.7314471006451
      }
    },
    "point_spike_4.0": {
      "before": {
        "picp": 0.8651346332404828,
        "mpiw": 8.316309192994485,
        "mis": 11.699595971631007,
        "pinball": 0.5999606436295387,
        "rmse_median": 2.748599416336183
      },
      "after": {
        "picp": 0.9050603528319405,
        "mpiw": 9.086597029577584,
        "mis": 11.595479032863082,
        "pinball": 0.5992169512097679,
        "rmse_median": 2.748599416336183
      }
    }
  }
}