{
  "model": "qlstm",
  "method": "aci_margin",
  "alpha": 0.1,
  "fit_on": [
    "clean"
  ],
  "params": {
    "gamma": 0.05,
    "m0": 0.0957925049708093
  },
  "settings": {
    "clean": {
      "before": {
        "picp": 0.9267641597028784,
        "mpiw": 7.958277904222903,
        "mis": 9.573381288930426,
        "pinball": 0.50772775644057,
        "rmse_median": 2.3842137592553656
      },
      "after": {
        "picp": 0.9292014856081708,
        "mpiw": 8.009047070728325,
        "mis": 9.586421273773842,
        "pinball": 0.5078208991894515,
        "rmse_median": 2.3842137592553656
      }
    },
    "contextual_outlier_1.0": {
      "before": {
        "picp": 0.9268802228412256,
        "mpiw": 7.957181403249642,
        "mis": 9.56093500247654,
        "pinball": 0.5072872373962368,
        "rmse_median": 2.3811987712484326
      },
      "after": {
        "picp": 0.9292014856081708,
        "mpiw": 8.007377217851628,
        "mis": 9.573493370816717,
        "pinball": 0.5073769400272381,
        "rmse_median": 2.3811987712484326
      }
    },
    "contextual_outlier_2.0": {
      "before": {
        "picp": 0.9249071494893222,
        "mpiw": 7.956666782660626,
        "mis": 9.582121939535753,
        "pinball": 0.5086639034891636,
        "rmse_median": 2.3861040069644064
      },
      "after": {
        "picp": 0.9273444753946146,
        "mpiw": 8.008645327067626,
        "mis": 9.594889469972776,
        "pinball": 0.5087551001351424,
        "rmse_median": 2.3861040069644064
      }
    },
    "contextual_outlier_4.0": {
      "before": {
        "picp": 0.9211931290622098,
        "mpiw": 7.9598727960642295,
        "mis": 9.749259920838561,
        "pinball": 0.5156898376067172,
        "rmse_median": 2.4175152522574277
      },
      "after": {
        "picp": 0.9237465181058496,
        "mpiw": 8.016609929143467,
        "mis": 9.762641183768995,
        "pinball": 0.5157854180562202,
        "rmse_median": 2.4175152522574277
      }
    },
    "fgsm_1.0": {
      "before": {
        "picp": 0.44428969359331477,
        "mpiw": 8.254984234489667,
        "mis": 35.58863626547293,
        "pinball": 1.5109626699498426,
        "rmse_median": 5.5184595238472465
      },
      "after": {
        "picp": 0.7243500464252554,
        "mpiw": 12.783553924097028,
        "mis": 22.719464765896888,
        "pinball": 1.4190400163814425,
        "rmse_median": 5.5184595238472465
      }
    },
    "fgsm_2.0": {
      "before": {
        "picp": 0.29863045496750235,
        "mpiw": 8.708559868917039,
        "mis": 61.32002724878881,
        "pinball": 2.277264467437958,
        "rmse_median": 7.4802013039653055
      },
      "after": {
        "picp": 0.6282497678737233,
        "mpiw": 15.491702446175278,
        "mis": 34.63222946597102,
        "pinball": 2.086637340417831,
        "rmse_median": 7.4802013039653055
      }
    },
    "fgsm_4.0": {
      "before": {
        "picp": 0.2502321262766945,
        "mpiw": 9.626352119367342,
        "mis": 87.64793737930867,
        "pinball": 3.043963199185837,
        "rmse_median": 9.513827817122982
      },
      "after": {
        "picp": 0.5629062209842154,
        "mpiw": 17.62950398167665,
        "mis": 50.69915251451195,
        "pinball": 2.7800433072944317,
        "rmse_median": 9.513827817122982
      }
    },
    "level_shift_1.0": {
      "before": {
        "picp": 0.746866295264624,
        "mpiw": 7.966754961011448,
        "mis": 14.997371090233345,
        "pinball": 0.7617472023177021,
        "rmse_median": 3.200716860900026
      },
      "after": {
        "picp": 0.8405292479108635,
        "mpiw": 9.638732264360682,
        "mis": 13.366558184772606,
        "pinball": 0.7500985387072683,
        "rmse_median": 3.200716860900026
      }
    },
    "level_shift_2.0": {
      "before": {
        "picp": 0.5110259981429898,
        "mpiw": 8.011848852878186,
        "mis": 32.824084481352756,
        "pinball": 1.3775551796701926,
        "rmse_median": 4.991992793231031
      },
      "after": {
        "picp": 0.7300371402042711,
        "mpiw": 12.132735162726958,
        "mis": 22.39815354610525,
        "pinball": 1.3030842444184247,
        "rmse_median": 4.991992793231031
      }
    },
    "level_shift_4.0": {
      "before": {
        "picp": 0.23676880222841226,
        "mpiw": 8.277009134250727,
        "mis": 89.40899028847352,
        "pinball": 2.9956335495622803,
        "rmse_median": 9.031598323312847
      },
      "after": {
        "picp": 0.5445682451253482,
        "mpiw": 16.749206957562823,
        "mis": 50.923159757158054,
        "pinball": 2.7207347600528844,
        "rmse_median": 9.031598323312847
      }
    },
    "point_spike_1.0": {
      "before": {
        "picp": 0.9264159702878366,
        "mpiw": 7.95690237261212,
        "mis": 9.586269330949786,
        "pinball": 0.508369709043407,
        "rmse_median": 2.38508388734072
      },
      "after": {
        "picp": 0.9287372330547818,
        "mpiw": 8.007796887306958,
        "mis": 9.599342070946976,
        "pinball": 0.5084630857576726,
        "rmse_median": 2.38508388734072
      }
    },
    "point_spike_2.0": {
      "before": {
        "picp": 0.9259517177344475,
        "mpiw": 7.955357946129351,
        "mis": 9.615416339319273,
        "pinball": 0.5096308973104159,
        "rmse_median": 2.3905389519871196
      },
      "after": {
        "picp": 0.9281569173630455,
        "mpiw": 8.006860631669127,
        "mis": 9.628477411777107,
        "pinball": 0.5097241906851148,
        "rmse_median": 2.3905389519871196
      }
    },
    "point_spike_4.0": {
      "before": {
        "picp": 0.9227019498607242,
        "mpiw": 7.952965239995363,
        "mis": 9.709876577952107,
        "pinball": 0.5133256998230082,
        "rmse_median": 2.4097913459080376
      },
      "after": {
        "picp": 0.9253714020427113,
        "mpiw": 8.00710952256392,
        "mis": 9.723235984669397,
        "pinball": 0.513421124156703,
        "rmse_median": 2.4097913459080376
      }
    }
  }
}