{
  "model": "qlstm_robust",
  "method": "aci_margin",
  "alpha": 0.1,
  "fit_on": [
    "clean"
  ],
  "params": {
    "gamma": 0.05,
    "m0": 0.08166666666666654
  },
  "settings": {
    "clean": {
      "before": {
        "picp": 0.9381383472609099,
        "mpiw": 9.690840537432262,
        "mis": 11.01424247260947,
        "pinball": 0.5766848644254241,
        "rmse_median": 2.5967538650795152
      },
      "after": {
        "picp": 0.9389507892293407,
        "mpiw": 9.730582877265132,
        "mis": 11.025801996272653,
        "pinball": 0.5767674324515897,
        "rmse_median": 2.5967538650795152
      }
    },
    "clock_skew_1.0": {
      "before": {
        "picp": 0.898560817084494,
        "mpiw": 9.68021464660257,
        "mis": 11.90969099094491,
        "pinball": 0.646411279655018,
        "rmse_median": 2.897622397941662
      },
      "after": {
        "picp": 0.9049442896935933,
        "mpiw": 9.854495055144817,
        "mis": 11.913988543914396,
        "pinball": 0.6464419764619428,
        "rmse_median": 2.897622397941662
      }
    },
    "clock_skew_2.0": {
      "before": {
        "picp": 0.7989786443825441,
        "mpiw": 9.614942953662853,
        "mis": 15.64330606004732,
        "pinball": 0.8348129518484837,
        "rmse_median": 3.6612293330967014
      },
      "after": {
        "picp": 0.8553853296193129,
        "mpiw": 10.878968023300732,
        "mis": 14.846577861265946,
        "pinball": 0.8291220361429025,
        "rmse_median": 3.6612293330967014
      }
    },
    "clock_skew_4.0": {
      "before": {
        "picp": 0.630803156917363,
        "mpiw": 9.41073352498213,
        "mis": 29.34665671002338,
        "pinball": 1.3102420137124737,
        "rmse_median": 5.151629963074855
      },
      "after": {
        "picp": 0.7582404828226555,
        "mpiw": 12.573551537981203,
        "mis": 23.185781001169143,
        "pinball": 1.2662357586492292,
        "rmse_median": 5.151629963074855
      }
    },
    "contextual_outlier_1.0": {
      "before": {
        "picp": 0.9381383472609099,
        "mpiw": 9.689577782119496,
        "mis": 10.9992425201165,
        "pinball": 0.5755385374870698,
        "rmse_median": 2.5891029802381618
      },
      "after": {
        "picp": 0.9391829155060353,
        "mpiw": 9.72804806995608,
        "mis": 11.010478692641021,
        "pinball": 0.5756187958622451,
        "rmse_median": 2.5891029802381618
      }
    },
    "contextual_outlier_2.0": {
      "before": {
        "picp": 0.9372098421541318,
        "mpiw": 9.700533516767946,
        "mis": 11.015913616119388,
        "pinball": 0.57681735721816,
        "rmse_median": 2.594671945441758
      },
      "after": {
        "picp": 0.9384865366759517,
        "mpiw": 9.739486627260053,
        "mis": 11.027047133037449,
        "pinball": 0.5768968823390033,
        "rmse_median": 2.594671945441758
      }
    },
    "contextual_outlier_4.0": {
      "before": {
        "picp": 0.9353528319405757,
        "mpiw": 9.740946291422391,
        "mis": 11.106268361136571,
        "pinball": 0.5840623781391628,
        "rmse_median": 2.634448621236022
      },
      "after": {
        "picp": 0.9366295264623955,
        "mpiw": 9.782963468766866,
        "mis": 11.117682618204284,
        "pinball": 0.5841439085467893,
        "rmse_median": 2.634448621236022
      }
    },
    "drift_1.0": {
      "before": {
        "picp": 0.8899721448467967,
        "mpiw": 9.732770542584312,
        "mis": 12.429644744473984,
        "pinball": 0.693495723782229,
        "rmse_median": 3.1127431638036533
      },
      "after": {
        "picp": 0.900766016713092,
        "mpiw": 9.999892176753299,
        "mis": 12.427525364587344,
        "pinball": 0.6934805853544673,
        "rmse_median": 3.1127431638036533
      }
    },
    "drift_2.0": {
      "before": {
        "picp": 0.7718198700092851,
        "mpiw": 9.934375277463552,
        "mis": 17.133271893232727,
        "pinball": 0.9734025003587591,
        "rmse_median": 4.173416950356212
      },
      "after": {
        "picp": 0.8488857938718662,
        "mpiw": 11.41251362472446,
        "mis": 16.006355106139896,
        "pinball": 0.9653530947366674,
        "rmse_median": 4.173416950356212
      }
    },
    "drift_4.0": {
      "before": {
        "picp": 0.583217270194986,
        "mpiw": 10.860149477562617,
        "mis": 31.62770944445218,
        "pinball": 1.6075039787986645,
        "rmse_median": 6.24425784449165
      },
      "after": {
        "picp": 0.7638115134633241,
        "mpiw": 14.399128121945171,
        "mis": 24.79513425657208,
        "pinball": 1.5586998703138069,
        "rmse_median": 6.24425784449165
      }
    },
    "fgsm_1.0": {
      "before": {
        "picp": 0.6876740947075209,
        "mpiw": 10.612826882231,
        "mis": 24.32969499227435,
        "pinball": 1.2611339097098018,
        "rmse_median": 5.281581451042129
      },
      "after": {
        "picp": 0.8038532961931291,
        "mpiw": 13.084210354840106,
        "mis": 21.080960216236406,
        "pinball": 1.2379286613095306,
        "rmse_median": 5.281581451042129
      }
    },
    "fgsm_2.0": {
      "before": {
        "picp": 0.5509517177344475,
        "mpiw": 11.891156409209774,
        "mis": 39.9245677896767,
        "pinball": 1.8701674579135177,
        "rmse_median": 7.246740160582534
      },
      "after": {
        "picp": 0.7322423398328691,
        "mpiw": 16.02282307587645,
        "mis": 30.699411605119366,
        "pinball": 1.8042734851666797,
        "rmse_median": 7.246740160582534
      }
    },
    "fgsm_4.0": {
      "before": {
        "picp": 0.4964020427112349,
        "mpiw": 14.099420409924516,
        "mis": 57.9814509443834,
        "pinball": 2.519309481114337,
        "rmse_median": 9.358244859203504
      },
      "after": {
        "picp": 0.6744428969359332,
        "mpiw": 19.22416971354569,
        "mis": 43.505422289248486,
        "pinball": 2.415909276434802,
        "rmse_median": 9.358244859203504
      }
    },
    "flatline_1.0": {
      "before": {
        "picp": 0.8470287836583101,
        "mpiw": 10.109491785008775,
        "mis": 15.184167004731265,
        "pinball": 0.8097833423074329,
        "rmse_median": 3.527189357829367
      },
      "after": {
        "picp": 0.8741875580315692,
        "mpiw": 10.899863187051485,
        "mis": 14.931115410715883,
        "pinball": 0.8079758309216089,
        "rmse_median": 3.527189357829367
      }
    },
    "flatline_2.0": {
      "before": {
        "picp": 0.8291550603528319,
        "mpiw": 9.865498183143457,
        "mis": 15.416294793328914,
        "pinball": 0.8182924536720019,
        "rmse_median": 3.516398171567762
      },
      "after": {
        "picp": 0.8644382544103992,
        "mpiw": 10.88986447840808,
        "mis": 14.97174155286648,
        "pinball": 0.8151170733829847,
        "rmse_median": 3.516398171567762
      }
    },
    "flatline_4.0": {
      "before": {
        "picp": 0.7289925719591458,
        "mpiw": 8.79996445062907,
        "mis": 20.492740066935923,
        "pinball": 0.9786995481589995,
        "rmse_median": 4.116338868179901
      },
      "after": {
        "picp": 0.8204503249767874,
        "mpiw": 10.79410790466807,
        "mis": 18.322267922270935,
        "pinball": 0.9631961756971068,
        "rmse_median": 4.116338868179901
      }
    },
    "gap_imputation_1.0": {
      "before": {
        "picp": 0.9374419684308264,
        "mpiw": 9.673840630878368,
        "mis": 10.994682522384403,
        "pinball": 0.5758996698819203,
        "rmse_median": 2.592765361918651
      },
      "after": {
        "picp": 0.939066852367688,
        "mpiw": 9.711101540813374,
        "mis": 11.005548058076213,
        "pinball": 0.5759772808511476,
        "rmse_median": 2.592765361918651
      }
    },
    "gap_imputation_2.0": {
      "before": {
        "picp": 0.9330315691736305,