{
  "model": "qlstm",
  "method": "aci_margin",
  "alpha": 0.1,
  "fit_on": [
    "clean"
  ],
  "params": {
    "gamma": 0.05,
    "m0": 0.0957925049708093
  },
  "settings": {
    "clean": {
      "before": {
        "picp": 0.9267641597028784,
        "mpiw": 7.958277904222903,
        "mis": 9.573381288930426,
        "pinball": 0.50772775644057,
        "rmse_median": 2.3842137592553656
      },
      "after": {
        "picp": 0.9292014856081708,
        "mpiw": 8.009047070728325,
        "mis": 9.586421273773842,
        "pinball": 0.5078208991894515,
        "rmse_median": 2.3842137592553656
      }
    },
    "clock_skew_1.0": {
      "before": {
        "picp": 0.8315923862581244,
        "mpiw": 7.886506634017992,
        "mis": 11.78510232199338,
        "pinball": 0.6298024239224737,
        "rmse_median": 2.8139357558872202
      },
      "after": {
        "picp": 0.8783658310120706,
        "mpiw": 8.783913370979107,
        "mis": 11.450238882220294,
        "pinball": 0.6274105422098087,
        "rmse_median": 2.8139357558872202
      }
    },
    "clock_skew_2.0": {
      "before": {
        "picp": 0.7255106778087279,
        "mpiw": 8.015343494634584,
        "mis": 17.61384984518194,
        "pinball": 0.8722094944216016,
        "rmse_median": 3.6637921385101904
      },
      "after": {
        "picp": 0.8269498607242339,
        "mpiw": 10.041464252022816,
        "mis": 15.366214306407151,
        "pinball": 0.8561549548589246,
        "rmse_median": 3.6637921385101904
      }
    },
    "clock_skew_4.0": {
      "before": {
        "picp": 0.5692896935933147,
        "mpiw": 7.968943945223723,
        "mis": 34.75861845721397,
        "pinball": 1.4062392806284494,
        "rmse_median": 5.1984153534125115
      },
      "after": {
        "picp": 0.7269034354688951,
        "mpiw": 11.934224405490323,
        "mis": 25.596596585667157,
        "pinball": 1.3407962672602576,
        "rmse_median": 5.1984153534125115
      }
    },
    "contextual_outlier_1.0": {
      "before": {
        "picp": 0.9268802228412256,
        "mpiw": 7.957181403249642,
        "mis": 9.56093500247654,
        "pinball": 0.5072872373962368,
        "rmse_median": 2.3811987712484326
      },
      "after": {
        "picp": 0.9292014856081708,
        "mpiw": 8.007377217851628,
        "mis": 9.573493370816717,
        "pinball": 0.5073769400272381,
        "rmse_median": 2.3811987712484326
      }
    },
    "contextual_outlier_2.0": {
      "before": {
        "picp": 0.9249071494893222,
        "mpiw": 7.956666782660626,
        "mis": 9.582121939535753,
        "pinball": 0.5086639034891636,
        "rmse_median": 2.3861040069644064
      },
      "after": {
        "picp": 0.9273444753946146,
        "mpiw": 8.008645327067626,
        "mis": 9.594889469972776,
        "pinball": 0.5087551001351424,
        "rmse_median": 2.3861040069644064
      }
    },
    "contextual_outlier_4.0": {
      "before": {
        "picp": 0.9211931290622098,
        "mpiw": 7.9598727960642295,
        "mis": 9.749259920838561,
        "pinball": 0.5156898376067172,
        "rmse_median": 2.4175152522574277
      },
      "after": {
        "picp": 0.9237465181058496,
        "mpiw": 8.016609929143467,
        "mis": 9.762641183768995,
        "pinball": 0.5157854180562202,
        "rmse_median": 2.4175152522574277
      }
    },
    "drift_1.0": {
      "before": {
        "picp": 0.723769730733519,
        "mpiw": 7.9466102609561995,
        "mis": 15.509292535773849,
        "pinball": 0.7885880519053549,
        "rmse_median": 3.3059915810541454
      },
      "after": {
        "picp": 0.8368152274837511,
        "mpiw": 9.769771408316576,
        "mis": 13.554923818564,
        "pinball": 0.7746282753538559,
        "rmse_median": 3.3059915810541454
      }
    },
    "drift_2.0": {
      "before": {
        "picp": 0.4914113277623027,
        "mpiw": 7.959102688349563,
        "mis": 34.11676516613688,
        "pinball": 1.4255528611662538,
        "rmse_median": 5.1171961667513575
      },
      "after": {
        "picp": 0.723769730733519,
        "mpiw": 12.349777763286543,
        "mis": 22.450223484864456,
        "pinball": 1.3422204205857364,
        "rmse_median": 5.1171961667513575
      }
    },
    "drift_4.0": {
      "before": {
        "picp": 0.2226090993500464,
        "mpiw": 8.20936578711239,
        "mis": 89.20040348740056,
        "pinball": 3.0241353162360247,
        "rmse_median": 9.087868169369507
      },
      "after": {
        "picp": 0.5410863509749304,
        "mpiw": 16.705356553785673,
        "mis": 49.45514894470573,
        "pinball": 2.7402406409310625,
        "rmse_median": 9.087868169369507
      }
    },
    "fgsm_1.0": {
      "before": {
        "picp": 0.44428969359331477,
        "mpiw": 8.254984234489667,
        "mis": 35.58863626547293,
        "pinball": 1.5109626699498426,
        "rmse_median": 5.5184595238472465
      },
      "after": {
        "picp": 0.7243500464252554,
        "mpiw": 12.783553924097028,
        "mis": 22.719464765896888,
        "pinball": 1.4190400163814425,
        "rmse_median": 5.5184595238472465
      }
    },
    "fgsm_2.0": {
      "before": {
        "picp": 0.29863045496750235,
        "mpiw": 8.708559868917039,
        "mis": 61.32002724878881,
        "pinball": 2.277264467437958,
        "rmse_median": 7.4802013039653055
      },
      "after": {
        "picp": 0.6282497678737233,
        "mpiw": 15.491702446175278,
        "mis": 34.63222946597102,
        "pinball": 2.086637340417831,
        "rmse_median": 7.4802013039653055
      }
    },
    "fgsm_4.0": {
      "before": {
        "picp": 0.2502321262766945,
        "mpiw": 9.626352119367342,
        "mis": 87.64793737930867,
        "pinball": 3.043963199185837,
        "rmse_median": 9.513827817122982
      },
      "after": {
        "picp": 0.5629062209842154,
        "mpiw": 17.62950398167665,
        "mis": 50.69915251451195,
        "pinball": 2.7800433072944317,
        "rmse_median": 9.513827817122982
      }
    },
    "flatline_1.0": {
      "before": {
        "picp": 0.6780408542246983,
        "mpiw": 7.908731903255426,
        "mis": 23.836641236449438,
        "pinball": 1.019573889439059,
        "rmse_median": 4.011121047966083
      },
      "after": {
        "picp": 0.7877205199628597,
        "mpiw": 10.750753310597236,
        "mis": 19.73103521256687,
        "pinball": 0.9902481321256119,
        "rmse_median": 4.011121047966083
      }
    },
    "flatline_2.0": {
      "before": {
        "picp": 0.662372330547818,
        "mpiw": 7.777774654048925,
        "mis": 22.445346796295983,
        "pinball": 0.9839362004010498,
        "rmse_median": 3.839123919389295
      },
      "after": {
        "picp": 0.7910863509749304,
        "mpiw": 10.568519366868912,
        "mis": 18.271102225970072,
        "pinball": 0.9541201677558647,
        "rmse_median": 3.839123919389295
      }
    },
    "flatline_4.0": {
      "before": {
        "picp": 0.6431058495821727,
        "mpiw": 7.380796621101747,
        "mis": 23.430941077792546,
        "pinball": 1.0226999223259094,
        "rmse_median": 4.109948481851731
      },
      "after": {
        "picp": 0.7915506035283194,
        "mpiw": 10.11279017329036,
        "mis": 19.047480142467446,
        "pinball": 0.9913894870735875,
        "rmse_median": 4.109948481851731
      }
    },
    "gap_imputation_1.0": {
      "before": {
        "picp": 0.9268802228412256,
        "mpiw": 7.948017004086878,
        "mis": 9.577295578505932,
        "pinball": 0.5088254642501929,
        "rmse_median": 2.3886028791834044
      },
      "after": {
        "picp": 0.9294336118848654,
        "mpiw": 7.999542674798263,
        "mis": 9.590774663158733,
        "pinball": 0.5089217434262844,
        "rmse_median": 2.3886028791834044
      }
    },
    "gap_imputation_2.0": {
      "before": {
        "picp": 0.9175951717734447,