{
  "model": "qrf",
  "method": "aci_margin",
  "alpha": 0.1,
  "fit_on": [
    "clean"
  ],
  "params": {
    "gamma": 0.05,
    "m0": 0.21153241816679086
  },
  "settings": {
    "clean": {
      "before": {
        "picp": 0.9163184772516249,
        "mpiw": 9.552883334225584,
        "mis": 11.540408787163111,
        "pinball": 0.6075446440592157,
        "rmse_median": 2.779588744997803
      },
      "after": {
        "picp": 0.924791086350975,
        "mpiw": 9.758164167904464,
        "mis": 11.556630877576694,
        "pinball": 0.6076605161335985,
        "rmse_median": 2.779588744997803
      }
    },
    "contextual_outlier_1.0": {
      "before": {
        "picp": 0.9149257195914577,
        "mpiw": 9.56236796950614,
        "mis": 11.565234081825382,
        "pinball": 0.608342360557866,
        "rmse_median": 2.779031629121241
      },
      "after": {
        "picp": 0.9236304549675023,
        "mpiw": 9.770155766973321,
        "mis": 11.580652362538958,
        "pinball": 0.6084524911343916,
        "rmse_median": 2.779031629121241
      }
    },
    "contextual_outlier_2.0": {
      "before": {
        "picp": 0.9173630454967502,
        "mpiw": 9.611742105028231,
        "mis": 11.601561324008738,
        "pinball": 0.6083851429463463,
        "rmse_median": 2.7764749071846078
      },
      "after": {
        "picp": 0.9245589600742804,
        "mpiw": 9.810644108623546,
        "mis": 11.619427189028611,
        "pinball": 0.6085127562679168,
        "rmse_median": 2.7764749071846078
      }
    },
    "contextual_outlier_4.0": {
      "before": {
        "picp": 0.9180594243268339,
        "mpiw": 9.707073807512616,
        "mis": 11.69967234744433,
        "pinball": 0.6107353419408905,
        "rmse_median": 2.782205994674017
      },
      "after": {
        "picp": 0.9251392757660167,
        "mpiw": 9.898733393719816,
        "mis": 11.717529943985763,
        "pinball": 0.6108628962019008,
        "rmse_median": 2.782205994674017
      }
    },
    "level_shift_1.0": {
      "before": {
        "picp": 0.8176648096564532,
        "mpiw": 9.751256669265004,
        "mis": 15.10783954885148,
        "pinball": 0.793036313402144,
        "rmse_median": 3.3777347189560922
      },
      "after": {
        "picp": 0.8686165273909007,
        "mpiw": 10.860621412748074,
        "mis": 14.480587302419593,
        "pinball": 0.7885559402133449,
        "rmse_median": 3.3777347189560922
      }
    },
    "level_shift_2.0": {
      "before": {
        "picp": 0.6379990714948932,
        "mpiw": 10.043579965830768,
        "mis": 26.85977163246677,
        "pinball": 1.2580317827952656,
        "rmse_median": 4.911240029033307
      },
      "after": {
        "picp": 0.7883008356545961,
        "mpiw": 13.1372877919508,
        "mis": 21.6059878915589,
        "pinball": 1.220504756074495,
        "rmse_median": 4.911240029033307
      }
    },
    "level_shift_4.0": {
      "before": {
        "picp": 0.390552460538533,
        "mpiw": 10.748860263999346,
        "mis": 64.06841355407589,
        "pinball": 2.424550165708088,
        "rmse_median": 8.21163693995998
      },
      "after": {
        "picp": 0.6456592386258124,
        "mpiw": 17.144378675077597,
        "mis": 41.56161146483155,
        "pinball": 2.263787293642057,
        "rmse_median": 8.21163693995998
      }
    },
    "point_spike_1.0": {
      "before": {
        "picp": 0.9158542246982359,
        "mpiw": 9.560686051492846,
        "mis": 11.547834682902783,
        "pinball": 0.6076404764554211,
        "rmse_median": 2.77733053692079
      },
      "after": {
        "picp": 0.9243268337975858,
        "mpiw": 9.767915997993454,
        "mis": 11.564989340674721,
        "pinball": 0.6077630097252207,
        "rmse_median": 2.77733053692079
      }
    },
    "point_spike_2.0": {
      "before": {
        "picp": 0.9157381615598886,
        "mpiw": 9.574711195980683,
        "mis": 11.590748718282196,
        "pinball": 0.6095256879851852,
        "rmse_median": 2.783427961580521
      },
      "after": {
        "picp": 0.9239786443825441,
        "mpiw": 9.780481068200883,
        "mis": 11.607802987231318,
        "pinball": 0.6096475041919647,
        "rmse_median": 2.783427961580521
      }
    },
    "point_spike_4.0": {
      "before": {
        "picp": 0.9179433611884865,
        "mpiw": 9.618411635188073,
        "mis": 11.612512047989014,
        "pinball": 0.6091845422268574,
        "rmse_median": 2.7784522722514198
      },
      "after": {
        "picp": 0.9256035283194057,
        "mpiw": 9.81679060675832,
        "mis": 11.631055206678026,
        "pinball": 0.6093169933603503,
        "rmse_median": 2.7784522722514198
      }
    }
  }
}