{
  "model": "qtransformer",
  "method": "aci_margin",
  "alpha": 0.1,
  "fit_on": [
    "clean"
  ],
  "params": {
    "gamma": 0.2,
    "m0": 0.2866666666666664
  },
  "settings": {
    "clean": {
      "before": {
        "picp": 0.9048282265552461,
        "mpiw": 7.486732339481373,
        "mis": 9.48621477978658,
        "pinball": 0.5110080486176924,
        "rmse_median": 2.430435930314456
      },
      "after": {
        "picp": 0.9162024141132776,
        "mpiw": 7.718245802805419,
        "mis": 9.510236669881866,
        "pinball": 0.5111796335469444,
        "rmse_median": 2.430435930314456
      }
    },
    "contextual_outlier_1.0": {
      "before": {
        "picp": 0.9041318477251625,
        "mpiw": 7.494835418722845,
        "mis": 9.48859764495551,
        "pinball": 0.5108354128250645,
        "rmse_median": 2.4312445432624323
      },
      "after": {
        "picp": 0.916782729805014,
        "mpiw": 7.717119541285519,
        "mis": 9.509261930093416,
        "pinball": 0.5109830148617638,
        "rmse_median": 2.4312445432624323
      }
    },
    "contextual_outlier_2.0": {
      "before": {
        "picp": 0.9028551532033426,
        "mpiw": 7.519390736874552,
        "mis": 9.533278862475989,
        "pinball": 0.5140593688123631,
        "rmse_median": 2.4428348211945976
      },
      "after": {
        "picp": 0.9156220984215413,
        "mpiw": 7.765379594813271,
        "mis": 9.556384083911448,
        "pinball": 0.5142244061083306,
        "rmse_median": 2.4428348211945976
      }
    },
    "contextual_outlier_4.0": {
      "before": {
        "picp": 0.8949628597957289,
        "mpiw": 7.639394723229318,
        "mis": 10.213721809895725,
        "pinball": 0.5385160643683254,
        "rmse_median": 2.55602516482187
      },
      "after": {
        "picp": 0.9088904363974002,
        "mpiw": 7.9746407770826115,
        "mis": 10.242604995717006,
        "pinball": 0.5387223728384775,
        "rmse_median": 2.55602516482187
      }
    },
    "fgsm_1.0": {
      "before": {
        "picp": 0.44962859795728877,
        "mpiw": 8.168773930745202,
        "mis": 35.12737902892163,
        "pinball": 1.4907979990154863,
        "rmse_median": 5.475822598906664
      },
      "after": {
        "picp": 0.8524837511606314,
        "mpiw": 15.146266966956913,
        "mis": 19.788502520980796,
        "pinball": 1.3812345953873375,
        "rmse_median": 5.475822598906664
      }
    },
    "fgsm_2.0": {
      "before": {
        "picp": 0.37058960074280406,
        "mpiw": 8.799568024625536,
        "mis": 57.424778079874315,
        "pinball": 2.1346619082629226,
        "rmse_median": 7.154523365296659
      },
      "after": {
        "picp": 0.814066852367688,
        "mpiw": 19.924600522304303,
        "mis": 27.20841787685972,
        "pinball": 1.9188307639556752,
        "rmse_median": 7.154523365296659
      }
    },
    "fgsm_4.0": {
      "before": {
        "picp": 0.3097725162488394,
        "mpiw": 9.40516746551645,
        "mis": 99.09648032519054,
        "pinball": 3.283980151273235,
        "rmse_median": 10.317281276081209
      },
      "after": {
        "picp": 0.741991643454039,
        "mpiw": 26.886653073687338,
        "mis": 44.65858505659413,
        "pinball": 2.895138042211832,
        "rmse_median": 10.317281276081209
      }
    },
    "level_shift_1.0": {
      "before": {
        "picp": 0.7226090993500465,
        "mpiw": 7.587511634860936,
        "mis": 15.671334648346551,
        "pinball": 0.7659457421171442,
        "rmse_median": 3.153982436357645
      },
      "after": {
        "picp": 0.8835886722376973,
        "mpiw": 10.629071523440318,
        "mis": 12.906633348757321,
        "pinball": 0.746197875691507,
        "rmse_median": 3.153982436357645
      }
    },
    "level_shift_2.0": {
      "before": {
        "picp": 0.5217038068709378,
        "mpiw": 7.85610488749348,
        "mis": 33.03899725922048,
        "pinball": 1.3525995229753722,
        "rmse_median": 4.864999736263168
      },
      "after": {
        "picp": 0.848769730733519,
        "mpiw": 14.924823550446135,
        "mis": 19.425174673898375,
        "pinball": 1.2553579330802143,
        "rmse_median": 4.864999736263168
      }
    },
    "level_shift_4.0": {
      "before": {
        "picp": 0.30176415970287834,
        "mpiw": 8.568466747154282,
        "mis": 80.23666700228378,
        "pinball": 2.7559937244497292,
        "rmse_median": 8.645996650145982
      },
      "after": {
        "picp": 0.7754178272980501,
        "mpiw": 23.22720398020908,
        "mis": 35.43536911384027,
        "pinball": 2.4359844538179902,
        "rmse_median": 8.645996650145982
      }
    },
    "point_spike_1.0": {
      "before": {
        "picp": 0.9035515320334262,
        "mpiw": 7.488598011445815,
        "mis": 9.516076169729974,
        "pinball": 0.5119078625253286,
        "rmse_median": 2.4337869907009786
      },
      "after": {
        "picp": 0.9158542246982359,
        "mpiw": 7.716341744036344,
        "mis": 9.53987254434703,
        "pinball": 0.5120778366297362,
        "rmse_median": 2.4337869907009786
      }
    },
    "point_spike_2.0": {
      "before": {
        "picp": 0.9021587743732591,
        "mpiw": 7.504786883164997,
        "mis": 9.562451323234242,
        "pinball": 0.5145040206716874,
        "rmse_median": 2.4456707761202185
      },
      "after": {
        "picp": 0.9157381615598886,
        "mpiw": 7.743756242496473,
        "mis": 9.584053584962877,
        "pinball": 0.5146583225411777,
        "rmse_median": 2.4456707761202185
      }
    },
    "point_spike_4.0": {
      "before": {
        "picp": 0.8974001857010213,
        "mpiw": 7.594215620074975,
        "mis": 10.044009781993624,
        "pinball": 0.5327570405409783,
        "rmse_median": 2.5270697941577738
      },
      "after": {
        "picp": 0.9116759517177344,
        "mpiw": 7.884707727781566,
        "mis": 10.068567794107178,
        "pinball": 0.532932454913218,
        "rmse_median": 2.5270697941577738
      }
    }
  }
}