{
  "model": "qtransformer",
  "method": "aci_margin",
  "alpha": 0.1,
  "fit_on": [
    "clean"
  ],
  "params": {
    "gamma": 0.2,
    "m0": 0.2866666666666664
  },
  "settings": {
    "clean": {
      "before": {
        "picp": 0.9048282265552461,
        "mpiw": 7.486732339481373,
        "mis": 9.48621477978658,
        "pinball": 0.5110080486176924,
        "rmse_median": 2.430435930314456
      },
      "after": {
        "picp": 0.9162024141132776,
        "mpiw": 7.718245802805419,
        "mis": 9.510236669881866,
        "pinball": 0.5111796335469444,
        "rmse_median": 2.430435930314456
      }
    },
    "clock_skew_1.0": {
      "before": {
        "picp": 0.8003714020427113,
        "mpiw": 7.4998238545265945,
        "mis": 12.52791587131813,
        "pinball": 0.6377007679429921,
        "rmse_median": 2.8123687006016853
      },
      "after": {
        "picp": 0.8949628597957289,
        "mpiw": 9.314039267711363,
        "mis": 11.663744760289903,
        "pinball": 0.6315281171499333,
        "rmse_median": 2.8123687006016853
      }
    },
    "clock_skew_2.0": {
      "before": {
        "picp": 0.6954503249767874,
        "mpiw": 7.622361792831592,
        "mis": 19.439482727230168,
        "pinball": 0.8840334879457085,
        "rmse_median": 3.5950634185873795
      },
      "after": {
        "picp": 0.8759285051067781,
        "mpiw": 11.785787976675593,
        "mis": 15.171339542937737,
        "pinball": 0.8535467509150483,
        "rmse_median": 3.5950634185873795
      }
    },
    "clock_skew_4.0": {
      "before": {
        "picp": 0.5567548746518106,
        "mpiw": 7.6748018636261515,
        "mis": 36.541924083432185,
        "pinball": 1.4047835643869477,
        "rmse_median": 5.1250120892802515
      },
      "after": {
        "picp": 0.8368152274837511,
        "mpiw": 15.497095271239907,
        "mis": 22.27387528950158,
        "pinball": 1.3028689301445866,
        "rmse_median": 5.1250120892802515
      }
    },
    "contextual_outlier_1.0": {
      "before": {
        "picp": 0.9041318477251625,
        "mpiw": 7.494835418722845,
        "mis": 9.48859764495551,
        "pinball": 0.5108354128250645,
        "rmse_median": 2.4312445432624323
      },
      "after": {
        "picp": 0.916782729805014,
        "mpiw": 7.717119541285519,
        "mis": 9.509261930093416,
        "pinball": 0.5109830148617638,
        "rmse_median": 2.4312445432624323
      }
    },
    "contextual_outlier_2.0": {
      "before": {
        "picp": 0.9028551532033426,
        "mpiw": 7.519390736874552,
        "mis": 9.533278862475989,
        "pinball": 0.5140593688123631,
        "rmse_median": 2.4428348211945976
      },
      "after": {
        "picp": 0.9156220984215413,
        "mpiw": 7.765379594813271,
        "mis": 9.556384083911448,
        "pinball": 0.5142244061083306,
        "rmse_median": 2.4428348211945976
      }
    },
    "contextual_outlier_4.0": {
      "before": {
        "picp": 0.8949628597957289,
        "mpiw": 7.639394723229318,
        "mis": 10.213721809895725,
        "pinball": 0.5385160643683254,
        "rmse_median": 2.55602516482187
      },
      "after": {
        "picp": 0.9088904363974002,
        "mpiw": 7.9746407770826115,
        "mis": 10.242604995717006,
        "pinball": 0.5387223728384775,
        "rmse_median": 2.55602516482187
      }
    },
    "drift_1.0": {
      "before": {
        "picp": 0.7058960074280408,
        "mpiw": 7.541105231605287,
        "mis": 16.193474001429927,
        "pinball": 0.7922337634642231,
        "rmse_median": 3.281283967129143
      },
      "after": {
        "picp": 0.885213556174559,
        "mpiw": 10.687354070973894,
        "mis": 13.069785205898652,
        "pinball": 0.7699217006389999,
        "rmse_median": 3.281283967129143
      }
    },
    "drift_2.0": {
      "before": {
        "picp": 0.49419684308263695,
        "mpiw": 7.763959094396725,
        "mis": 33.60622374996942,
        "pinball": 1.3821601851905425,
        "rmse_median": 4.943593025803568
      },
      "after": {
        "picp": 0.8523676880222841,
        "mpiw": 14.831424275455234,
        "mis": 19.110240382178503,
        "pinball": 1.2786174468491787,
        "rmse_median": 4.943593025803568
      }
    },
    "drift_4.0": {
      "before": {
        "picp": 0.2720519962859796,
        "mpiw": 8.613078684538811,
        "mis": 77.76351071999721,
        "pinball": 2.7262520010829228,
        "rmse_median": 8.47151536030615
      },
      "after": {
        "picp": 0.7857474466109564,
        "mpiw": 22.50542780245897,
        "mis": 33.57890916830241,
        "pinball": 2.4106477042851027,
        "rmse_median": 8.47151536030615
      }
    },
    "fgsm_1.0": {
      "before": {
        "picp": 0.44962859795728877,
        "mpiw": 8.168773930745202,
        "mis": 35.12737902892163,
        "pinball": 1.4907979990154863,
        "rmse_median": 5.475822598906664
      },
      "after": {
        "picp": 0.8524837511606314,
        "mpiw": 15.146266966956913,
        "mis": 19.788502520980796,
        "pinball": 1.3812345953873375,
        "rmse_median": 5.475822598906664
      }
    },
    "fgsm_2.0": {
      "before": {
        "picp": 0.37058960074280406,
        "mpiw": 8.799568024625536,
        "mis": 57.424778079874315,
        "pinball": 2.1346619082629226,
        "rmse_median": 7.154523365296659
      },
      "after": {
        "picp": 0.814066852367688,
        "mpiw": 19.924600522304303,
        "mis": 27.20841787685972,
        "pinball": 1.9188307639556752,
        "rmse_median": 7.154523365296659
      }
    },
    "fgsm_4.0": {
      "before": {
        "picp": 0.3097725162488394,
        "mpiw": 9.40516746551645,
        "mis": 99.09648032519054,
        "pinball": 3.283980151273235,
        "rmse_median": 10.317281276081209
      },
      "after": {
        "picp": 0.741991643454039,
        "mpiw": 26.886653073687338,
        "mis": 44.65858505659413,
        "pinball": 2.895138042211832,
        "rmse_median": 10.317281276081209
      }
    },
    "flatline_1.0": {
      "before": {
        "picp": 0.6646935933147632,
        "mpiw": 7.894759368632623,
        "mis": 25.278451851934115,
        "pinball": 1.0512486336367757,
        "rmse_median": 4.041702640193585
      },
      "after": {
        "picp": 0.8606081708449397,
        "mpiw": 13.537294187574108,
        "mis": 18.677809837705933,
        "pinball": 1.004101190678003,
        "rmse_median": 4.041702640193585
      }
    },
    "flatline_2.0": {
      "before": {
        "picp": 0.6471680594243269,
        "mpiw": 7.648051784682649,
        "mis": 23.75712775641287,
        "pinball": 1.0113721339582387,
        "rmse_median": 3.849551549714123
      },
      "after": {
        "picp": 0.8623491179201486,
        "mpiw": 12.974662741042899,
        "mis": 17.318543664608544,
        "pinball": 0.9653822475882078,
        "rmse_median": 3.849551549714123
      }
    },
    "flatline_4.0": {
      "before": {
        "picp": 0.5892525533890436,
        "mpiw": 6.896331957741235,
        "mis": 26.422522513408484,
        "pinball": 1.0874002864748744,
        "rmse_median": 4.240591204223851
      },
      "after": {
        "picp": 0.85677808727948,
        "mpiw": 12.275774854677161,
        "mis": 18.66194703186126,
        "pinball": 1.0319676044638229,
        "rmse_median": 4.240591204223851
      }
    },
    "gap_imputation_1.0": {
      "before": {
        "picp": 0.9029712163416899,
        "mpiw": 7.47689214333979,
        "mis": 9.487117624273552,
        "pinball": 0.511371153638516,
        "rmse_median": 2.4293654079530573
      },
      "after": {
        "picp": 0.9148096564531105,
        "mpiw": 7.711738939997172,
        "mis": 9.511706376166297,
        "pinball": 0.5115467875806072,
        "rmse_median": 2.4293654079530573
      }
    },
    "gap_imputation_2.0": {
      "before": {
        "picp": 0.8950789229340761,