{
  "model": "qtransformer_multi",
  "method": "aci_margin",
  "alpha": 0.1,
  "fit_on": [
    "clean"
  ],
  "params": {
    "gamma": 0.5,
    "m0": 0.24264201628428833
  },
  "settings": {
    "clean": {
      "before": {
        "picp": 0.8986768802228412,
        "mpiw": 6.49100251094512,
        "mis": 8.605050339566715,
        "pinball": 0.46686468286658295,
        "rmse_median": 2.2052987426703727
      },
      "after": {
        "picp": 0.9148096564531105,
        "mpiw": 6.909024899604576,
        "mis": 8.645222669890924,
        "pinball": 0.46715162808318444,
        "rmse_median": 2.2052987426703727
      }
    },
    "contextual_outlier_1.0": {
      "before": {
        "picp": 0.8994893221912721,
        "mpiw": 6.490364294843892,
        "mis": 8.60185402695461,
        "pinball": 0.4667948536589378,
        "rmse_median": 2.205132686520122
      },
      "after": {
        "picp": 0.9151578458681523,
        "mpiw": 6.903767370597127,
        "mis": 8.642137837797252,
        "pinball": 0.4670825951649567,
        "rmse_median": 2.205132686520122
      }
    },
    "contextual_outlier_2.0": {
      "before": {
        "picp": 0.9000696378830083,
        "mpiw": 6.489117003933148,
        "mis": 8.600866083066927,
        "pinball": 0.4668514050962394,
        "rmse_median": 2.204753028792516
      },
      "after": {
        "picp": 0.9156220984215413,
        "mpiw": 6.905491296028073,
        "mis": 8.639647672175842,
        "pinball": 0.46712841644701736,
        "rmse_median": 2.204753028792516
      }
    },
    "contextual_outlier_4.0": {
      "before": {
        "picp": 0.9003017641597029,
        "mpiw": 6.48770748011995,
        "mis": 8.640712126644322,
        "pinball": 0.4675175703024173,
        "rmse_median": 2.206514332711958
      },
      "after": {
        "picp": 0.9159702878365831,
        "mpiw": 6.905753081407076,
        "mis": 8.680015244063167,
        "pinball": 0.46779830685540913,
        "rmse_median": 2.206514332711958
      }
    },
    "fgsm_1.0": {
      "before": {
        "picp": 0.49396471680594245,
        "mpiw": 6.503648022213402,
        "mis": 22.35297638412007,
        "pinball": 1.0389658968837336,
        "rmse_median": 3.947328736524157
      },
      "after": {
        "picp": 0.888347260909935,
        "mpiw": 11.152186465181263,
        "mis": 14.117986968325104,
        "pinball": 0.9801445439137696,
        "rmse_median": 3.947328736524157
      }
    },
    "fgsm_2.0": {
      "before": {
        "picp": 0.3059424326833798,
        "mpiw": 6.5626108563356915,
        "mis": 41.01444140152956,
        "pinball": 1.5864083073093338,
        "rmse_median": 5.202499815547417
      },
      "after": {
        "picp": 0.8779015784586816,
        "mpiw": 14.755021165598816,
        "mis": 18.157357115332314,
        "pinball": 1.4231434195507817,
        "rmse_median": 5.202499815547417
      }
    },
    "fgsm_4.0": {
      "before": {
        "picp": 0.1888347260909935,
        "mpiw": 6.813202389462789,
        "mis": 79.46728744507641,
        "pinball": 2.618511602584275,
        "rmse_median": 7.568495830871667
      },
      "after": {
        "picp": 0.8582869080779945,
        "mpiw": 21.373068594733315,
        "mis": 26.415202885835246,
        "pinball": 2.239568141446839,
        "rmse_median": 7.568495830871667
      }
    },
    "level_shift_1.0": {
      "before": {
        "picp": 0.7761142061281338,
        "mpiw": 6.487142055141214,
        "mis": 11.153912365425041,
        "pinball": 0.5801308949761131,
        "rmse_median": 2.4865480360444185
      },
      "after": {
        "picp": 0.8971680594243269,
        "mpiw": 8.296892197273385,
        "mis": 10.131064626903372,
        "pinball": 0.5728248397009583,
        "rmse_median": 2.4865480360444185
      }
    },
    "level_shift_2.0": {
      "before": {
        "picp": 0.6086350974930362,
        "mpiw": 6.506217204616189,
        "mis": 19.8358900026837,
        "pinball": 0.8747004179293798,
        "rmse_median": 3.300207776565128
      },
      "after": {
        "picp": 0.8904363974001857,
        "mpiw": 11.070261682867221,
        "mis": 13.404132016350458,
        "pinball": 0.828759289455571,
        "rmse_median": 3.300207776565128
      }
    },
    "level_shift_4.0": {
      "before": {
        "picp": 0.36803621169916434,
        "mpiw": 6.651420064082923,
        "mis": 48.815377204262006,
        "pinball": 1.7440851932477286,
        "rmse_median": 5.610062060598982
      },
      "after": {
        "picp": 0.8720984215413184,
        "mpiw": 17.501328052083252,
        "mis": 21.81183101009251,
        "pinball": 1.5512027204322325,
        "rmse_median": 5.610062060598982
      }
    },
    "point_spike_1.0": {
      "before": {
        "picp": 0.8987929433611885,
        "mpiw": 6.4915782419236585,
        "mis": 8.615161430513698,
        "pinball": 0.4673930736448645,
        "rmse_median": 2.2067094002702
      },
      "after": {
        "picp": 0.9142293407613742,
        "mpiw": 6.915635913777172,
        "mis": 8.6554065071262,
        "pinball": 0.46768053847781094,
        "rmse_median": 2.2067094002702
      }
    },
    "point_spike_2.0": {
      "before": {
        "picp": 0.8979805013927576,
        "mpiw": 6.492854804215968,
        "mis": 8.6439274166201,
        "pinball": 0.46875083609298324,
        "rmse_median": 2.2117918724407613
      },
      "after": {
        "picp": 0.914113277623027,
        "mpiw": 6.919164100953418,
        "mis": 8.68327623025901,
        "pinball": 0.4690318990475469,
        "rmse_median": 2.2117918724407613
      }
    },
    "point_spike_4.0": {
      "before": {
        "picp": 0.8971680594243269,
        "mpiw": 6.493973468875096,
        "mis": 8.729455871458516,
        "pinball": 0.472006230047803,
        "rmse_median": 2.2254465131083228
      },
      "after": {
        "picp": 0.9135329619312906,
        "mpiw": 6.941545532557765,
        "mis": 8.76659235398246,
        "pinball": 0.4722714906372598,
        "rmse_median": 2.2254465131083228
      }
    }
  }
}