{
  "model": "qtransformer_multi",
  "method": "aci_margin",
  "alpha": 0.1,
  "fit_on": [
    "clean"
  ],
  "params": {
    "gamma": 0.5,
    "m0": 0.7583333333333322
  },
  "settings": {
    "clean": {
      "before": {
        "picp": 0.8405292479108635,
        "mpiw": 5.857669942613792,
        "mis": 9.336848244892321,
        "pinball": 0.4928191104329348,
        "rmse_median": 2.2753392899579286
      },
      "after": {
        "picp": 0.9041318477251625,
        "mpiw": 6.962637444935051,
        "mis": 9.05912651896449,
        "pinball": 0.4908353838191646,
        "rmse_median": 2.2753392899579286
      }
    },
    "clock_skew_1.0": {
      "before": {
        "picp": 0.7466341689879294,
        "mpiw": 5.888613228839361,
        "mis": 12.115426847219318,
        "pinball": 0.5958915719741793,
        "rmse_median": 2.5505036931131433
      },
      "after": {
        "picp": 0.8986768802228412,
        "mpiw": 8.374592801726996,
        "mis": 10.492896612273075,
        "pinball": 0.5843020702959919,
        "rmse_median": 2.5505036931131433
      }
    },
    "clock_skew_2.0": {
      "before": {
        "picp": 0.637883008356546,
        "mpiw": 5.842919490743499,
        "mis": 19.573087048624302,
        "pinball": 0.8216744828807849,
        "rmse_median": 3.184633995394931
      },
      "after": {
        "picp": 0.8935701021355618,
        "mpiw": 11.040830354253265,
        "mis": 13.808807105063925,
        "pinball": 0.7805010547124965,
        "rmse_median": 3.184633995394931
      }
    },
    "clock_skew_4.0": {
      "before": {
        "picp": 0.5009285051067781,
        "mpiw": 5.626536099949961,
        "mis": 33.83606122759058,
        "pinball": 1.228343478827376,
        "rmse_median": 4.2805072213936555
      },
      "after": {
        "picp": 0.8758124419684308,
        "mpiw": 14.339070918891471,
        "mis": 18.694626741102798,
        "pinball": 1.1201903753524631,
        "rmse_median": 4.2805072213936555
      }
    },
    "contextual_outlier_1.0": {
      "before": {
        "picp": 0.841225626740947,
        "mpiw": 5.8572181390463625,
        "mis": 9.266356458180319,
        "pinball": 0.4916241898462367,
        "rmse_median": 2.2673973953283677
      },
      "after": {
        "picp": 0.9041318477251625,
        "mpiw": 6.923559828925654,
        "mis": 8.98743427919412,
        "pinball": 0.48963188856776385,
        "rmse_median": 2.2673973953283677
      }
    },
    "contextual_outlier_2.0": {
      "before": {
        "picp": 0.8399489322191273,
        "mpiw": 5.85490204084039,
        "mis": 9.38757180240193,
        "pinball": 0.4947425489171448,
        "rmse_median": 2.2781112068402387
      },
      "after": {
        "picp": 0.903899721448468,
        "mpiw": 6.978161093765177,
        "mis": 9.100460815132518,
        "pinball": 0.4926917561509349,
        "rmse_median": 2.2781112068402387
      }
    },
    "contextual_outlier_4.0": {
      "before": {
        "picp": 0.8289229340761374,
        "mpiw": 5.875237024799904,
        "mis": 10.005691861670398,
        "pinball": 0.5198409468166011,
        "rmse_median": 2.393025553869286
      },
      "after": {
        "picp": 0.9008820798514392,
        "mpiw": 7.104438510408072,
        "mis": 9.665250073006685,
        "pinball": 0.5174092197547175,
        "rmse_median": 2.393025553869286
      }
    },
    "drift_1.0": {
      "before": {
        "picp": 0.5842618384401114,
        "mpiw": 5.867681165083122,
        "mis": 17.90237760890129,
        "pinball": 0.8067068283710553,
        "rmse_median": 3.1052895905127573
      },
      "after": {
        "picp": 0.8957753017641596,
        "mpiw": 9.895327404637444,
        "mis": 11.996423660218149,
        "pinball": 0.7645214430233188,
        "rmse_median": 3.1052895905127573
      }
    },
    "drift_2.0": {
      "before": {
        "picp": 0.38057103064066855,
        "mpiw": 5.930244012015863,
        "mis": 39.521080729690375,
        "pinball": 1.4432631755330836,
        "rmse_median": 4.729675907043296
      },
      "after": {
        "picp": 0.8862581244196843,
        "mpiw": 14.515109378775383,
        "mis": 17.20122629354712,
        "pinball": 1.2838356438463463,
        "rmse_median": 4.729675907043296
      }
    },
    "drift_4.0": {
      "before": {
        "picp": 0.1882544103992572,
        "mpiw": 6.206732919054284,
        "mis": 92.36213571551227,
        "pinball": 2.885269302770267,
        "rmse_median": 8.215214816200389
      },
      "after": {
        "picp": 0.8588672237697307,
        "mpiw": 23.614021684142415,
        "mis": 29.08482966592777,
        "pinball": 2.433288545273235,
        "rmse_median": 8.215214816200389
      }
    },
    "fgsm_1.0": {
      "before": {
        "picp": 0.3412256267409471,
        "mpiw": 5.83777796929569,
        "mis": 33.490651571400214,
        "pinball": 1.3161760096063448,
        "rmse_median": 4.46372471223288
      },
      "after": {
        "picp": 0.8885793871866295,
        "mpiw": 12.73218372602738,
        "mis": 15.7814390604568,
        "pinball": 1.1896816345281775,
        "rmse_median": 4.46372471223288
      }
    },
    "fgsm_2.0": {
      "before": {
        "picp": 0.2292246982358403,
        "mpiw": 5.851248316012904,
        "mis": 59.80353326113434,
        "pinball": 2.0141054056109633,
        "rmse_median": 6.026460975085918
      },
      "after": {
        "picp": 0.8784818941504178,
        "mpiw": 17.145375521212546,
        "mis": 20.73467516025251,
        "pinball": 1.7350421334618074,
        "rmse_median": 6.026460975085918
      }
    },
    "fgsm_4.0": {
      "before": {
        "picp": 0.16434540389972144,
        "mpiw": 6.0842844855889835,
        "mis": 104.6469880400888,
        "pinball": 3.198658797727741,
        "rmse_median": 8.82262228907024
      },
      "after": {
        "picp": 0.8556174558960075,
        "mpiw": 25.08848597119708,
        "mis": 30.6889925655001,
        "pinball": 2.6703874014806783,
        "rmse_median": 8.82262228907024
      }
    },
    "flatline_1.0": {
      "before": {
        "picp": 0.552460538532962,
        "mpiw": 6.03072206818569,
        "mis": 28.536571255213172,
        "pinball": 1.1053951104855817,
        "rmse_median": 4.036080314937436
      },
      "after": {
        "picp": 0.8866063138347261,
        "mpiw": 13.504515011546884,
        "mis": 17.054559269921192,
        "pinball": 1.0233807391620677,
        "rmse_median": 4.036080314937436
      }
    },
    "flatline_2.0": {
      "before": {
        "picp": 0.5587279480037141,
        "mpiw": 5.9509888415258985,
        "mis": 25.46133779888095,
        "pinball": 1.0111520433733312,
        "rmse_median": 3.7156195771900773
      },
      "after": {
        "picp": 0.8864902506963789,
        "mpiw": 12.541541302064463,
        "mis": 15.850125260827934,
        "pinball": 0.9425005252443811,
        "rmse_median": 3.7156195771900773
      }
    },
    "flatline_4.0": {
      "before": {
        "picp": 0.5518802228412256,
        "mpiw": 5.643398740470274,
        "mis": 25.948959907347227,
        "pinball": 1.008482664094749,
        "rmse_median": 3.8090006864790196
      },
      "after": {
        "picp": 0.8837047353760445,
        "mpiw": 11.93508861976465,
        "mis": 16.618523888748218,
        "pinball": 0.9418366925333278,
        "rmse_median": 3.8090006864790196
      }
    },
    "gap_imputation_1.0": {
      "before": {
        "picp": 0.8420380687093779,
        "mpiw": 5.856277818065911,
        "mis": 9.305441649527836,
        "pinball": 0.49127942382933615,
        "rmse_median": 2.2675575663554066
      },
      "after": {
        "picp": 0.9041318477251625,
        "mpiw": 6.9406789322720375,
        "mis": 9.02088486306032,
        "pinball": 0.4892468753545682,
        "rmse_median": 2.2675575663554066
      }
    },
    "gap_imputation_2.0": {
      "before": {
        "picp": 0.8378597957288765,