{
  "model": "qtransformer_multi",
  "method": "aci_margin",
  "alpha": 0.1,
  "fit_on": [
    "clean"
  ],
  "params": {
    "gamma": 0.5,
    "m0": 0.24264201628428833
  },
  "settings": {
    "clean": {
      "before": {
        "picp": 0.8986768802228412,
        "mpiw": 6.49100251094512,
        "mis": 8.605050339566715,
        "pinball": 0.46686468286658295,
        "rmse_median": 2.2052987426703727
      },
      "after": {
        "picp": 0.9148096564531105,
        "mpiw": 6.909024899604576,
        "mis": 8.645222669890924,
        "pinball": 0.46715162808318444,
        "rmse_median": 2.2052987426703727
      }
    },
    "clock_skew_1.0": {
      "before": {
        "picp": 0.841225626740947,
        "mpiw": 6.4484959904310735,
        "mis": 9.710569210780841,
        "pinball": 0.5155676977212573,
        "rmse_median": 2.363191499495479
      },
      "after": {
        "picp": 0.8998375116063139,
        "mpiw": 7.530683786379963,
        "mis": 9.486443377988547,
        "pinball": 0.5139667989155982,
        "rmse_median": 2.363191499495479
      }
    },
    "clock_skew_2.0": {
      "before": {
        "picp": 0.7631151346332404,
        "mpiw": 6.396282823663878,
        "mis": 12.869125954459518,
        "pinball": 0.6246839508025879,
        "rmse_median": 2.674942320878047
      },
      "after": {
        "picp": 0.8964716805942433,
        "mpiw": 8.933516716956678,
        "mis": 11.242596419880082,
        "pinball": 0.6130658826984491,
        "rmse_median": 2.674942320878047
      }
    },
    "clock_skew_4.0": {
      "before": {
        "picp": 0.6642293407613742,
        "mpiw": 6.243796791177663,
        "mis": 19.971063618687026,
        "pinball": 0.8417524257463261,
        "rmse_median": 3.2766778148204727
      },
      "after": {
        "picp": 0.88347260909935,
        "mpiw": 11.272674138509494,
        "mis": 14.643761322195216,
        "pinball": 0.8037002664856706,
        "rmse_median": 3.2766778148204727
      }
    },
    "contextual_outlier_1.0": {
      "before": {
        "picp": 0.8994893221912721,
        "mpiw": 6.490364294843892,
        "mis": 8.60185402695461,
        "pinball": 0.4667948536589378,
        "rmse_median": 2.205132686520122
      },
      "after": {
        "picp": 0.9151578458681523,
        "mpiw": 6.903767370597127,
        "mis": 8.642137837797252,
        "pinball": 0.4670825951649567,
        "rmse_median": 2.205132686520122
      }
    },
    "contextual_outlier_2.0": {
      "before": {
        "picp": 0.9000696378830083,
        "mpiw": 6.489117003933148,
        "mis": 8.600866083066927,
        "pinball": 0.4668514050962394,
        "rmse_median": 2.204753028792516
      },
      "after": {
        "picp": 0.9156220984215413,
        "mpiw": 6.905491296028073,
        "mis": 8.639647672175842,
        "pinball": 0.46712841644701736,
        "rmse_median": 2.204753028792516
      }
    },
    "contextual_outlier_4.0": {
      "before": {
        "picp": 0.9003017641597029,
        "mpiw": 6.48770748011995,
        "mis": 8.640712126644322,
        "pinball": 0.4675175703024173,
        "rmse_median": 2.206514332711958
      },
      "after": {
        "picp": 0.9159702878365831,
        "mpiw": 6.905753081407076,
        "mis": 8.680015244063167,
        "pinball": 0.46779830685540913,
        "rmse_median": 2.206514332711958
      }
    },
    "drift_1.0": {
      "before": {
        "picp": 0.7464020427112349,
        "mpiw": 6.496647944866894,
        "mis": 11.926266341083158,
        "pinball": 0.6146784480867665,
        "rmse_median": 2.6156150681504533
      },
      "after": {
        "picp": 0.8962395543175488,
        "mpiw": 8.532605143637875,
        "mis": 10.450528740622426,
        "pinball": 0.6041374652263328,
        "rmse_median": 2.6156150681504533
      }
    },
    "drift_2.0": {
      "before": {
        "picp": 0.5558263695450325,
        "mpiw": 6.530661219143237,
        "mis": 21.994533997839824,
        "pinball": 0.9565647881406443,
        "rmse_median": 3.5430866213699015
      },
      "after": {
        "picp": 0.8884633240482822,
        "mpiw": 11.512068742891037,
        "mis": 13.699492178229654,
        "pinball": 0.8973144894291432,
        "rmse_median": 3.5430866213699015
      }
    },
    "drift_4.0": {
      "before": {
        "picp": 0.30779944289693595,
        "mpiw": 6.709061052379753,
        "mis": 55.01315243938459,
        "pinball": 1.9368345061549486,
        "rmse_median": 6.024711666650385
      },
      "after": {
        "picp": 0.8709377901578459,
        "mpiw": 18.093671918745933,
        "mis": 21.971078179736004,
        "pinball": 1.7008196900146015,
        "rmse_median": 6.024711666650385
      }
    },
    "fgsm_1.0": {
      "before": {
        "picp": 0.49396471680594245,
        "mpiw": 6.503648022213402,
        "mis": 22.35297638412007,
        "pinball": 1.0389658968837336,
        "rmse_median": 3.947328736524157
      },
      "after": {
        "picp": 0.888347260909935,
        "mpiw": 11.152186465181263,
        "mis": 14.117986968325104,
        "pinball": 0.9801445439137696,
        "rmse_median": 3.947328736524157
      }
    },
    "fgsm_2.0": {
      "before": {
        "picp": 0.3059424326833798,
        "mpiw": 6.5626108563356915,
        "mis": 41.01444140152956,
        "pinball": 1.5864083073093338,
        "rmse_median": 5.202499815547417
      },
      "after": {
        "picp": 0.8779015784586816,
        "mpiw": 14.755021165598816,
        "mis": 18.157357115332314,
        "pinball": 1.4231434195507817,
        "rmse_median": 5.202499815547417
      }
    },
    "fgsm_4.0": {
      "before": {
        "picp": 0.1888347260909935,
        "mpiw": 6.813202389462789,
        "mis": 79.46728744507641,
        "pinball": 2.618511602584275,
        "rmse_median": 7.568495830871667
      },
      "after": {
        "picp": 0.8582869080779945,
        "mpiw": 21.373068594733315,
        "mis": 26.415202885835246,
        "pinball": 2.239568141446839,
        "rmse_median": 7.568495830871667
      }
    },
    "flatline_1.0": {
      "before": {
        "picp": 0.6988161559888579,
        "mpiw": 6.451788571304592,
        "mis": 17.146382589532042,
        "pinball": 0.7647036696412718,
        "rmse_median": 3.0669158775948695
      },
      "after": {
        "picp": 0.8903203342618384,
        "mpiw": 10.652555426528702,
        "mis": 13.43408927967945,
        "pinball": 0.7381872888566104,
        "rmse_median": 3.0669158775948695
      }
    },
    "flatline_2.0": {
      "before": {
        "picp": 0.6980037140204272,
        "mpiw": 6.401009475165303,
        "mis": 16.20468409622641,
        "pinball": 0.7433709932881101,
        "rmse_median": 2.995939781819276
      },
      "after": {
        "picp": 0.890552460538533,
        "mpiw": 10.076474566229706,
        "mis": 12.887162649935645,
        "pinball": 0.7196744115288903,
        "rmse_median": 2.995939781819276
      }
    },
    "flatline_4.0": {
      "before": {
        "picp": 0.6666666666666666,
        "mpiw": 6.327690733721401,
        "mis": 18.3919782673124,
        "pinball": 0.8060794347214392,
        "rmse_median": 3.310003283486944
      },
      "after": {
        "picp": 0.8854456824512534,
        "mpiw": 10.400091757933454,
        "mis": 14.351567071745933,
        "pinball": 0.7772193547531073,
        "rmse_median": 3.310003283486944
      }
    },
    "gap_imputation_1.0": {
      "before": {
        "picp": 0.8997214484679665,
        "mpiw": 6.489196589833121,
        "mis": 8.585196803827175,
        "pinball": 0.46513881584793537,
        "rmse_median": 2.1956217952939014
      },
      "after": {
        "picp": 0.9155060352831941,
        "mpiw": 6.903574595948474,
        "mis": 8.625577790042602,
        "pinball": 0.4654272514637599,
        "rmse_median": 2.1956217952939014
      }
    },
    "gap_imputation_2.0": {
      "before": {
        "picp": 0.8969359331476323,