{
  "crps": 1.7244101231008877,
  "pinball": 0.8622050615504439,
  "picp": 0.6568012999071495,
  "mpiw": 6.463916823735278,
  "mis": 19.351409584281598,
  "picp_alpha": 0.9,
  "rmse": 3.670411692779337,
  "mae": 2.738505578506587,
  "smape": 42.54638083804831,
  "mase": 1.0543608957940593,
  "name": "deepar_past_covariate",
  "axis": "input",
  "model": "deepar",
  "use_covariates": true,
  "lookback": 168,
  "likelihood": "gaussian",
  "n_quantiles": 7,
  "n_features": 10,
  "epochs": 6,
  "n_predictions": 8616
}