{
  "crps": 0.0861225081463111,
  "pinball": 0.04306125407315555,
  "picp": 0.9751624883936861,
  "mpiw": 0.7572490851644834,
  "mis": 0.8227613846228871,
  "picp_alpha": 0.9,
  "rmse": 0.21027538735743503,
  "mae": 0.15237174136175777,
  "smape": 6.600412299267351,
  "mase": 0.0586651372839251,
  "name": "deepar_multivariate",
  "axis": "input",
  "model": "deepar",
  "use_covariates": true,
  "lookback": 168,
  "likelihood": "gaussian",
  "n_quantiles": 7,
  "n_features": 9,
  "epochs": 6,
  "n_predictions": 8616
}