{
  "crps": 1.9038218555154374,
  "pinball": 0.9519109277577187,
  "picp": 0.5518802228412256,
  "mpiw": 4.81635373168981,
  "mis": 25.19541764978287,
  "picp_alpha": 0.9,
  "rmse": 3.7484096995340273,
  "mae": 2.734989508449355,
  "smape": 43.34477348089233,
  "mase": 1.0530071622817694,
  "name": "deepar_past_covariate",
  "axis": "input",
  "model": "deepar",
  "use_covariates": true,
  "lookback": 168,
  "likelihood": "gaussian",
  "n_quantiles": 7,
  "n_features": 9,
  "epochs": 6,
  "n_predictions": 8616
}