{
  "crps": 1.4630040176327392,
  "pinball": 0.7315020088163696,
  "picp": 0.8773212627669452,
  "mpiw": 9.669087051725414,
  "mis": 13.408562595467032,
  "picp_alpha": 0.9,
  "rmse": 3.4354687586442947,
  "mae": 2.584608553784183,
  "smape": 51.5512614584986,
  "mase": 0.9951085042269615,
  "name": "deepar_target_only",
  "axis": "input",
  "model": "deepar",
  "use_covariates": false,
  "lookback": 168,
  "likelihood": "gaussian",
  "n_quantiles": 7,
  "n_features": 1,
  "epochs": 6,
  "n_predictions": 8616
}