{
  "crps": 1.2373935617333152,
  "pinball": 0.6186967808666576,
  "picp": 0.8874187558031569,
  "mpiw": 8.901637863842703,
  "mis": 11.600103052658854,
  "picp_alpha": 0.9,
  "rmse": 2.830783346970651,
  "mae": 2.135390710334548,
  "smape": 37.00503716693627,
  "mase": 0.8221536884531242,
  "name": "deepar_studentt",
  "axis": "likelihood",
  "model": "deepar",
  "use_covariates": false,
  "lookback": 168,
  "likelihood": "studentt",
  "n_quantiles": 7,
  "n_features": 1,
  "epochs": 6,
  "n_predictions": 8616
}