{
  "crps": 1.9309153720864862,
  "pinball": 0.9654576860432431,
  "picp": 0.54491643454039,
  "mpiw": 4.848805239645004,
  "mis": 25.522280845730318,
  "picp_alpha": 0.9,
  "rmse": 3.781193048644114,
  "mae": 2.778462661403308,
  "smape": 45.03562706443623,
  "mase": 1.0697449015988891,
  "name": "deepar_past_covariate",
  "axis": "input",
  "model": "deepar",
  "use_covariates": true,
  "lookback": 168,
  "likelihood": "gaussian",
  "n_quantiles": 7,
  "n_features": 9,
  "epochs": 6,
  "n_predictions": 8616
}