{
  "crps": 1.4113118759518277,
  "pinball": 0.7056559379759139,
  "picp": 0.8885793871866295,
  "mpiw": 9.64596101727484,
  "mis": 13.15327201593986,
  "picp_alpha": 0.9,
  "rmse": 3.342804696354758,
  "mae": 2.474470312835562,
  "smape": 48.81758048648983,
  "mase": 0.9527038236233537,
  "name": "deepar_gaussian",
  "axis": "likelihood",
  "model": "deepar",
  "use_covariates": false,
  "lookback": 168,
  "likelihood": "gaussian",
  "n_quantiles": 7,
  "n_features": 1,
  "epochs": 6,
  "n_predictions": 8616
}