{
  "crps": 0.08042697283146623,
  "pinball": 0.040213486415733114,
  "picp": 0.9888579387186629,
  "mpiw": 0.7562011349665961,
  "mis": 0.7937871678444905,
  "picp_alpha": 0.9,
  "rmse": 0.1961866287007505,
  "mae": 0.1396156138037054,
  "smape": 6.127192379496028,
  "mase": 0.05375385932833812,
  "name": "deepar_multivariate",
  "axis": "input",
  "model": "deepar",
  "use_covariates": true,
  "lookback": 168,
  "likelihood": "gaussian",
  "n_quantiles": 7,
  "n_features": 9,
  "epochs": 6,
  "n_predictions": 8616
}