{
  "crps": 1.3246043219797385,
  "pinball": 0.6623021609898693,
  "picp": 0.8522516248839369,
  "mpiw": 8.794885795723197,
  "mis": 12.216918805340756,
  "picp_alpha": 0.9,
  "rmse": 2.9773605729233936,
  "mae": 2.302980259372641,
  "smape": 39.56806145060893,
  "mase": 0.8866778831220601,
  "name": "deepar_studentt",
  "axis": "likelihood",
  "model": "deepar",
  "use_covariates": false,
  "lookback": 168,
  "likelihood": "studentt",
  "n_quantiles": 7,
  "n_features": 1,
  "epochs": 6,
  "n_predictions": 8616
}