{
  "crps": 0.08085917944833458,
  "pinball": 0.04042958972416729,
  "picp": 0.9887418755803157,
  "mpiw": 0.7558515818036431,
  "mis": 0.7929570186797176,
  "picp_alpha": 0.9,
  "rmse": 0.1974434665904469,
  "mae": 0.14164919699143455,
  "smape": 6.18706578167107,
  "mase": 0.05453681577301884,
  "name": "deepar_multivariate",
  "axis": "input",
  "model": "deepar",
  "use_covariates": true,
  "lookback": 168,
  "likelihood": "gaussian",
  "n_quantiles": 7,
  "n_features": 9,
  "epochs": 6,
  "n_predictions": 8616
}