{
  "crps": 1.03460894390366,
  "pinball": 0.51730447195183,
  "picp": 0.9261937557392103,
  "mpiw": 8.05888237396808,
  "mis": 9.74738967417107,
  "picp_alpha": 0.9,
  "rmse": 2.4297241325094134,
  "mae": 1.7703893659272472,
  "smape": 32.94507289883003,
  "mase": 0.6816233395373524,
  "name": "qt_lookback_72",
  "axis": "lookback",
  "model": "qtransformer",
  "use_covariates": false,
  "lookback": 72,
  "likelihood": "gaussian",
  "n_quantiles": 7,
  "n_features": 1,
  "epochs": 6,
  "n_predictions": 8712
}