{
  "crps": 0.9158848530699651,
  "pinball": 0.45794242653498257,
  "picp": 0.9059888579387186,
  "mpiw": 6.658750061301467,
  "mis": 8.383183946185978,
  "picp_alpha": 0.9,
  "rmse": 2.136291231137504,
  "mae": 1.5979814321551442,
  "smape": 30.570612815686182,
  "mase": 0.6152440029675548,
  "name": "qtransformer_multivariate",
  "axis": "input",
  "model": "qtransformer",
  "use_covariates": true,
  "lookback": 168,
  "likelihood": "gaussian",
  "n_quantiles": 7,
  "n_features": 10,
  "epochs": 6,
  "n_predictions": 8616
}