{
  "crps": 0.900749917599791,
  "pinball": 0.4503749587998955,
  "picp": 0.9236304549675023,
  "mpiw": 7.023618239995261,
  "mis": 8.349137597363121,
  "picp_alpha": 0.9,
  "rmse": 2.1181499112065687,
  "mae": 1.5646319814428489,
  "smape": 30.352587514262414,
  "mase": 0.602404023015266,
  "name": "qtransformer_multivariate",
  "axis": "input",
  "model": "qtransformer",
  "use_covariates": true,
  "lookback": 168,
  "likelihood": "gaussian",
  "n_quantiles": 7,
  "n_features": 9,
  "epochs": 6,
  "n_predictions": 8616
}