{
  "epochs": 6,
  "smoke": false,
  "variants": [
    {
      "crps": 1.4630040176327392,
      "pinball": 0.7315020088163696,
      "picp": 0.8773212627669452,
      "mpiw": 9.669087051725414,
      "mis": 13.408562595467032,
      "picp_alpha": 0.9,
      "rmse": 3.4354687586442947,
      "mae": 2.584608553784183,
      "smape": 51.5512614584986,
      "mase": 0.9951085042269615,
      "name": "deepar_target_only",
      "axis": "input",
      "model": "deepar",
      "use_covariates": false,
      "lookback": 168,
      "likelihood": "gaussian",
      "n_quantiles": 7,
      "n_features": 1,
      "epochs": 6,
      "n_predictions": 8616
    },
    {
      "crps": 1.0386818980706105,
      "pinball": 0.5193409490353053,
      "picp": 0.915041782729805,
      "mpiw": 7.821265274584249,
      "mis": 9.684324617783817,
      "picp_alpha": 0.9,
      "rmse": 2.44739634453399,
      "mae": 1.7891805754200567,
      "smape": 32.596276112229475,
      "mase": 0.6888582039208302,
      "name": "qtransformer_target_only",
      "axis": "input",
      "model": "qtransformer",
      "use_covariates": false,
      "lookback": 168,
      "likelihood": "gaussian",
      "n_quantiles": 7,
      "n_features": 1,
      "epochs": 6,
      "n_predictions": 8616
    },
    {
      "crps": 0.9158848530699651,
      "pinball": 0.45794242653498257,
      "picp": 0.9059888579387186,
      "mpiw": 6.658750061301467,
      "mis": 8.383183946185978,
      "picp_alpha": 0.9,
      "rmse": 2.136291231137504,
      "mae": 1.5979814321551442,
      "smape": 30.570612815686182,
      "mase": 0.6152440029675548,
      "name": "qtransformer_multivariate",
      "axis": "input",
      "model": "qtransformer",
      "use_covariates": true,
      "lookback": 168,
      "likelihood": "gaussian",
      "n_quantiles": 7,
      "n_features": 10,
      "epochs": 6,
      "n_predictions": 8616
    },
    {
      "crps": 1.7244101231008877,
      "pinball": 0.8622050615504439,
      "picp": 0.6568012999071495,
      "mpiw": 6.463916823735278,
      "mis": 19.351409584281598,
      "picp_alpha": 0.9,
      "rmse": 3.670411692779337,
      "mae": 2.738505578506587,
      "smape": 42.54638083804831,
      "mase": 1.0543608957940593,
      "name": "deepar_past_covariate",
      "axis": "input",
      "model": "deepar",
      "use_covariates": true,
      "lookback": 168,
      "likelihood": "gaussian",
      "n_quantiles": 7,
      "n_features": 10,
      "epochs": 6,
      "n_predictions": 8616
    },
    {
      "crps": 1.03460894390366,
      "pinball": 0.51730447195183,
      "picp": 0.9261937557392103,
      "mpiw": 8.05888237396808,
      "mis": 9.74738967417107,
      "picp_alpha": 0.9,
      "rmse": 2.4297241325094134,
      "mae": 1.7703893659272472,
      "smape": 32.94507289883003,
      "mase": 0.6816233395373524,
      "name": "qt_lookback_72",
      "axis": "lookback",
      "model": "qtransformer",
      "use_covariates": false,
      "lookback": 72,
      "likelihood": "gaussian",
      "n_quantiles": 7,
      "n_features": 1,
      "epochs": 6,
      "n_predictions": 8712
    },
    {
      "crps": 1.0386818980706105,
      "pinball": 0.5193409490353053,
      "picp": 0.915041782729805,
      "mpiw": 7.821265274584249,
      "mis": 9.684324617783817,
      "picp_alpha": 0.9,
      "rmse": 2.44739634453399,
      "mae": 1.7891805754200567,
      "smape": 32.596276112229475,
      "mase": 0.6888582039208302,
      "name": "qt_lookback_168",
      "axis": "lookback",
      "model": "qtransformer",
      "use_covariates": false,
      "lookback": 168,
      "likelihood": "gaussian",
      "n_quantiles": 7,
      "n_features": 1,
      "epochs": 6,
      "n_predictions": 8616
    },
    {
      "crps": 1.0398168011370321,
      "pinball": 0.5199084005685161,
      "picp": 0.9121685606060606,
      "mpiw": 7.859664763499533,
      "mis": 9.675881314865732,
      "picp_alpha": 0.9,
      "rmse": 2.4524426427632178,
      "mae": 1.79721245287333,
      "smape": 32.298910029555245,
      "mase": 0.6919505830538168,
      "name": "qt_lookback_336",
      "axis": "lookback",
      "model": "qtransformer",
      "use_covariates": false,
      "lookback": 336,
      "likelihood": "gaussian",
      "n_quantiles": 7,
      "n_features": 1,
      "epochs": 6,
      "n_predictions": 8448
    },
    {
      "crps": 1.4630040176327392,
      "pinball": 0.7315020088163696,
      "picp": 0.8773212627669452,
      "mpiw": 9.669087051725414,
      "mis": 13.408562595467032,
      "picp_alpha": 0.9,
      "rmse": 3.4354687586442947,
      "mae": 2.584608553784183,
      "smape": 51.5512614584986,
      "mase": 0.9951085042269615,
      "name": "deepar_gaussian",
      "axis": "likelihood",
      "model": "deepar",
      "use_covariates": false,
      "lookback": 168,
      "likelihood": "gaussian",
      "n_quantiles": 7,
      "n_features": 1,
      "epochs": 6,
      "n_predictions": 8616
    },
    {
      "crps": 1.2373935617333152,
      "pinball": 0.6186967808666576,
      "picp": 0.8874187558031569,
      "mpiw": 8.901637863842703,
      "mis": 11.600103052658854,
      "picp_alpha": 0.9,
      "rmse": 2.830783346970651,
      "mae": 2.135390710334548,
      "smape": 37.00503716693627,
      "mase": 0.8221536884531242,
      "name": "deepar_studentt",
      "axis": "likelihood",
      "model": "deepar",
      "use_covariates": false,
      "lookback": 168,
      "likelihood": "studentt",
      "n_quantiles": 7,
      "n_features": 1,
      "epochs": 6,
      "n_predictions": 8616
    },
    {
      "crps": 1.1368243617650926,
      "pinball": 0.5684121808825463,
      "picp": 0.8261374187558032,
      "mpiw": 6.125136389033495,
      "mis": 9.984349694702871,
      "picp_alpha": 0.9,
      "rmse": 2.4430621743492957,
      "mae": 1.7995244769216416,
      "smape": 32.89612534538445,
      "mase": 0.692840742915388,
      "name": "qt_quantiles_3",
      "axis": "quantiles",
      "model": "qtransformer",
      "use_covariates": false,
      "lookback": 168,
      "likelihood": "gaussian",
      "n_quantiles": 3,
      "n_features": 1,
      "epochs": 6,
      "n_predictions": 8616
    },
    {
      "crps": 1.0386818980706105,
      "pinball": 0.5193409490353053,
      "picp": 0.915041782729805,
      "mpiw": 7.821265274584249,
      "mis": 9.684324617783817,
      "picp_alpha": 0.9,
      "rmse": 2.44739634453399,
      "mae": 1.7891805754200567,
      "smape": 32.596276112229475,
      "mase": 0.6888582039208302,
      "name": "qt_quantiles_7",
      "axis": "quantiles",
      "model": "qtransformer",
      "use_covariates": false,
      "lookback": 168,
      "likelihood": "gaussian",
      "n_quantiles": 7,
      "n_features": 1,
      "epochs": 6,
      "n_predictions": 8616
    }
  ],
  "table": [
    {
      "name": "deepar_past_covariate",
      "axis": "input",
      "model": "deepar",
      "crps": 1.7244,
      "pinball": 0.8622,
      "picp": 0.6568,
      "mpiw": 6.4639,
      "mis": 19.3514,
      "rmse": 3.6704,
      "mae": 2.7385
    },
    {
      "name": "deepar_target_only",
      "axis": "input",
      "model": "deepar",
      "crps": 1.463,
      "pinball": 0.7315,
      "picp": 0.8773,
      "mpiw": 9.6691,
      "mis": 13.4086,
      "rmse": 3.4355,
      "mae": 2.5846
    },
    {
      "name": "qtransformer_multivariate",
      "axis": "input",
      "model": "qtransformer",
      "crps": 0.9159,
      "pinball": 0.4579,
      "picp": 0.906,
      "mpiw": 6.6588,
      "mis": 8.3832,
      "rmse": 2.1363,
      "mae": 1.598
    },
    {
      "name": "qtransformer_target_only",
      "axis": "input",
      "model": "qtransformer",
      "crps": 1.0387,
      "pinball": 0.5193,
      "picp": 0.915,
      "mpiw": 7.8213,
      "mis": 9.6843,
      "rmse": 2.4474,
      "mae": 1.7892
    },
    {
      "name": "deepar_gaussian",
      "axis": "likelihood",
      "model": "deepar",
      "crps": 1.463,
      "pinball": 0.7315,
      "picp": 0.8773,
      "mpiw": 9.6691,