{
  "config": {
    "intensities": [
      1.0,
      2.0,
      4.0
    ],
    "anomaly_types": [
      "point_spike",
      "contextual_outlier",
      "level_shift",
      "fgsm"
    ],
    "alpha": 0.1,
    "seed": 42,
    "smoke": false,
    "lstm_epochs": 8,
    "deepar_epochs": 12,
    "qt_epochs": 12,
    "deterministic_models": [
      "lstm",
      "naive_seasonal"
    ],
    "naive_fgsm": "N/A (FGSM is white-box; naive_seasonal has no gradient)"
  },
  "quantiles": [
    0.05,
    0.1,
    0.25,
    0.5,
    0.75,
    0.9,
    0.95
  ],
  "calibration_tau": {
    "deepar": 1.2000000000000002,
    "qtransformer": 1.1
  },
  "clean": {
    "lstm": {
      "rmse": 2.4294278918944117,
      "mae": 1.8085464803749134
    },
    "naive_seasonal": {
      "rmse": 3.214942038823542,
      "mae": 2.449600252103294
    },
    "deepar": {
      "crps": 1.1668426542811334,
      "pinball": 0.5834213271405667,
      "picp": 0.8523676880222841,
      "mpiw": 7.498979373877003,
      "mis": 10.980776302790433,
      "rmse": 2.690823107135305,
      "mae": 2.018781044266596,
      "picp_cal": 0.9155060352831941,
      "mis_cal": 10.862406340142023,
      "pinball_cal": 0.5826336857905525
    },
    "qtransformer": {
      "crps": 1.0220161001030914,
      "pinball": 0.5110080500515457,
      "picp": 0.9048282265552461,
      "mpiw": 7.486732351100971,
      "mis": 9.486214795598489,
      "rmse": 2.4304359384593623,
      "mae": 1.7690424700370595,
      "picp_cal": 0.9329155060352832,
      "mis_cal": 9.61310840621936,
      "pinball_cal": 0.5141672536293204
    }
  },
  "anomaly": {
    "point_spike": {
      "1.0": {
        "realized_magnitude_scaled": 0.28567544863421723,
        "realized_magnitude_degC": 2.4358528114719245,
        "lstm": {
          "rmse": 2.4307338729164507,
          "mae": 1.8098566187171148
        },
        "naive_seasonal": {
          "rmse": 3.2204315642847914,
          "mae": 2.453773186284977
        },
        "deepar": {
          "crps": 1.1676249592987766,
          "pinball": 0.5838124796493883,
          "picp": 0.8512070566388115,
          "mpiw": 7.497616275348,
          "mis": 10.999809794155102,
          "rmse": 2.6902467126601546,
          "mae": 2.019748514682201,
          "picp_cal": 0.9149257195914577,
          "mis_cal": 10.876635403263688,
          "pinball_cal": 0.5830349929674531
        },
        "qtransformer": {
          "crps": 1.0238157295837982,
          "pinball": 0.5119078647918991,
          "picp": 0.9035515320334262,
          "mpiw": 7.488598009534301,
          "mis": 9.516076206699998,
          "rmse": 2.433787006099923,
          "mae": 1.7701458622396058,
          "picp_cal": 0.9322191272051996,
          "mis_cal": 9.638800140453736,
          "pinball_cal": 0.5150266374918591
        }
      },
      "2.0": {
        "realized_magnitude_scaled": 0.5713508972684345,
        "realized_magnitude_degC": 4.871705622943849,
        "lstm": {
          "rmse": 2.434340099597691,
          "mae": 1.8133012458798161
        },
        "naive_seasonal": {
          "rmse": 3.234473703295161,
          "mae": 2.4610562844638832
        },
        "deepar": {
          "crps": 1.1739403502044818,
          "pinball": 0.5869701751022409,
          "picp": 0.8503946146703807,
          "mpiw": 7.508237208646831,
          "mis": 11.088845414133926,
          "rmse": 2.7026977083821655,
          "mae": 2.028566629188382,
          "picp_cal": 0.9135329619312906,
          "mis_cal": 10.95260499376343,
          "pinball_cal": 0.5859939334595895
        },
        "qtransformer": {
          "crps": 1.0290080442962364,
          "pinball": 0.5145040221481182,
          "picp": 0.9021587743732591,
          "mpiw": 7.504786881788643,
          "mis": 9.56245135848015,
          "rmse": 2.445670786546142,
          "mae": 1.780466880622604,
          "picp_cal": 0.9321030640668524,
          "mis_cal": 9.679009160916713,
          "pinball_cal": 0.5175338593794817
        }
      },
      "4.0": {
        "realized_magnitude_scaled": 1.142701794536869,
        "realized_magnitude_degC": 9.743411245887698,
        "lstm": {
          "rmse": 2.4473895433859387,
          "mae": 1.824137711990901
        },
        "naive_seasonal": {
          "rmse": 3.2877107660800537,
          "mae": 2.480141314493071
        },
        "deepar": {
          "crps": 1.1987547652919766,
          "pinball": 0.5993773826459883,
          "picp": 0.8448235840297121,
          "mpiw": 7.529113482703522,
          "mis": 11.434329322345238,
          "rmse": 2.7866816277598523,
          "mae": 2.0595411378304602,
          "picp_cal": 0.9128365831012071,
          "mis_cal": 11.238567929352824,
          "pinball_cal": 0.5973302741632877
        },
        "qtransformer": {
          "crps": 1.0655140839395876,
          "pinball": 0.5327570419697938,
          "picp": 0.8974001857010213,
          "mpiw": 7.5942156218141275,
          "mis": 10.044009834466724,
          "rmse": 2.527069799523156,
          "mae": 1.8286604066070506,
          "picp_cal": 0.9258356545961003,
          "mis_cal": 10.107210605887001,
          "pinball_cal": 0.5351795630996462
        }
      }
    },
    "contextual_outlier": {
      "1.0": {
        "realized_magnitude_scaled": 0.28658828988790525,
        "realized_magnitude_degC": 2.4436362837473826,
        "lstm": {
          "rmse": 2.4277538608780347,
          "mae": 1.806938836185249
        },
        "naive_seasonal": {
          "rmse": 3.2295669099516813,
          "mae": 2.4620130071595008
        },
        "deepar": {
          "crps": 1.1680679835545955,
          "pinball": 0.5840339917772978,
          "picp": 0.8510909935004642,
          "mpiw": 7.499779696624785,
          "mis": 10.981093126456493,
          "rmse": 2.693126595164082,
          "mae": 2.0218337047913315,
          "picp_cal": 0.9152739090064995,
          "mis_cal": 10.859500750248786,
          "pinball_cal": 0.5831092685949814
        },
        "qtransformer": {
          "crps": 1.0216708275770583,
          "pinball": 0.5108354137885291,
          "picp": 0.9041318477251625,
          "mpiw": 7.494835421108237,
          "mis": 9.488597676269253,
          "rmse": 2.431244558058999,
          "mae": 1.7675408200078444,
          "picp_cal": 0.9338440111420613,
          "mis_cal": 9.613335993397689,
          "pinball_cal": 0.5140450711944531
        }
      },
      "2.0": {
        "realized_magnitude_scaled": 0.5731765797758105,
        "realized_magnitude_degC": 4.887272567494765,
        "lstm": {
          "rmse": 2.4328317563564954,
          "mae": 1.8110949088241
        },
        "naive_seasonal": {
          "rmse": 3.2683805513078927,
          "mae": 2.485344886102947
        },
        "deepar": {
          "crps": 1.1729042817068538,
          "pinball": 0.5864521408534269,
          "picp": 0.8479572887650882,
          "mpiw": 7.504398331435961,
          "mis": 11.022412407495809,
          "rmse": 2.70228162899773,
          "mae": 2.028484147572379,
          "picp_cal": 0.9146935933147632,
          "mis_cal": 10.873601186728814,
          "pinball_cal": 0.5851250368132017
        },
        "qtransformer": {
          "crps": 1.0281187395848608,
          "pinball": 0.5140593697924304,
          "picp": 0.9028551532033426,
          "mpiw": 7.519390743141032,
          "mis": 9.533278902170137,
          "rmse": 2.442834822279901,
          "mae": 1.7795900644602727,
          "picp_cal": 0.9323351903435468,
          "mis_cal": 9.643155041486587,
          "pinball_cal": 0.5169843476690847
        }
      },
      "4.0": {
        "realized_magnitude_scaled": 1.146353159551621,
        "realized_magnitude_degC": 9.77454513498953,
        "lstm": {
          "rmse": 2.4610086220886256,
          "mae": 1.8299268360398038
        },
        "naive_seasonal": {
          "rmse": 3.4147629613932815,
          "mae": 2.539343050230224
        },