{
  "probe": "deepar_calendar_only",
  "epochs": 6,
  "n_covariates": 4,
  "scores": {
    "crps": 1.1445907160630946,
    "pinball": 0.5722953580315473,
    "picp": 0.8658310120705663,
    "mpiw": 7.40419140610549,
    "mis": 10.742673772931342,
    "rmse": 2.694836920435784,
    "mae": 1.9775132720176098
  },
  "ablation_refs_same_budget": {
    "deepar_target_only": {
      "crps": 1.4630040176327392,
      "picp": 0.8773212627669452,
      "rmse": 3.4354687586442947,
      "mis": 13.408562595467032
    },
    "deepar_multivariate": {
      "crps": 0.08085917944833458,
      "picp": 0.9887418755803157,
      "rmse": 0.1974434665904469,
      "mis": 0.7929570186797176
    },
    "deepar_past_covariate": {
      "crps": 1.9038218555154374,
      "picp": 0.5518802228412256,
      "rmse": 3.7484096995340273,
      "mis": 25.19541764978287
    }
  },
  "verdict": "(a) frozen-weather is the culprit: calendar-only covariates track target-only, so the covariate pathway itself is fine",
  "smoke": false
}