{
  "members": [
    "qlstm",
    "qtransformer",
    "qtransformer_multi",
    "qdlinear",
    "qrf",
    "deepar",
    "lgbm"
  ],
  "alpha": 0.1,
  "val_crps": {
    "qlstm": 1.1764286288120827,
    "qtransformer": 1.1958839633542067,
    "qtransformer_multi": 1.0911709171211208,
    "qdlinear": 1.2179164707249919,
    "qrf": 1.4197902499174444,
    "deepar": 1.2958534317390271,
    "lgbm": 1.3662496809382054
  },
  "weights_inverse_crps": {
    "qlstm": 0.15093657982933123,
    "qtransformer": 0.14848105592800948,
    "qtransformer_multi": 0.16272988113968914,
    "qdlinear": 0.1457949850538645,
    "qrf": 0.1250650324275226,
    "deepar": 0.13702638685604512,
    "lgbm": 0.12996607876553773
  },
  "candidates": {
    "qlstm": {
      "picp": 0.9267641597028784,
      "mpiw": 7.958277904222903,
      "mis": 9.573381288930426,
      "pinball": 0.50772775644057,
      "rmse_median": 2.3842137592553656
    },
    "qtransformer": {
      "picp": 0.9048282265552461,
      "mpiw": 7.486732339481373,
      "mis": 9.48621477978658,
      "pinball": 0.5110080486176924,
      "rmse_median": 2.430435930314456
    },
    "qtransformer_multi": {
      "picp": 0.8986768802228412,
      "mpiw": 6.49100251094512,
      "mis": 8.605050339566715,
      "pinball": 0.46686468286658295,
      "rmse_median": 2.2052987426703727
    },
    "qdlinear": {
      "picp": 0.9352367688022284,
      "mpiw": 8.765989356887285,
      "mis": 10.126463160649795,
      "pinball": 0.5374340360426174,
      "rmse_median": 2.482866401228869
    },
    "qrf": {
      "picp": 0.9163184772516249,
      "mpiw": 9.552883334225584,
      "mis": 11.540408787163111,
      "pinball": 0.6075446440592157,
      "rmse_median": 2.779588744997803
    },
    "deepar": {
      "picp": 0.8523676880222841,
      "mpiw": 7.4989793694948,
      "mis": 10.980776207339314,
      "pinball": 0.5834213258533655,
      "rmse_median": 2.69082310748601
    },
    "lgbm": {
      "picp": 0.8657149489322191,
      "mpiw": 8.261693284259573,
      "mis": 11.631704378735073,
      "pinball": 0.5960347446030304,
      "rmse_median": 2.7314739466889137
    },
    "ensemble_equal": {
      "picp": 0.9361652739090065,
      "mpiw": 8.002222585645233,
      "mis": 9.36442081510754,
      "pinball": 0.49726987795585387,
      "rmse_median": 2.3181440445553414
    },
    "ensemble_crpsw": {
      "picp": 0.9366295264623955,
      "mpiw": 7.9431801179645065,
      "mis": 9.288362700720862,
      "pinball": 0.49335508782008036,
      "rmse_median": 2.302030947206293
    }
  },
  "by_setting": {
    "clean": {
      "ensemble_equal": {
        "picp": 0.9361652739090065,
        "mpiw": 8.002222585645233,
        "mis": 9.36442081510754,
        "pinball": 0.49726987795585387,
        "rmse_median": 2.3181440445553414
      },
      "best_single_qtransformer_multi": {
        "picp": 0.8986768802228412,
        "mpiw": 6.49100251094512,
        "mis": 8.605050339566715,
        "pinball": 0.46686468286658295,
        "rmse_median": 2.2052987426703727
      }
    },
    "level_shift_4.0": {
      "ensemble_equal": {
        "picp": 0.295380687093779,
        "mpiw": 8.594090008100727,
        "mis": 72.17190705059866,
        "pinball": 2.5523399631137167,
        "rmse_median": 8.02672875337145
      },
      "best_single_qtransformer_multi": {
        "picp": 0.36803621169916434,
        "mpiw": 6.651420064082923,
        "mis": 48.815377204262006,
        "pinball": 1.7440851932477286,
        "rmse_median": 5.610062060598982
      }
    },
    "fgsm_4.0": {
      "best_single_qtransformer_multi": {
        "picp": 0.1888347260909935,
        "mpiw": 6.813202389462789,
        "mis": 79.46728744507641,
        "pinball": 2.618511602584275,
        "rmse_median": 7.568495830871667
      }
    }
  }
}