{
  "per_horizon": {
    "naive_seasonal": [
      3.0266463750066848,
      3.12368838950984,
      3.2099634986233885,
      3.268267628901078,
      3.312031612546437,
      3.3410685612619857,
      3.2911790468798414,
      3.3005345477261354,
      3.296983369967485,
      3.33734109900779,
      3.322985108588765,
      3.2665964348063072,
      3.2526416379565055,
      3.2731477858378675,
      3.352225877505393,
      3.425902219781621,
      3.429239930458372,
      3.326344383047437,
      3.1925489092123396,
      3.051242460228691,
      2.9191177201850755,
      2.8892927545614264,
      2.91395559663071,
      2.9366634386881043
    ],
    "lstm": [
      0.5688308452647797,
      0.764688730484557,
      1.0020744917719286,
      1.2503788678894545,
      1.500135963541138,
      1.6962680546784237,
      1.7942465331193087,
      1.943606755853582,
      2.1155762476901985,
      2.324360413444968,
      2.4752869415763454,
      2.581385229841535,
      2.795015564026852,
      2.9480058811827226,
      3.0826624744295743,
      3.1440124826514917,
      3.1464162705037317,
      3.138286902519107,
      3.0377155740475383,
      2.9078893993513097,
      2.7692297794565555,
      2.7374432313778727,
      2.730715064095245,
      2.7275565078425337
    ],
    "gru": [
      0.5419866282309578,
      0.7292446005678894,
      0.9658321939779433,
      1.2322849017035533,
      1.426658948307081,
      1.6027048098923673,
      1.6828715990423748,
      1.877957751403226,
      2.120734449071309,
      2.345894601226433,
      2.4678619919539426,
      2.5336110467691566,
      2.7009520388061468,
      2.860477728944878,
      2.9909216139571164,
      3.0689729120704783,
      3.0753541687660957,
      3.0792086717117044,
      3.0279554512245546,
      2.894838440482662,
      2.755290035694193,
      2.7185040034106844,
      2.6961010905471285,
      2.695523065693831
    ],
    "dlinear": [
      0.5838919948950546,
      0.8420517679125241,
      1.0964385868316642,
      1.344648717074264,
      1.537054573720496,
      1.7142191178184276,
      1.8523561255863612,
      2.009262407145556,
      2.2226815392680077,
      2.436424112287543,
      2.5790014530597603,
      2.677534406888333,
      2.8351578964504864,
      2.9714068098150337,
      3.089626190865396,
      3.180796022972504,
      3.210189729802384,
      3.1910188940423048,
      3.112486246892196,
      3.004458084616855,
      2.885300335352711,
      2.9343079801162677,
      2.956745433115135,
      2.9726911385348838
    ],
    "deepar": [
      0.43920945101383135,
      0.6917593674301551,
      0.943706468339652,
      1.2072692074340903,
      1.4229704682625597,
      1.6554203696028038,
      1.926960263873968,
      2.278231628844962,
      2.65020850714151,
      2.9184590690445615,
      2.9420934896436974,
      2.968489662592857,
      3.010720833707626,
      3.0534144075918874,
      3.1460290692961292,
      3.2405179812956018,
      3.3295682243241,
      3.3713425501887944,
      3.34015358181525,
      3.2711218969992157,
      3.186063151056321,
      3.1819375116505,
      3.1908528639174403,
      3.243949353990561
    ],
    "qtransformer": [
      0.48164777297960265,
      0.7080775342608874,
      0.909169888170391,
      1.131898007214667,
      1.3284521751913925,
      1.510128814126504,
      1.6473944391598159,
      1.8268375438798514,
      2.0568529560617197,
      2.295945451791422,
      2.4355925570686203,
      2.5759842562105635,
      2.7691588981928907,
      2.994850410435217,
      3.1379220582925744,
      3.2401704668553495,
      3.242048007703491,
      3.1626010506439735,
      3.0709578149135166,
      2.960352259105646,
      2.844385865766388,
      2.7826013278963333,
      2.7596586758767696,
      2.7607683305554933
    ],
    "qtransformer_multi": [
      0.5328542407097516,
      0.7451128853821053,
      0.957639662425507,
      1.158059686237503,
      1.2826851164640771,
      1.4228714614746814,
      1.4827770820034647,
      1.5944627829596763,
      1.7356840111324363,
      1.9507081588172532,
      2.1302411750738166,
      2.3606699149167505,
      2.61304543794479,
      2.8285393127099514,
      2.945088644990276,
      3.0063867602518712,
      3.0313128060370835,
      2.9547843693670535,
      2.8927287021766412,
      2.784126992961281,
      2.6955551374553126,
      2.687065835147918,
      2.723159252911997,
      2.708150437565987
    ],
    "qlstm": [
      0.6038997259913534,
      0.714931898945973,
      0.9171650478986267,
      1.1469537944735735,
      1.3715848028309383,
      1.5126065136733222,
      1.615943280799391,
      1.739938576856965,
      1.9850460761749043,
      2.222431515159406,
      2.3947462654353684,
      2.522996163512929,
      2.7354493899755217,
      2.991584060995822,
      3.0661277222454832,
      3.159869054641904,
      3.1223831127759145,
      3.0891168972212895,
      3.0026086708641473,
      2.8960170808269012,
      2.7529743023156192,
      2.7357441272674055,
      2.7439116597561535,
      2.7390142921185228
    ],
    "qdlinear": [
      0.5082760449353941,
      0.8035429574923698,
      1.0454408623485,
      1.2851088416170628,
      1.4920176943467487,
      1.6974214385392923,
      1.8373262567460606,
      1.9944016868883905,
      2.184477424261014,
      2.4125179324638197,
      2.5372199240236797,
      2.656382967764441,
      2.8054384913281876,
      2.9567424419820667,
      3.0884300794823116,
      3.2195448867252416,
      3.218802948068976,
      3.162052276927614,
      3.0670128814048527,
      2.9671389840936255,
      2.8666904839686818,
      2.8583537867034696,
      2.8493356577872238,
      2.857007284204899
    ],
    "lgbm": [
      1.0365127938893512,
      1.1315981322732425,
      1.362034850952746,
      1.6210866202202285,
      1.8759068663126195,
      2.20650116207676,
      2.4583220222462807,
      2.573079142275149,
      2.6302224493426873,
      2.7322957216230983,
      2.787515517021947,
      2.9140622065999975,
      3.1045990647936987,
      3.3581814953235014,
      3.515070019262557,
      3.5854920220650492,
      3.5379817829314337,
      3.4241631054787405,
      3.2201754920385293,
      3.0099138837396504,
      2.8560708848251393,
      2.8004484668322216,
      2.8156335979115217,
      2.869510669884622
    ],
    "qrf": [
      0.8706977248288197,
      1.0112404297105118,
      1.2602771174431782,
      1.538615643743558,
      1.7816019407971697,
      2.076429433310371,
      2.2996344457267184,
      2.353094398969181,
      2.5458385506239027,
      2.740897376596256,
      2.806580101381319,
      2.94565292690428,
      3.22189039317267,
      3.5171362746174153,
      3.7138029768312477,
      3.768935334829502,
      3.670030484882703,
      3.5231685508619575,
      3.2851037497258875,
      3.119255617978565,
      2.9002545788085885,
      2.862267682368015,
      2.87841252666092,
      2.9649469528513124
    ],
    "qlstm_robust": [
      1.063814003845414,
      1.1681796261985118,
      1.2915607874533102,
      1.5391608782450599,
      1.7579997968843732,
      2.125143565908745,
      2.1835458255411115,
      2.2315190859595075,
      2.389022600286556,
      2.562082370017255,
      2.6367023822747493,
      2.7517522179773724,
      2.96367199582244,
      3.087268132308054,
      3.2359286626709363,
      3.2931199288341158,
      3.219715969107909,
      3.161216295066091,
      3.062089945353192,
      2.9863033943285733,
      2.9506654344697436,
      2.8457830847093564,
      2.847644203313896,
      2.820029416343656
    ]
  },
  "by_temperature": {
    "naive_seasonal": {
      "0-10": 3.0518791631882793,
      "<0": 3.888304212847325,
      "10-20": 3.139500665274945,
      ">20": 3.4262215375885297
    },
    "lstm": {
      "0-10": 2.2066888462012173,
      "<0": 2.39017463027604,
      "10-20": 2.4764013648183516,