{
  "model": "qtransformer_multi",
  "channels": [
    "hour_sin",
    "hour_cos",
    "doy_sin",
    "doy_cos",
    "p (mbar)",
    "rh (%)",
    "wv (m/s)",
    "max. wv (m/s)",
    "wd (deg)"
  ],
  "method": "channel shuffled across windows, seed 42",
  "splits": {
    "val": {
      "base": {
        "crps": 1.1084955858149839,
        "rmse_median": 2.5475385190379303,
        "picp": 0.80737895716946
      },
      "permuted": {
        "hour_sin": {
          "crps": 1.1084955858149839,
          "delta_crps": 0.0,
          "rmse_median": 2.5475385190379303,
          "delta_rmse": 0.0
        },
        "hour_cos": {
          "crps": 1.1084955858149839,
          "delta_crps": 0.0,
          "rmse_median": 2.5475385190379303,
          "delta_rmse": 0.0
        },
        "doy_sin": {
          "crps": 1.1537263159537214,
          "delta_crps": 0.045230730138737574,
          "rmse_median": 2.622877516622321,
          "delta_rmse": 0.07533899758439055
        },
        "doy_cos": {
          "crps": 2.009616071337052,
          "delta_crps": 0.9011204855220682,
          "rmse_median": 4.153050001363702,
          "delta_rmse": 1.6055114823257721
        },
        "p (mbar)": {
          "crps": 1.3041200018446282,
          "delta_crps": 0.1956244160296443,
          "rmse_median": 2.918082367200088,
          "delta_rmse": 0.3705438481621579
        },
        "rh (%)": {
          "crps": 1.193675946936312,
          "delta_crps": 0.08518036112132821,
          "rmse_median": 2.667091671330518,
          "delta_rmse": 0.11955315229258767
        },
        "wv (m/s)": {
          "crps": 1.3697540069961829,
          "delta_crps": 0.261258421181199,
          "rmse_median": 2.9390341057289673,
          "delta_rmse": 0.391495586691037
        },
        "max. wv (m/s)": {
          "crps": 1.3715401842544643,
          "delta_crps": 0.26304459843948047,
          "rmse_median": 2.980262026203201,
          "delta_rmse": 0.43272350716527086
        },
        "wd (deg)": {
          "crps": 1.2146398760920116,
          "delta_crps": 0.10614429027702776,
          "rmse_median": 2.710430913650144,
          "delta_rmse": 0.16289239461221383
        }
      }
    },
    "test": {
      "base": {
        "crps": 0.9856382235007555,
        "rmse_median": 2.275339294404109,
        "picp": 0.8405292479108635
      },
      "permuted": {
        "hour_sin": {
          "crps": 0.9856382235007555,
          "delta_crps": 0.0,
          "rmse_median": 2.275339294404109,
          "delta_rmse": 0.0
        },
        "hour_cos": {
          "crps": 0.9856382235007555,
          "delta_crps": 0.0,
          "rmse_median": 2.275339294404109,
          "delta_rmse": 0.0
        },
        "doy_sin": {
          "crps": 1.0283295318606478,
          "delta_crps": 0.04269130835989232,
          "rmse_median": 2.3653894455278452,
          "delta_rmse": 0.09005015112373638
        },
        "doy_cos": {
          "crps": 1.880196354984816,
          "delta_crps": 0.8945581314840605,
          "rmse_median": 3.8679231496681274,
          "delta_rmse": 1.5925838552640186
        },
        "p (mbar)": {
          "crps": 1.1038709375786708,
          "delta_crps": 0.11823271407791536,
          "rmse_median": 2.5530805014116864,
          "delta_rmse": 0.27774120700757754
        },
        "rh (%)": {
          "crps": 1.0143860690180335,
          "delta_crps": 0.028747845517278048,
          "rmse_median": 2.3138148928630593,
          "delta_rmse": 0.03847559845895043
        },
        "wv (m/s)": {
          "crps": 1.171202980656797,
          "delta_crps": 0.18556475715604148,
          "rmse_median": 2.5753948435868548,
          "delta_rmse": 0.3000555491827459
        },
        "max. wv (m/s)": {
          "crps": 1.364656278261588,
          "delta_crps": 0.3790180547608326,
          "rmse_median": 2.944775601189937,
          "delta_rmse": 0.669436306785828
        },
        "wd (deg)": {
          "crps": 1.0786201307133625,
          "delta_crps": 0.09298190721260702,
          "rmse_median": 2.4542161318463296,
          "delta_rmse": 0.17887683744222072
        }
      }
    }
  }
}