{
  "model": "qtransformer_multi",
  "channels": [
    "T (degC)",
    "hour_sin",
    "hour_cos",
    "doy_sin",
    "doy_cos",
    "p (mbar)",
    "rh (%)",
    "wv (m/s)",
    "max. wv (m/s)",
    "wd (deg)"
  ],
  "attackable": [
    "T (degC)",
    "p (mbar)",
    "rh (%)",
    "wv (m/s)",
    "max. wv (m/s)",
    "wd (deg)"
  ],
  "alpha": 0.1,
  "smoke": false,
  "clean": {
    "rmse": 2.275339294404109,
    "crps": 0.9856382235007555,
    "picp": 0.8405292479108635,
    "mis": 9.336848283994218
  },
  "settings": {
    "1.0": {
      "target_only": {
        "rmse": 4.463724709302785,
        "crps": 2.632352017897699,
        "picp": 0.3412256267409471,
        "mis": 33.49065157445895
      },
      "multichannel": {
        "rmse": 7.903320081722248,
        "crps": 5.665989425821406,
        "picp": 0.11826833797585887,
        "mis": 91.33389209713206
      }
    },
    "2.0": {
      "target_only": {
        "rmse": 6.026460978212043,
        "crps": 4.0282108131088545,
        "picp": 0.2292246982358403,
        "mis": 59.80353330060399
      },
      "multichannel": {
        "rmse": 9.290195865232484,
        "crps": 7.089706232498391,
        "picp": 0.09935004642525534,
        "mis": 119.4172385581467
      }
    },
    "4.0": {
      "target_only": {
        "rmse": 8.82262228798801,
        "crps": 6.397317592881671,
        "picp": 0.16434540389972144,
        "mis": 104.64698798936342
      },
      "multichannel": {
        "rmse": 11.825599904908241,
        "crps": 9.203459005265582,
        "picp": 0.1068941504178273,
        "mis": 157.65237208953852
      }
    }
  }
}