{
  "alpha": 0.1,
  "surrogates": [
    "qlstm",
    "qtransformer"
  ],
  "smoke": false,
  "note": "targets rescored on the exact adversarial contexts frozen in the surrogate dumps; no target gradient exists",
  "targets": {
    "lgbm": {
      "clean": {
        "rmse": 2.731473951709724,
        "crps": 1.192069489972593,
        "picp": 0.8657149489322191
      },
      "transfer_qlstm_1.0": {
        "rmse": 4.293788951908133,
        "crps": 2.0600372414408428,
        "picp": 0.6973073351903436
      },
      "transfer_qlstm_2.0": {
        "rmse": 5.93062588370699,
        "crps": 2.959622431190906,
        "picp": 0.6239554317548747
      },
      "transfer_qlstm_4.0": {
        "rmse": 8.099189027578676,
        "crps": 4.16201555347076,
        "picp": 0.5567548746518106
      },
      "transfer_qtransformer_1.0": {
        "rmse": 4.444797981690405,
        "crps": 2.1226823939212713,
        "picp": 0.6952181987000928
      },
      "transfer_qtransformer_2.0": {
        "rmse": 6.087260198308468,
        "crps": 3.050885032559908,
        "picp": 0.612116991643454
      },
      "transfer_qtransformer_4.0": {
        "rmse": 8.225856087877089,
        "crps": 4.224798271493402,
        "picp": 0.5565227483751161
      }
    },
    "qrf": {
      "clean": {
        "rmse": 2.7795887420728924,
        "crps": 1.2150892871746812,
        "picp": 0.9163184772516249
      },
      "transfer_qlstm_1.0": {
        "rmse": 4.013487998664874,
        "crps": 1.8813774613548062,
        "picp": 0.7878365831012071
      },
      "transfer_qlstm_2.0": {
        "rmse": 5.017002451917388,
        "crps": 2.4493789133705337,
        "picp": 0.7202878365831012
      },
      "transfer_qlstm_4.0": {
        "rmse": 6.565166104239551,
        "crps": 3.3764883252861635,
        "picp": 0.627205199628598
      },
      "transfer_qtransformer_1.0": {
        "rmse": 4.1823181874247615,
        "crps": 1.9620295747231484,
        "picp": 0.7809888579387186
      },
      "transfer_qtransformer_2.0": {
        "rmse": 5.3678653816192625,
        "crps": 2.6362075989304685,
        "picp": 0.6903435468895079
      },
      "transfer_qtransformer_4.0": {
        "rmse": 6.7040021024080465,
        "crps": 3.4687792046748207,
        "picp": 0.6102599814298979
      }
    },
    "qdlinear": {
      "clean": {
        "rmse": 2.483359608746318,
        "crps": 1.0748888040477673,
        "picp": 0.9353528319405757
      },
      "transfer_qlstm_1.0": {
        "rmse": 3.9578556559802407,
        "crps": 1.8564460974694774,
        "picp": 0.7510445682451253
      },
      "transfer_qlstm_2.0": {
        "rmse": 5.868683332623302,
        "crps": 2.975368737901274,
        "picp": 0.6203574744661096
      },
      "transfer_qlstm_4.0": {
        "rmse": 9.846579344655174,
        "crps": 5.424264536387571,
        "picp": 0.49025069637883006
      },
      "transfer_qtransformer_1.0": {
        "rmse": 4.276910477295204,
        "crps": 2.059524064285355,
        "picp": 0.7249303621169917
      },
      "transfer_qtransformer_2.0": {
        "rmse": 6.521277618695565,
        "crps": 3.376442644102517,
        "picp": 0.6010909935004642
      },
      "transfer_qtransformer_4.0": {
        "rmse": 11.128418280941478,
        "crps": 6.201752675191062,
        "picp": 0.46715413184772514
      }
    },
    "naive_seasonal": {
      "clean": {
        "rmse": 3.214942038823542
      },
      "transfer_qlstm_1.0": {
        "rmse": 4.559947725352578
      },
      "transfer_qlstm_2.0": {
        "rmse": 6.729713517709349
      },
      "transfer_qlstm_4.0": {
        "rmse": 11.678905555666347
      },
      "transfer_qtransformer_1.0": {
        "rmse": 4.582544906261785
      },
      "transfer_qtransformer_2.0": {
        "rmse": 6.760342672977553
      },
      "transfer_qtransformer_4.0": {
        "rmse": 11.714231219894684
      }
    }
  },
  "surrogate_whitebox": {
    "qlstm": {
      "fgsm_1.0": {
        "rmse": 5.5184595238472465,
        "picp": 0.44428969359331477
      },
      "fgsm_2.0": {
        "rmse": 7.4802013039653055,
        "picp": 0.29863045496750235
      },
      "fgsm_4.0": {
        "rmse": 9.513827817122982,
        "picp": 0.2502321262766945
      }
    },
    "qtransformer": {
      "fgsm_1.0": {
        "rmse": 5.475822598906664,
        "picp": 0.44962859795728877
      },
      "fgsm_2.0": {
        "rmse": 7.154523365296659,
        "picp": 0.37058960074280406
      },
      "fgsm_4.0": {
        "rmse": 10.317281276081209,
        "picp": 0.3097725162488394
      }
    }
  }
}