{
  "lookback": 168,
  "horizons": [
    12,
    24,
    48
  ],
  "smoke": true,
  "results": {
    "12h": {
      "crps": 3.633970453056868,
      "rmse": 7.081138031458882,
      "picp": 0.6657381615598886,
      "mis": 40.35296400889726
    },
    "24h": {
      "crps": 3.974447049711057,
      "rmse": 7.215709313966182,
      "picp": 0.6280176415970288,
      "mis": 48.06487989328224
    },
    "48h": {
      "crps": 3.9313383310655423,
      "rmse": 7.335199912019421,
      "picp": 0.6270949720670391,
      "mis": 45.156968812693606
    }
  }
}