{
  "lookback": 168,
  "horizons": [
    12,
    24,
    48
  ],
  "smoke": false,
  "results": {
    "12h": {
      "crps": 0.7968450458885629,
      "rmse": 1.8589259042199677,
      "picp": 0.9064531104921077,
      "mis": 7.388567473279174
    },
    "24h": {
      "crps": 1.0220161001030914,
      "rmse": 2.4304359384593623,
      "picp": 0.9048282265552461,
      "mis": 9.486214795598489
    },
    "48h": {
      "crps": 1.3571204835532107,
      "rmse": 3.153676096942765,
      "picp": 0.8897811918063314,
      "mis": 12.296991967323866
    }
  }
}