{
  "crps": 1.192069489972593,
  "pinball": 0.5960347449862965,
  "picp": 0.8657149489322191,
  "mpiw": 8.261693287013065,
  "mis": 11.63170442013069,
  "picp_alpha": 0.9,
  "rmse": 2.731473951709724,
  "mae": 2.0517455641375517,
  "point_rmse": 2.7423792028462017,
  "point_mae": 2.080201365647431,
  "point_smape": 37.861765032924474,
  "point_mase": 0.800905060238049,
  "model": "lgbm",
  "target": "T (degC)",
  "lookback": 168,
  "horizon": 24,
  "n_estimators": 400,
  "learning_rate": 0.05,
  "num_leaves": 63,
  "train_stride": 1,
  "quantiles": [
    0.05,
    0.1,
    0.25,
    0.5,
    0.75,
    0.9,
    0.95
  ],
  "n_predictions": 8616,
  "seed": 42,
  "smoke": false
}