{
  "n_windows": 359,
  "slice_size": 36,
  "alpha": 0.1,
  "definition": "drop = min(y)-y[0], rise = max(y)-y[0] within the 24h horizon; slices are the most extreme decile each (real events, no injection)",
  "slice_stats": {
    "sharp_drop_degC": {
      "mean": -5.425462956229846,
      "min": -11.173333585262299
    },
    "sharp_rise_degC": {
      "mean": 12.37879621817006,
      "max": 16.588333129882812
    }
  },
  "models": {
    "deepar": {
      "uncalibrated": {
        "full": {
          "picp": 0.8523676880222841,
          "mpiw": 7.4989793694948,
          "mis": 10.980776207339314,
          "pinball": 0.5834213258533655,
          "rmse_median": 2.69082310748601
        },
        "sharp_drop": {
          "picp": 0.6793981481481481,
          "mpiw": 7.957561696858007,
          "mis": 19.56012537086779,
          "pinball": 0.921289316915199,
          "rmse_median": 3.921107323372811
        },
        "sharp_rise": {
          "picp": 0.8819444444444444,
          "mpiw": 8.704894222344997,
          "mis": 11.14517268209925,
          "pinball": 0.6590887768840524,
          "rmse_median": 3.090439844200999
        }
      },
      "static": {
        "full": {
          "picp": 0.9155060352831941,
          "mpiw": 8.998775243393762,
          "mis": 10.862406311364033,
          "pinball": 0.5826336845197474,
          "rmse_median": 2.69082310748601
        },
        "sharp_drop": {
          "picp": 0.7719907407407407,
          "mpiw": 9.54907403622961,
          "mis": 16.926604884888768,
          "pinball": 0.8827088664167144,
          "rmse_median": 3.921107323372811
        },
        "sharp_rise": {
          "picp": 0.9490740740740741,
          "mpiw": 10.445873066813997,
          "mis": 11.586364232310679,
          "pinball": 0.6585196855105337,
          "rmse_median": 3.090439844200999
        }
      },
      "cqr": {
        "full": {
          "picp": 0.9238625812441968,
          "mpiw": 9.12589817930164,
          "mis": 10.862409551634524,
          "pinball": 0.5825758497411885,
          "rmse_median": 2.69082310748601
        },
        "sharp_drop": {
          "picp": 0.78125,
          "mpiw": 9.584480506664848,
          "mis": 16.850593582185045,
          "pinball": 0.9019355184246082,
          "rmse_median": 3.921107323372811
        },
        "sharp_rise": {
          "picp": 0.9456018518518519,
          "mpiw": 10.331813032151835,
          "mis": 11.504725833547084,
          "pinball": 0.6616570136801083,
          "rmse_median": 3.090439844200999
        }
      },
      "aci": {
        "full": {
          "picp": 0.8983286908077994,
          "mpiw": 8.238074051490402,
          "mis": 10.439476960609355,
          "pinball": 0.5740281735046437,
          "rmse_median": 2.69082310748601
        },
        "sharp_drop": {
          "picp": 0.7534722222222222,
          "mpiw": 8.708627441499019,
          "mis": 17.25559942343328,
          "pinball": 0.8833537285598422,
          "rmse_median": 3.921107323372811
        },
        "sharp_rise": {
          "picp": 0.8611111111111112,
          "mpiw": 8.471918955632345,
          "mis": 11.609445939860132,
          "pinball": 0.6669725387032219,
          "rmse_median": 3.090439844200999
        }
      },
      "input_tau": {
        "full": {
          "picp": 0.947075208913649,
          "mpiw": 11.953308878608327,
          "mis": 13.037837822251554,
          "pinball": 0.6394058597371471,
          "rmse_median": 2.69082310748601
        },
        "sharp_drop": {
          "picp": 0.8472222222222222,
          "mpiw": 12.841920536576131,
          "mis": 17.119769322854555,
          "pinball": 0.8952223355930533,
          "rmse_median": 3.921107323372811
        },
        "sharp_rise": {
          "picp": 0.9791666666666666,
          "mpiw": 13.388160559629421,
          "mis": 13.724497329634564,
          "pinball": 0.7064187877024358,
          "rmse_median": 3.090439844200999
        }
      }
    },
    "lgbm": {
      "uncalibrated": {
        "full": {
          "picp": 0.8657149489322191,
          "mpiw": 8.261693284259573,
          "mis": 11.631704378735073,
          "pinball": 0.5960347446030304,
          "rmse_median": 2.7314739466889137
        },
        "sharp_drop": {
          "picp": 0.8148148148148148,
          "mpiw": 8.756817053985152,
          "mis": 13.151218339299602,
          "pinball": 0.7324391139752012,
          "rmse_median": 3.415890766819129
        },
        "sharp_rise": {
          "picp": 0.7083333333333334,
          "mpiw": 9.49449809919396,
          "mis": 19.93799122011815,
          "pinball": 0.9403965472009972,
          "rmse_median": 3.918143806258488
        }
      },
      "static": {
        "full": {
          "picp": 0.8940343546889508,
          "mpiw": 9.087862612685532,
          "mis": 11.628429741194386,
          "pinball": 0.5969212242436363,
          "rmse_median": 2.7314739466889137
        },
        "sharp_drop": {
          "picp": 0.8611111111111112,
          "mpiw": 9.632498759383669,
          "mis": 12.684938279182878,
          "pinball": 0.7223323001933568,
          "rmse_median": 3.415890766819129
        },
        "sharp_rise": {
          "picp": 0.7569444444444444,
          "mpiw": 10.443947909113355,
          "mis": 18.792696948325116,
          "pinball": 0.9229237911297794,
          "rmse_median": 3.918143806258488
        }
      },
      "cqr": {
        "full": {
          "picp": 0.9246750232126276,
          "mpiw": 9.623087679934649,
          "mis": 11.593714468731438,
          "pinball": 0.5957633881030046,
          "rmse_median": 2.7314739466889137
        },
        "sharp_drop": {
          "picp": 0.9016203703703703,
          "mpiw": 10.118211449660228,
          "mis": 12.611118418075446,
          "pinball": 0.7285812573950288,
          "rmse_median": 3.415890766819129
        },
        "sharp_rise": {
          "picp": 0.7916666666666666,
          "mpiw": 10.855892494869034,
          "mis": 17.9047222344806,
          "pinball": 0.9258731973035861,
          "rmse_median": 3.918143806258488
        }
      },
      "aci": {
        "full": {
          "picp": 0.899025069637883,
          "mpiw": 9.144743871006847,
          "mis": 11.668583876285641,
          "pinball": 0.5970614895398968,
          "rmse_median": 2.7314739466889137
        },
        "sharp_drop": {
          "picp": 0.8634259259259259,
          "mpiw": 9.846391633333749,
          "mis": 13.093074742074354,
          "pinball": 0.7322196125432919,
          "rmse_median": 3.415890766819129
        },
        "sharp_rise": {
          "picp": 0.7511574074074074,
          "mpiw": 10.393021994772395,
          "mis": 19.284802298924777,
          "pinball": 0.9307854937927346,
          "rmse_median": 3.918143806258488
        }
      },
      "input_tau": {
        "full": {
          "picp": 0.9249071494893222,
          "mpiw": 11.598322163226404,
          "mis": 13.409558718001964,
          "pinball": 0.64340106694162,
          "rmse_median": 2.7314739466889137
        },
        "sharp_drop": {
          "picp": 0.8912037037037037,
          "mpiw": 12.546731977145477,
          "mis": 15.190441260994898,
          "pinball": 0.7880027944919101,
          "rmse_median": 3.415890766819129
        },
        "sharp_rise": {
          "picp": 0.8472222222222222,
          "mpiw": 14.223443913978485,
          "mis": 19.16404190323189,
          "pinball": 0.9519631494991712,
          "rmse_median": 3.918143806258488
        }
      }
    },
    "qdlinear": {
      "uncalibrated": {
        "full": {
          "picp": 0.9352367688022284,
          "mpiw": 8.765989356887285,
          "mis": 10.126463160649795,
          "pinball": 0.5374340360426174,
          "rmse_median": 2.482866401228869
        },
        "sharp_drop": {
          "picp": 0.8680555555555556,
          "mpiw": 9.01469671716741,