{
  "power": 3.0,
  "slice_size": 35,
  "seed": 42,
  "smoke": false,
  "normal": {
    "full": {
      "picp": 0.9267641597028784,
      "crps": 1.015455513978363,
      "rmse": 2.3842137642141363,
      "bias": 0.10080269443593214
    },
    "cold": {
      "picp": 0.9357142857142857,
      "crps": 0.9025289685521323,
      "rmse": 2.1048046916135936,
      "bias": 0.40713470448494254
    },
    "hot": {
      "picp": 0.9166666666666666,
      "crps": 1.1538671022265394,
      "rmse": 2.6116960031441,
      "bias": -1.1539933479374902
    }
  },
  "tail": {
    "full": {
      "picp": 0.8675719591457753,
      "crps": 1.2744855875918215,
      "rmse": 2.957939844814744,
      "bias": 0.5040311388071319
    },
    "cold": {
      "picp": 0.9047619047619048,
      "crps": 0.9731124107553223,
      "rmse": 2.2153157964107675,
      "bias": 0.16026696802398202
    },
    "hot": {
      "picp": 0.9178571428571428,
      "crps": 1.0430459096692,
      "rmse": 2.2491890742874423,
      "bias": -0.11767186732545151
    }
  }
}