{
  "settings_order": [
    "clean",
    "point_spike_2.0",
    "contextual_outlier_2.0",
    "level_shift_1.0",
    "level_shift_2.0",
    "level_shift_4.0"
  ],
  "augment": "p=0.5 per batch, {spike,outlier,level_shift} x {1,2,4}",
  "seed": 42,
  "smoke": false,
  "normal": {
    "clean": {
      "picp": 0.9267641597028784,
      "crps": 1.015455513978363,
      "rmse": 2.3842137642141363,
      "mis": 9.573381337852348
    },
    "point_spike_2.0": {
      "picp": 0.9259517177344475,
      "crps": 1.0192617959066557,
      "rmse": 2.390538953979911,
      "mis": 9.615416341502272
    },
    "contextual_outlier_2.0": {
      "picp": 0.9249071494893222,
      "crps": 1.0173278095463847,
      "rmse": 2.3861040082202716,
      "mis": 9.582121952223998
    },
    "level_shift_1.0": {
      "picp": 0.746866295264624,
      "crps": 1.5234944058430362,
      "rmse": 3.2007168668368156,
      "mis": 14.997371113685551
    },
    "level_shift_2.0": {
      "picp": 0.5110259981429898,
      "crps": 2.755110356676706,
      "rmse": 4.99199278636844,
      "mis": 32.824084484558675
    },
    "level_shift_4.0": {
      "picp": 0.23676880222841226,
      "crps": 5.991267095979967,
      "rmse": 9.031598323424971,
      "mis": 89.40899034301464
    }
  },
  "robust": {
    "clean": {
      "picp": 0.9381383472609099,
      "crps": 1.1533697305367263,
      "rmse": 2.5967538730718815,
      "mis": 11.014242478061844
    },
    "point_spike_2.0": {
      "picp": 0.9374419684308264,
      "crps": 1.152758663114247,
      "rmse": 2.5934359107130214,
      "mis": 11.00156717554543
    },
    "contextual_outlier_2.0": {
      "picp": 0.9372098421541318,
      "crps": 1.153634714296833,
      "rmse": 2.5946719456833636,
      "mis": 11.015913640844014
    },
    "level_shift_1.0": {
      "picp": 0.89322191272052,
      "crps": 1.3524596148210246,
      "rmse": 3.012309618099394,
      "mis": 12.27134150671573
    },
    "level_shift_2.0": {
      "picp": 0.8103528319405757,
      "crps": 1.8401544241214263,
      "rmse": 3.963283472759657,
      "mis": 16.37978202837713
    },
    "level_shift_4.0": {
      "picp": 0.6880222841225627,
      "crps": 2.6630487933288096,
      "rmse": 5.410973839106221,
      "mis": 25.55580547012276
    }
  }
}