{
  "n_predictions": 8616,
  "crps": 1.2150892871746812,
  "pinball": 0.6075446435873406,
  "picp": 0.9163184772516249,
  "mpiw": 9.552883339077114,
  "mis": 11.540408816484828,
  "picp_alpha": 0.9,
  "rmse": 2.7795887420728924,
  "mae": 2.0641568446816807,
  "smape": 38.083804799320795,
  "mase": 0.7947277094823816,
  "model": "qrf",
  "target": "T (degC)",
  "lookback": 168,
  "horizon": 24,
  "n_estimators": 100,
  "min_samples_leaf": 50,
  "max_samples_leaf": 32,
  "train_stride": 3,
  "quantiles": [
    0.05,
    0.1,
    0.25,
    0.5,
    0.75,
    0.9,
    0.95
  ],
  "seed": 42,
  "smoke": false
}