{
  "quantiles": [
    0.01,
    0.025,
    0.05,
    0.1,
    0.25,
    0.5,
    0.75,
    0.9,
    0.95,
    0.975,
    0.99
  ],
  "n_quantiles": 11,
  "smoke": true,
  "crossings_after_sort": 0,
  "full": {
    "90pct": {
      "target": 0.9,
      "picp": 0.43454038997214484,
      "mpiw": 8.052046590796659
    },
    "95pct": {
      "target": 0.95,
      "picp": 0.5649953574744662,
      "mpiw": 11.022151905141536
    },
    "98pct": {
      "target": 0.98,
      "picp": 0.747330547818013,
      "mpiw": 16.037877027405337
    }
  },
  "cold_decile": {
    "90pct": {
      "target": 0.9,
      "picp": 0.3476190476190476,
      "mpiw": 10.282736886144015
    },
    "95pct": {
      "target": 0.95,
      "picp": 0.5595238095238095,
      "mpiw": 14.083886175173696
    },
    "98pct": {
      "target": 0.98,
      "picp": 0.7321428571428571,
      "mpiw": 19.047618001311132
    }
  },
  "hot_decile": {
    "90pct": {
      "target": 0.9,
      "picp": 0.02738095238095238,
      "mpiw": 8.094467117053032
    },
    "95pct": {
      "target": 0.95,
      "picp": 0.10714285714285714,
      "mpiw": 11.390767274399993
    },
    "98pct": {
      "target": 0.98,
      "picp": 0.375,
      "mpiw": 17.475017502436735
    }
  },
  "note": "extreme tails are data-sparse -> noisier; sorted to avoid crossing"
}