{
  "quantiles": [
    0.01,
    0.025,
    0.05,
    0.1,
    0.25,
    0.5,
    0.75,
    0.9,
    0.95,
    0.975,
    0.99
  ],
  "n_quantiles": 11,
  "smoke": false,
  "crossings_after_sort": 0,
  "full": {
    "90pct": {
      "target": 0.9,
      "picp": 0.9018105849582173,
      "mpiw": 7.400723192623403
    },
    "95pct": {
      "target": 0.95,
      "picp": 0.9493964716805943,
      "mpiw": 8.904836391390186
    },
    "98pct": {
      "target": 0.98,
      "picp": 0.9785283194057567,
      "mpiw": 10.956103203698644
    }
  },
  "cold_decile": {
    "90pct": {
      "target": 0.9,
      "picp": 0.8904761904761904,
      "mpiw": 6.449128046223111
    },
    "95pct": {
      "target": 0.95,
      "picp": 0.9511904761904761,
      "mpiw": 8.00553007261839
    },
    "98pct": {
      "target": 0.98,
      "picp": 0.986904761904762,
      "mpiw": 9.835231513189264
    }
  },
  "hot_decile": {
    "90pct": {
      "target": 0.9,
      "picp": 0.9238095238095239,
      "mpiw": 8.940932142213546
    },
    "95pct": {
      "target": 0.95,
      "picp": 0.9547619047619048,
      "mpiw": 10.477022457507788
    },
    "98pct": {
      "target": 0.98,
      "picp": 0.9785714285714285,
      "mpiw": 13.034647975078315
    }
  },
  "note": "extreme tails are data-sparse -> noisier; sorted to avoid crossing"
}