{
  "n_predictions": 8616,
  "crps": 1.1572157500374973,
  "pinball": 0.5786078750187487,
  "picp": 0.915041782729805,
  "mpiw": 9.053371702306805,
  "mis": 10.8780966993417,
  "picp_alpha": 0.9,
  "rmse": 2.662830206547984,
  "mae": 1.999142257305828,
  "smape": 35.55892429351736,
  "mase": 0.7696962306333524,
  "model": "qtransformer_robust",
  "target": "T (degC)",
  "epochs": 12,
  "quantiles": [
    0.05,
    0.1,
    0.25,
    0.5,
    0.75,
    0.9,
    0.95
  ],
  "seed": 42,
  "device": "cuda",
  "smoke": false,
  "augment": "p=0.5 per batch {spike,outlier,level_shift}x{1,2,4}",
  "note": "anomaly-augmented QT; phase-4 robust generalisation test"
}