{
  "n_predictions": 8616,
  "crps": 0.9856382235007555,
  "pinball": 0.49281911175037774,
  "picp": 0.8405292479108635,
  "mpiw": 5.857669939432258,
  "mis": 9.336848283994218,
  "picp_alpha": 0.9,
  "rmse": 2.275339294404109,
  "mae": 1.68909959040651,
  "smape": 32.734443117620984,
  "mase": 0.6503257002649079,
  "model": "qtransformer_multi",
  "target": "T (degC)",
  "channels": [
    "T (degC)",
    "hour_sin",
    "hour_cos",
    "doy_sin",
    "doy_cos",
    "p (mbar)",
    "rh (%)",
    "wv (m/s)",
    "max. wv (m/s)",
    "wd (deg)"
  ],
  "lookback": 168,
  "horizon": 24,
  "epochs": 12,
  "quantiles": [
    0.05,
    0.1,
    0.25,
    0.5,
    0.75,
    0.9,
    0.95
  ],
  "seed": 42,
  "smoke": false,
  "anomaly_stance": "target-channel-only corruption (Asama-1)"
}