{
  "n_predictions": 1440,
  "crps": 2.449262227333655,
  "pinball": 1.2246311136668275,
  "picp": 0.8388888888888889,
  "mpiw": 15.991979709022763,
  "mis": 24.550891885752602,
  "picp_alpha": 0.9,
  "rmse": 4.948458013042726,
  "mae": 3.7962484043011298,
  "smape": 97.13050836988825,
  "mase": 1.461605883862343,
  "model": "qtransformer_robust",
  "target": "T (degC)",
  "epochs": 1,
  "quantiles": [
    0.05,
    0.1,
    0.25,
    0.5,
    0.75,
    0.9,
    0.95
  ],
  "seed": 42,
  "device": "cuda",
  "smoke": true,
  "augment": "p=0.5 per batch {spike,outlier,level_shift}x{1,2,4}",
  "note": "anomaly-augmented QT; phase-4 robust generalisation test"
}