{
  "n_predictions": 8616,
  "crps": 0.9337293667402837,
  "pinball": 0.46686468337014186,
  "picp": 0.8986768802228412,
  "mpiw": 6.491002510771813,
  "mis": 8.605050356667114,
  "picp_alpha": 0.9,
  "rmse": 2.2052987468390053,
  "mae": 1.6252864333006452,
  "smape": 31.072481322795507,
  "mase": 0.6257567891483489,
  "model": "qtransformer_multi",
  "target": "T (degC)",
  "channels": [
    "T (degC)",
    "hour_sin",
    "hour_cos",
    "doy_sin",
    "doy_cos",
    "p (mbar)",
    "rh (%)",
    "VPmax (mbar)",
    "wv (m/s)"
  ],
  "lookback": 168,
  "horizon": 24,
  "epochs": 12,
  "quantiles": [
    0.05,
    0.1,
    0.25,
    0.5,
    0.75,
    0.9,
    0.95
  ],
  "seed": 42,
  "smoke": false,
  "anomaly_stance": "target-channel-only corruption (Asama-1)"
}