{
  "settings": [
    "clean",
    "level_shift_1.0",
    "level_shift_2.0",
    "level_shift_4.0"
  ],
  "seed": 42,
  "smoke": false,
  "models": {
    "qlstm": {
      "normal": {
        "clean": {
          "picp": 0.9267641597028784,
          "rmse": 2.3842137642141363,
          "crps": 1.015455513978363
        },
        "level_shift_1.0": {
          "picp": 0.746866295264624,
          "rmse": 3.2007168668368156,
          "crps": 1.5234944058430362
        },
        "level_shift_2.0": {
          "picp": 0.5110259981429898,
          "rmse": 4.99199278636844,
          "crps": 2.755110356676706
        },
        "level_shift_4.0": {
          "picp": 0.23676880222841226,
          "rmse": 9.031598323424971,
          "crps": 5.991267095979967
        }
      },
      "robust": {
        "clean": {
          "picp": 0.9381383472609099,
          "rmse": 2.5967538730718815,
          "crps": 1.1533697305367263
        },
        "level_shift_1.0": {
          "picp": 0.89322191272052,
          "rmse": 3.012309618099394,
          "crps": 1.3524596148210246
        },
        "level_shift_2.0": {
          "picp": 0.8103528319405757,
          "rmse": 3.963283472759657,
          "crps": 1.8401544241214263
        },
        "level_shift_4.0": {
          "picp": 0.6880222841225627,
          "rmse": 5.410973839106221,
          "crps": 2.6630487933288096
        }
      }
    },
    "qtransformer": {
      "normal": {
        "clean": {
          "picp": 0.9048282265552461,
          "rmse": 2.4304359384593623,
          "crps": 1.0220161001030914
        },
        "level_shift_1.0": {
          "picp": 0.7226090993500465,
          "rmse": 3.1539824398907017,
          "crps": 1.5318914849218692
        },
        "level_shift_2.0": {
          "picp": 0.5217038068709378,
          "rmse": 4.864999735335104,
          "crps": 2.7051990437894657
        },
        "level_shift_4.0": {
          "picp": 0.30176415970287834,
          "rmse": 8.645996651285918,
          "crps": 5.511987445877467
        }
      },
      "robust": {
        "clean": {
          "picp": 0.9303621169916435,
          "rmse": 2.519619856715665,
          "crps": 1.0797613886780348
        },
        "level_shift_1.0": {
          "picp": 0.8552692664809657,
          "rmse": 3.0614307301610384,
          "crps": 1.3859435081407514
        },
        "level_shift_2.0": {
          "picp": 0.7483751160631383,
          "rmse": 4.083129080162732,
          "crps": 1.958489662440051
        },
        "level_shift_4.0": {
          "picp": 0.7222609099350047,
          "rmse": 5.053288507160166,
          "crps": 2.4915460779208716
        }
      }
    },
    "deepar": {
      "normal": {
        "clean": {
          "picp": 0.8523676880222841,
          "rmse": 2.690823107135305,
          "crps": 1.1668426542811334
        },
        "level_shift_1.0": {
          "picp": 0.666782729805014,
          "rmse": 3.3989197330874266,
          "crps": 1.68348989535511
        },
        "level_shift_2.0": {
          "picp": 0.4726090993500464,
          "rmse": 5.015969798859179,
          "crps": 2.833490453274701
        },
        "level_shift_4.0": {
          "picp": 0.2675255338904364,
          "rmse": 8.472085124229359,
          "crps": 5.612294409659222
        }
      },
      "robust": {
        "clean": {
          "picp": 0.9316388115134633,
          "rmse": 2.9849551555214475,
          "crps": 1.2520202280818928
        },
        "level_shift_1.0": {
          "picp": 0.8075673166202414,
          "rmse": 3.4986808278613255,
          "crps": 1.6094833302836977
        },
        "level_shift_2.0": {
          "picp": 0.6580779944289693,
          "rmse": 4.791725455331371,
          "crps": 2.452154671958074
        },
        "level_shift_4.0": {
          "picp": 0.46123491179201487,
          "rmse": 7.533245466506577,
          "crps": 4.354065393557391
        }
      }
    }
  }
}