{
  "settings": [
    "clean",
    "level_shift_1.0",
    "level_shift_2.0",
    "level_shift_4.0"
  ],
  "seed": 42,
  "smoke": true,
  "models": {
    "qlstm": {
      "normal": {
        "clean": {
          "picp": 0.05416666666666667,
          "rmse": 7.445295023609019,
          "crps": 5.91529672099188
        },
        "level_shift_1.0": {
          "picp": 0.05486111111111111,
          "rmse": 7.44352723360938,
          "crps": 5.913249449229798
        },
        "level_shift_2.0": {
          "picp": 0.05486111111111111,
          "rmse": 7.44210233939875,
          "crps": 5.911151663741749
        },
        "level_shift_4.0": {
          "picp": 0.05416666666666667,
          "rmse": 7.440183421815485,
          "crps": 5.906760772317702
        }
      },
      "robust": {
        "clean": {
          "picp": 0.05416666666666667,
          "rmse": 7.445144101741977,
          "crps": 5.915338807000031
        },
        "level_shift_1.0": {
          "picp": 0.05486111111111111,
          "rmse": 7.443388288770644,
          "crps": 5.913293196472657
        },
        "level_shift_2.0": {
          "picp": 0.05486111111111111,
          "rmse": 7.441968904745272,
          "crps": 5.911190348389836
        },
        "level_shift_4.0": {
          "picp": 0.05416666666666667,
          "rmse": 7.4399758733231485,
          "crps": 5.906764492261741
        }
      }
    },
    "qtransformer": {
      "normal": {
        "clean": {
          "picp": 0.8430555555555556,
          "rmse": 4.932272614220489,
          "crps": 2.4236238039698383
        },
        "level_shift_1.0": {
          "picp": 0.8479166666666667,
          "rmse": 4.892957937610176,
          "crps": 2.404102487883812
        },
        "level_shift_2.0": {
          "picp": 0.8472222222222222,
          "rmse": 4.871174197941452,
          "crps": 2.397383102026951
        },
        "level_shift_4.0": {
          "picp": 0.8486111111111111,
          "rmse": 4.89940026249341,
          "crps": 2.4277388605203547
        }
      },
      "robust": {
        "clean": {
          "picp": 0.8430555555555556,
          "rmse": 4.9509732220423155,
          "crps": 2.434419674633475
        },
        "level_shift_1.0": {
          "picp": 0.8493055555555555,
          "rmse": 4.912143802970785,
          "crps": 2.4152647621919763
        },
        "level_shift_2.0": {
          "picp": 0.85,
          "rmse": 4.888322171781377,
          "crps": 2.4072185559836186
        },
        "level_shift_4.0": {
          "picp": 0.8486111111111111,
          "rmse": 4.894113838270499,
          "crps": 2.4265345559023253
        }
      }
    },
    "deepar": {
      "normal": {
        "clean": {
          "picp": 0.8576388888888888,
          "rmse": 6.652648104502551,
          "crps": 3.0529780680494336
        },
        "level_shift_1.0": {
          "picp": 0.85625,
          "rmse": 6.6503696940888375,
          "crps": 3.0517274726159713
        },
        "level_shift_2.0": {
          "picp": 0.8576388888888888,
          "rmse": 6.648245641590462,
          "crps": 3.05056999466431
        },
        "level_shift_4.0": {
          "picp": 0.85625,
          "rmse": 6.644473862483247,
          "crps": 3.048601741709054
        }
      },
      "robust": {
        "clean": {
          "picp": 0.8590277777777777,
          "rmse": 6.587564846450316,
          "crps": 3.022079250456908
        },
        "level_shift_1.0": {
          "picp": 0.8597222222222223,
          "rmse": 6.585135063162818,
          "crps": 3.0208074122363633
        },
        "level_shift_2.0": {
          "picp": 0.8597222222222223,
          "rmse": 6.582870215125648,
          "crps": 3.019608398350124
        },
        "level_shift_4.0": {
          "picp": 0.8597222222222223,
          "rmse": 6.578850712310483,
          "crps": 3.017496164883614
        }
      }
    }
  }
}