{
  "alpha": 0.1,
  "settings": {
    "clean": {
      "normal_raw": {
        "picp": 0.9267641597028784,
        "mpiw": 7.958277904222903,
        "mis": 9.573381288930426,
        "pinball": 0.50772775644057,
        "rmse_median": 2.3842137592553656
      },
      "normal_aci": {
        "picp": 0.9083101207056639,
        "mpiw": 7.382225440451351,
        "mis": 9.519825174163033,
        "pinball": 0.5060313222445216,
        "rmse_median": 2.3842137592553656
      },
      "robust_raw": {
        "picp": 0.9381383472609099,
        "mpiw": 9.690840537432262,
        "mis": 11.01424247260947,
        "pinball": 0.5766848644254241,
        "rmse_median": 2.5967538650795152
      },
      "robust_aci": {
        "picp": 0.9063370473537604,
        "mpiw": 8.622215796293112,
        "mis": 10.792606868814852,
        "pinball": 0.570642470687792,
        "rmse_median": 2.5967538650795152
      },
      "robust_input_tau": {
        "picp": 0.9366295264623955,
        "mpiw": 10.02245562076875,
        "mis": 11.325574112862503,
        "pinball": 0.5839582724264794,
        "rmse_median": 2.5967538650795152
      }
    },
    "level_shift_1.0": {
      "normal_raw": {
        "picp": 0.746866295264624,
        "mpiw": 7.966754961011448,
        "mis": 14.997371090233345,
        "pinball": 0.7617472023177021,
        "rmse_median": 3.200716860900026
      },
      "normal_aci": {
        "picp": 0.8743036211699164,
        "mpiw": 11.471788763355246,
        "mis": 14.266364403435364,
        "pinball": 0.7494651939247039,
        "rmse_median": 3.200716860900026
      },
      "robust_raw": {
        "picp": 0.89322191272052,
        "mpiw": 9.854461223108244,
        "mis": 12.271341495857765,
        "pinball": 0.6762298063173773,
        "rmse_median": 3.0123096119302675
      },
      "robust_aci": {
        "picp": 0.8976323119777159,
        "mpiw": 10.007271573781159,
        "mis": 12.345736514951714,
        "pinball": 0.6772990148714427,
        "rmse_median": 3.0123096119302675
      },
      "robust_input_tau": {
        "picp": 0.8965877437325905,
        "mpiw": 10.157579961995006,
        "mis": 12.503689452065146,
        "pinball": 0.6809454651480145,
        "rmse_median": 3.0123096119302675
      }
    },
    "level_shift_2.0": {
      "normal_raw": {
        "picp": 0.5110259981429898,
        "mpiw": 8.011848852878186,
        "mis": 32.824084481352756,
        "pinball": 1.3775551796701926,
        "rmse_median": 4.991992793231031
      },
      "normal_aci": {
        "picp": 0.8262534818941504,
        "mpiw": 16.15217437017882,
        "mis": 23.00828969984376,
        "pinball": 1.2031888374509978,
        "rmse_median": 4.991992793231031
      },
      "robust_raw": {
        "picp": 0.8103528319405757,
        "mpiw": 10.352756253055702,
        "mis": 16.379781960917754,
        "pinball": 0.9200772101561513,
        "rmse_median": 3.9632834661260383
      },
      "robust_aci": {
        "picp": 0.8833565459610028,
        "mpiw": 12.543195068222238,
        "mis": 15.814573539658555,
        "pinball": 0.9044211710392993,
        "rmse_median": 3.9632834661260383
      },
      "robust_input_tau": {
        "picp": 0.8209145775301764,
        "mpiw": 11.434540574206864,
        "mis": 17.10020888684006,
        "pinball": 0.9339999221762587,
        "rmse_median": 3.9632834661260383
      }
    },
    "level_shift_4.0": {
      "normal_raw": {
        "picp": 0.23676880222841226,
        "mpiw": 8.277009134250727,
        "mis": 89.40899028847352,
        "pinball": 2.9956335495622803,
        "rmse_median": 9.031598323312847
      },
      "normal_aci": {
        "picp": 0.7460538532961931,
        "mpiw": 24.851659348403206,
        "mis": 42.84798221193912,
        "pinball": 2.2572493736569283,
        "rmse_median": 9.031598323312847
      },
      "robust_raw": {
        "picp": 0.6880222841225627,
        "mpiw": 11.640145622072147,
        "mis": 25.555805518251944,
        "pinball": 1.3315243976125566,
        "rmse_median": 5.41097383538391
      },
      "robust_aci": {
        "picp": 0.8657149489322191,
        "mpiw": 16.419476625882396,
        "mis": 21.401145139909808,
        "pinball": 1.251855848166004,
        "rmse_median": 5.41097383538391
      },
      "robust_input_tau": {
        "picp": 0.7047353760445683,
        "mpiw": 12.472734773893379,
        "mis": 25.370649543260047,
        "pinball": 1.3268829142522232,
        "rmse_median": 5.41097383538391
      }
    },
    "fgsm_2.0": {
      "normal_raw": {
        "picp": 0.29863045496750235,
        "mpiw": 8.708559868917039,
        "mis": 61.32002724878881,
        "pinball": 2.277264467437958,
        "rmse_median": 7.4802013039653055
      },
      "normal_aci": {
        "picp": 0.799791086350975,
        "mpiw": 21.45660493678561,
        "mis": 29.789868333089426,
        "pinball": 1.7410922295244495,
        "rmse_median": 7.4802013039653055
      },
      "robust_raw": {
        "picp": 0.5509517177344475,
        "mpiw": 11.891156409209774,
        "mis": 39.9245677896767,
        "pinball": 1.8701674579135177,
        "rmse_median": 7.246740160582534
      },
      "robust_aci": {
        "picp": 0.8556174558960075,
        "mpiw": 20.234023506439115,
        "mis": 26.86362166444555,
        "pinball": 1.6188005757272759,
        "rmse_median": 7.246740160582534
      },
      "robust_input_tau": {
        "picp": 0.6821030640668524,
        "mpiw": 15.832749814151699,
        "mis": 31.88956629919397,
        "pinball": 1.7342387367163121,
        "rmse_median": 7.246740160582534
      }
    },
    "fgsm_4.0": {
      "normal_raw": {
        "picp": 0.2502321262766945,
        "mpiw": 9.626352119367342,
        "mis": 87.64793737930867,
        "pinball": 3.043963199185837,
        "rmse_median": 9.513827817122982
      },
      "normal_aci": {
        "picp": 0.7722841225626741,
        "mpiw": 26.644137639182297,
        "mis": 40.87925749935146,
        "pinball": 2.2864204858783026,
        "rmse_median": 9.513827817122982
      },
      "robust_raw": {
        "picp": 0.4964020427112349,
        "mpiw": 14.099420409924516,
        "mis": 57.9814509443834,
        "pinball": 2.519309481114337,
        "rmse_median": 9.358244859203504
      },
      "robust_aci": {
        "picp": 0.840761374187558,
        "mpiw": 25.705744397290403,
        "mis": 35.20630428591558,
        "pinball": 2.115744964058059,
        "rmse_median": 9.358244859203504
      },
      "robust_input_tau": {
        "picp": 0.7465181058495822,
        "mpiw": 22.32134266551678,
        "mis": 38.587289100835,
        "pinball": 2.1870836038507497,
        "rmse_median": 9.358244859203504
      }
    }
  }
}