{
  "n_windows": 359,
  "seed": 42,
  "n_boot": 10000,
  "note": "delta/dm convention: (a - b); negative favours a",
  "rmse": {
    "lstm": 2.429427885924916,
    "naive_seasonal": 3.214942036827393,
    "deepar": 2.69082310748601,
    "qtransformer": 2.430435930314456,
    "lgbm": 2.7423791951858365,
    "ensemble_lstm_qt": 2.3839866226621385
  },
  "pairs": {
    "deepar__vs__ensemble_lstm_qt": {
      "dm": {
        "mean_loss_diff": 1.5571367787486363,
        "dm_stat": 4.748109838282308,
        "p_value": 2.053265246715341e-06,
        "n": 359
      },
      "bootstrap": {
        "delta_rmse": 0.3068364848238714,
        "ci95": [
          0.2035070122250852,
          0.4117081668370514
        ],
        "p_value": 0.0,
        "n_windows": 359,
        "n_boot": 10000
      }
    },
    "deepar__vs__lgbm": {
      "dm": {
        "mean_loss_diff": -0.2801146544074487,
        "dm_stat": -0.6993525361744557,
        "p_value": 0.48433174231405784,
        "n": 359
      },
      "bootstrap": {
        "delta_rmse": -0.05155608769982667,
        "ci95": [
          -0.17736679288834126,
          0.07651487078018794
        ],
        "p_value": 0.4246,
        "n_windows": 359,
        "n_boot": 10000
      }
    },
    "deepar__vs__lstm": {
      "dm": {
        "mean_loss_diff": 1.338409142871059,
        "dm_stat": 4.163824335814492,
        "p_value": 3.129609308860637e-05,
        "n": 359
      },
      "bootstrap": {
        "delta_rmse": 0.26139522156109374,
        "ci95": [
          0.16368671306036847,
          0.35957924280827963
        ],
        "p_value": 0.0,
        "n_windows": 359,
        "n_boot": 10000
      }
    },
    "deepar__vs__naive_seasonal": {
      "dm": {
        "mean_loss_diff": -3.0953233043792006,
        "dm_stat": -5.245207933204054,
        "p_value": 1.5610616976857727e-07,
        "n": 359
      },
      "bootstrap": {
        "delta_rmse": -0.524118929341383,
        "ci95": [
          -0.694738695393601,
          -0.35626366064941045
        ],
        "p_value": 0.0,
        "n_windows": 359,
        "n_boot": 10000
      }
    },
    "deepar__vs__qtransformer": {
      "dm": {
        "mean_loss_diff": 1.3335101844171717,
        "dm_stat": 3.7034735330563318,
        "p_value": 0.00021266737831360238,
        "n": 359
      },
      "bootstrap": {
        "delta_rmse": 0.260387177171554,
        "ci95": [
          0.14099985369760631,
          0.37824489448203263
        ],
        "p_value": 0.0,
        "n_windows": 359,
        "n_boot": 10000
      }
    },
    "ensemble_lstm_qt__vs__lgbm": {
      "dm": {
        "mean_loss_diff": -1.8372514331560854,
        "dm_stat": -6.464525292070146,
        "p_value": 1.0161738117631103e-10,
        "n": 359
      },
      "bootstrap": {
        "delta_rmse": -0.35839257252369805,
        "ci95": [
          -0.4564531786954557,
          -0.2607217880115783
        ],
        "p_value": 0.0,
        "n_windows": 359,
        "n_boot": 10000
      }
    },
    "ensemble_lstm_qt__vs__lstm": {
      "dm": {
        "mean_loss_diff": -0.21872763587757776,
        "dm_stat": -2.738366867444076,
        "p_value": 0.00617451542892522,
        "n": 359
      },
      "bootstrap": {
        "delta_rmse": -0.04544126326277764,
        "ci95": [
          -0.08119310072608035,
          -0.00994327385093727
        ],
        "p_value": 0.0116,
        "n_windows": 359,
        "n_boot": 10000
      }
    },
    "ensemble_lstm_qt__vs__naive_seasonal": {
      "dm": {
        "mean_loss_diff": -4.652460083127837,
        "dm_stat": -7.774126463797779,
        "p_value": 7.549516567451064e-15,
        "n": 359
      },
      "bootstrap": {
        "delta_rmse": -0.8309554141652544,
        "ci95": [
          -0.9830308339076765,
          -0.6834385932123899
        ],
        "p_value": 0.0,
        "n_windows": 359,
        "n_boot": 10000
      }
    },
    "ensemble_lstm_qt__vs__qtransformer": {
      "dm": {
        "mean_loss_diff": -0.2236265943314649,
        "dm_stat": -2.6887321577943166,
        "p_value": 0.007172394257836334,
        "n": 359
      },
      "bootstrap": {
        "delta_rmse": -0.04644930765231736,
        "ci95": [
          -0.08159245016542162,
          -0.011690238539475966
        ],
        "p_value": 0.0104,
        "n_windows": 359,
        "n_boot": 10000
      }
    },
    "lgbm__vs__lstm": {
      "dm": {
        "mean_loss_diff": 1.6185237972785076,
        "dm_stat": 6.154358725793637,
        "p_value": 7.538187851707789e-10,
        "n": 359
      },
      "bootstrap": {
        "delta_rmse": 0.3129513092609204,
        "ci95": [
          0.21802684481203222,
          0.40938995736809775
        ],
        "p_value": 0.0,
        "n_windows": 359,
        "n_boot": 10000
      }
    },
    "lgbm__vs__naive_seasonal": {
      "dm": {
        "mean_loss_diff": -2.8152086499717517,
        "dm_stat": -4.702459505332247,
        "p_value": 2.570462106277205e-06,
        "n": 359
      },
      "bootstrap": {
        "delta_rmse": -0.4725628416415564,
        "ci95": [
          -0.6227255194943092,
          -0.3231149835374757
        ],
        "p_value": 0.0,
        "n_windows": 359,
        "n_boot": 10000
      }
    },
    "lgbm__vs__qtransformer": {
      "dm": {
        "mean_loss_diff": 1.6136248388246204,
        "dm_stat": 5.030129876367564,
        "p_value": 4.901477064223059e-07,
        "n": 359
      },
      "bootstrap": {
        "delta_rmse": 0.3119432648713807,
        "ci95": [
          0.20222287119318735,
          0.42275072890042537
        ],
        "p_value": 0.0,
        "n_windows": 359,
        "n_boot": 10000
      }
    },
    "lstm__vs__naive_seasonal": {
      "dm": {
        "mean_loss_diff": -4.433732447250259,
        "dm_stat": -7.406390107669036,
        "p_value": 1.2967404927621828e-13,
        "n": 359
      },
      "bootstrap": {
        "delta_rmse": -0.7855141509024768,
        "ci95": [
          -0.9395013242158671,
          -0.6403181885622005
        ],
        "p_value": 0.0,
        "n_windows": 359,
        "n_boot": 10000
      }
    },
    "lstm__vs__qtransformer": {
      "dm": {
        "mean_loss_diff": -0.004898958453887119,
        "dm_stat": -0.030574236486810458,
        "p_value": 0.9756090888466855,
        "n": 359
      },
      "bootstrap": {
        "delta_rmse": -0.0010080443895397195,
        "ci95": [
          -0.0709238006486881,
          0.06882764180582265
        ],
        "p_value": 0.9592,
        "n_windows": 359,
        "n_boot": 10000
      }
    },
    "naive_seasonal__vs__qtransformer": {
      "dm": {
        "mean_loss_diff": 4.428833488796371,
        "dm_stat": 7.313015888249257,
        "p_value": 2.611244553918368e-13,
        "n": 359
      },
      "bootstrap": {
        "delta_rmse": 0.7845061065129371,
        "ci95": [
          0.6312079591554911,
          0.9423659932381507
        ],
        "p_value": 0.0,
        "n_windows": 359,
        "n_boot": 10000
      }
    }
  }
}