{
  "model": "deepar",
  "method": "cqr",
  "alpha": 0.1,
  "fit_on": [
    "clean"
  ],
  "params": {
    "margin": 0.8134594049034186
  },
  "settings": {
    "clean": {
      "before": {
        "picp": 0.8523676880222841,
        "mpiw": 7.4989793694948,
        "mis": 10.980776207339314,
        "pinball": 0.5834213258533655,
        "rmse_median": 2.69082310748601
      },
      "after": {
        "picp": 0.9238625812441968,
        "mpiw": 9.12589817930164,
        "mis": 10.862409551634524,
        "pinball": 0.5825758497411885,
        "rmse_median": 2.69082310748601
      }
    },
    "contextual_outlier_1.0": {
      "before": {
        "picp": 0.8510909935004642,
        "mpiw": 7.499779695811349,
        "mis": 10.981093111160702,
        "pinball": 0.5840339905818126,
        "rmse_median": 2.693126591084596
      },
      "after": {
        "picp": 0.9240947075208914,
        "mpiw": 9.126698505618188,
        "mis": 10.858208116076492,
        "pinball": 0.5831562406169253,
        "rmse_median": 2.693126591084596
      }
    },
    "contextual_outlier_2.0": {
      "before": {
        "picp": 0.8479572887650882,
        "mpiw": 7.504398324705928,
        "mis": 11.022412385423674,
        "pinball": 0.5864521403258376,
        "rmse_median": 2.7022816262844502
      },
      "after": {
        "picp": 0.9235143918291551,
        "mpiw": 9.131317134512768,
        "mis": 10.872456255809198,
        "pinball": 0.5853810251143056,
        "rmse_median": 2.7022816262844502
      }
    },
    "contextual_outlier_4.0": {
      "before": {
        "picp": 0.8442432683379758,
        "mpiw": 7.538632625958382,
        "mis": 11.176260598509453,
        "pinball": 0.5928598601485121,
        "rmse_median": 2.7309673858053474
      },
      "after": {
        "picp": 0.9207288765088208,
        "mpiw": 9.165551435765222,
        "mis": 10.976135142290225,
        "pinball": 0.5914303926040889,
        "rmse_median": 2.7309673858053474
      }
    },
    "fgsm_1.0": {
      "before": {
        "picp": 0.4803853296193129,
        "mpiw": 9.155429754449937,
        "mis": 44.19821832761063,
        "pinball": 1.6919061184672053,
        "rmse_median": 6.001582472582778
      },
      "after": {
        "picp": 0.5459610027855153,
        "mpiw": 10.782348564256777,
        "mis": 37.90324626535214,
        "pinball": 1.646942032308216,
        "rmse_median": 6.001582472582778
      }
    },
    "fgsm_2.0": {
      "before": {
        "picp": 0.4174791086350975,
        "mpiw": 10.705278524401384,
        "mis": 67.91706445990634,
        "pinball": 2.4903554010407563,
        "rmse_median": 8.543424175818656
      },
      "after": {
        "picp": 0.47597493036211697,
        "mpiw": 12.332197334208225,
        "mis": 60.541750873901854,
        "pinball": 2.437674589712153,
        "rmse_median": 8.543424175818656
      }
    },
    "fgsm_4.0": {
      "before": {
        "picp": 0.4213091922005571,
        "mpiw": 13.279499973276977,
        "mis": 92.65428668797679,
        "pinball": 3.295389942004868,
        "rmse_median": 11.266126546487897
      },
      "after": {
        "picp": 0.4676183844011142,
        "mpiw": 14.906418783083817,
        "mis": 85.23418793677395,
        "pinball": 3.242389236639134,
        "rmse_median": 11.266126546487897
      }
    },
    "level_shift_1.0": {
      "before": {
        "picp": 0.666782729805014,
        "mpiw": 7.618884152067678,
        "mis": 17.742559924183723,
        "pinball": 0.8417449479078883,
        "rmse_median": 3.3989197336940697
      },
      "after": {
        "picp": 0.7819173630454967,
        "mpiw": 9.245802961874517,
        "mis": 14.904804000064173,
        "pinball": 0.8214752627356058,
        "rmse_median": 3.3989197336940697
      }
    },
    "level_shift_2.0": {
      "before": {
        "picp": 0.4726090993500464,
        "mpiw": 7.799976211734117,
        "mis": 35.244689691016056,
        "pinball": 1.4167452285833144,
        "rmse_median": 5.015969806681605
      },
      "after": {
        "picp": 0.5783426183844012,
        "mpiw": 9.426895021540957,
        "mis": 29.166191737986747,
        "pinball": 1.3733273860616764,
        "rmse_median": 5.015969806681605
      }
    },
    "level_shift_4.0": {
      "before": {
        "picp": 0.2675255338904364,
        "mpiw": 7.90788102747504,
        "mis": 85.11371984111433,
        "pinball": 2.8061472066759916,
        "rmse_median": 8.472085129942935
      },
      "after": {
        "picp": 0.31952181987000927,
        "mpiw": 9.534799837281879,
        "mis": 75.2408943143851,
        "pinball": 2.735627024342211,
        "rmse_median": 8.472085129942935
      }
    },
    "point_spike_1.0": {
      "before": {
        "picp": 0.8512070566388115,
        "mpiw": 7.4976162842566065,
        "mis": 10.999809766513494,
        "pinball": 0.5838124787616444,
        "rmse_median": 2.690246709408183
      },
      "after": {
        "picp": 0.9236304549675023,
        "mpiw": 9.124535094063447,
        "mis": 10.871699993418737,
        "pinball": 0.5828974089538248,
        "rmse_median": 2.690246709408183
      }
    },
    "point_spike_2.0": {
      "before": {
        "picp": 0.8503946146703807,
        "mpiw": 7.508237208001722,
        "mis": 11.088845375709314,
        "pinball": 0.5869701736016684,
        "rmse_median": 2.7026977107019796
      },
      "after": {
        "picp": 0.9223537604456824,
        "mpiw": 9.135156017808562,
        "mis": 10.941924002904052,
        "pinball": 0.585920735224488,
        "rmse_median": 2.7026977107019796
      }
    },
    "point_spike_4.0": {
      "before": {
        "picp": 0.8448235840297121,
        "mpiw": 7.529113480053638,
        "mis": 11.434329265983532,
        "pinball": 0.5993773813748663,
        "rmse_median": 2.7866816293180734
      },
      "after": {
        "picp": 0.9209610027855153,
        "mpiw": 9.156032289860478,
        "mis": 11.240530311595219,
        "pinball": 0.5979931031292355,
        "rmse_median": 2.7866816293180734
      }
    }
  }
}