{
  "model": "deepar",
  "method": "cqr",
  "alpha": 0.1,
  "fit_on": [
    "clean"
  ],
  "params": {
    "margin": 0.8134594049034186
  },
  "settings": {
    "clean": {
      "before": {
        "picp": 0.8523676880222841,
        "mpiw": 7.4989793694948,
        "mis": 10.980776207339314,
        "pinball": 0.5834213258533655,
        "rmse_median": 2.69082310748601
      },
      "after": {
        "picp": 0.9238625812441968,
        "mpiw": 9.12589817930164,
        "mis": 10.862409551634524,
        "pinball": 0.5825758497411885,
        "rmse_median": 2.69082310748601
      }
    },
    "clock_skew_1.0": {
      "before": {
        "picp": 0.7372330547818013,
        "mpiw": 7.437789401920475,
        "mis": 14.473733906128714,
        "pinball": 0.7216667400957846,
        "rmse_median": 3.103611585956773
      },
      "after": {
        "picp": 0.8448235840297121,
        "mpiw": 9.064708211727314,
        "mis": 12.76895508232482,
        "pinball": 0.7094897484971854,
        "rmse_median": 3.103611585956773
      }
    },
    "clock_skew_2.0": {
      "before": {
        "picp": 0.6384633240482822,
        "mpiw": 7.435332429447479,
        "mis": 21.75728312002152,
        "pinball": 0.9578058470339359,
        "rmse_median": 3.8152871463003084
      },
      "after": {
        "picp": 0.7364206128133705,
        "mpiw": 9.06225123925432,
        "mis": 18.355065636518695,
        "pinball": 0.9335042935803444,
        "rmse_median": 3.8152871463003084
      }
    },
    "clock_skew_4.0": {
      "before": {
        "picp": 0.5193825441039925,
        "mpiw": 7.620558315637449,
        "mis": 39.040250428394266,
        "pinball": 1.467941743755834,
        "rmse_median": 5.262499164618364
      },
      "after": {
        "picp": 0.6051532033426184,
        "mpiw": 9.24747712544429,
        "mis": 33.57190142286129,
        "pinball": 1.428882108002027,
        "rmse_median": 5.262499164618364
      }
    },
    "contextual_outlier_1.0": {
      "before": {
        "picp": 0.8510909935004642,
        "mpiw": 7.499779695811349,
        "mis": 10.981093111160702,
        "pinball": 0.5840339905818126,
        "rmse_median": 2.693126591084596
      },
      "after": {
        "picp": 0.9240947075208914,
        "mpiw": 9.126698505618188,
        "mis": 10.858208116076492,
        "pinball": 0.5831562406169253,
        "rmse_median": 2.693126591084596
      }
    },
    "contextual_outlier_2.0": {
      "before": {
        "picp": 0.8479572887650882,
        "mpiw": 7.504398324705928,
        "mis": 11.022412385423674,
        "pinball": 0.5864521403258376,
        "rmse_median": 2.7022816262844502
      },
      "after": {
        "picp": 0.9235143918291551,
        "mpiw": 9.131317134512768,
        "mis": 10.872456255809198,
        "pinball": 0.5853810251143056,
        "rmse_median": 2.7022816262844502
      }
    },
    "contextual_outlier_4.0": {
      "before": {
        "picp": 0.8442432683379758,
        "mpiw": 7.538632625958382,
        "mis": 11.176260598509453,
        "pinball": 0.5928598601485121,
        "rmse_median": 2.7309673858053474
      },
      "after": {
        "picp": 0.9207288765088208,
        "mpiw": 9.165551435765222,
        "mis": 10.976135142290225,
        "pinball": 0.5914303926040889,
        "rmse_median": 2.7309673858053474
      }
    },
    "drift_1.0": {
      "before": {
        "picp": 0.6494893221912721,
        "mpiw": 7.592371970532737,
        "mis": 18.153302285304513,
        "pinball": 0.8532464510020185,
        "rmse_median": 3.42492644432495
      },
      "after": {
        "picp": 0.7677576601671309,
        "mpiw": 9.219290780339577,
        "mis": 15.035582578340332,
        "pinball": 0.8309770245237028,
        "rmse_median": 3.42492644432495
      }
    },
    "drift_2.0": {
      "before": {
        "picp": 0.4794568245125348,
        "mpiw": 7.817011649520292,
        "mis": 35.470956802688654,
        "pinball": 1.4131357469573458,
        "rmse_median": 4.9821632316685
      },
      "after": {
        "picp": 0.5647632311977716,
        "mpiw": 9.443930459327133,
        "mis": 29.345692624989272,
        "pinball": 1.3693838599737786,
        "rmse_median": 4.9821632316685
      }
    },
    "drift_4.0": {
      "before": {
        "picp": 0.276230269266481,
        "mpiw": 8.32930346705678,
        "mis": 80.7579906774699,
        "pinball": 2.735322407898042,
        "rmse_median": 8.401375689496637
      },
      "after": {
        "picp": 0.3411095636025998,
        "mpiw": 9.95622227686362,
        "mis": 71.121775754467,
        "pinball": 2.6664923013051642,
        "rmse_median": 8.401375689496637
      }
    },
    "fgsm_1.0": {
      "before": {
        "picp": 0.4803853296193129,
        "mpiw": 9.155429754449937,
        "mis": 44.19821832761063,
        "pinball": 1.6919061184672053,
        "rmse_median": 6.001582472582778
      },
      "after": {
        "picp": 0.5459610027855153,
        "mpiw": 10.782348564256777,
        "mis": 37.90324626535214,
        "pinball": 1.646942032308216,
        "rmse_median": 6.001582472582778
      }
    },
    "fgsm_2.0": {
      "before": {
        "picp": 0.4174791086350975,
        "mpiw": 10.705278524401384,
        "mis": 67.91706445990634,
        "pinball": 2.4903554010407563,
        "rmse_median": 8.543424175818656
      },
      "after": {
        "picp": 0.47597493036211697,
        "mpiw": 12.332197334208225,
        "mis": 60.541750873901854,
        "pinball": 2.437674589712153,
        "rmse_median": 8.543424175818656
      }
    },
    "fgsm_4.0": {
      "before": {
        "picp": 0.4213091922005571,
        "mpiw": 13.279499973276977,
        "mis": 92.65428668797679,
        "pinball": 3.295389942004868,
        "rmse_median": 11.266126546487897
      },
      "after": {
        "picp": 0.4676183844011142,
        "mpiw": 14.906418783083817,
        "mis": 85.23418793677395,
        "pinball": 3.242389236639134,
        "rmse_median": 11.266126546487897
      }
    },
    "flatline_1.0": {
      "before": {
        "picp": 0.5870473537604457,
        "mpiw": 8.171318429897562,
        "mis": 30.36408217412327,
        "pinball": 1.201192191471774,
        "rmse_median": 4.37728233155306
      },
      "after": {
        "picp": 0.6773444753946146,
        "mpiw": 9.798237239704404,
        "mis": 26.01532838236781,
        "pinball": 1.1701296643878063,
        "rmse_median": 4.37728233155306
      }
    },
    "flatline_2.0": {
      "before": {
        "picp": 0.5930826369545033,
        "mpiw": 8.005875149426988,
        "mis": 28.41622520086718,
        "pinball": 1.138462365071033,
        "rmse_median": 4.1708010925985075
      },
      "after": {
        "picp": 0.6858170844939647,
        "mpiw": 9.632793959233828,
        "mis": 24.177054962430393,
        "pinball": 1.1081825776536276,
        "rmse_median": 4.1708010925985075
      }
    },
    "flatline_4.0": {
      "before": {
        "picp": 0.5891364902506964,
        "mpiw": 7.371619206356257,
        "mis": 25.64577034121266,
        "pinball": 1.0694032398962514,
        "rmse_median": 4.155645848539142
      },
      "after": {
        "picp": 0.692200557103064,
        "mpiw": 8.998538016163097,
        "mis": 21.454196096402807,
        "pinball": 1.0394634238618954,
        "rmse_median": 4.155645848539142
      }
    },
    "gap_imputation_1.0": {
      "before": {
        "picp": 0.8531801299907149,
        "mpiw": 7.494911342040774,
        "mis": 10.949659456244019,
        "pinball": 0.5821273279639091,
        "rmse_median": 2.684807939152627
      },
      "after": {
        "picp": 0.9239786443825441,
        "mpiw": 9.121830151847615,
        "mis": 10.844432476840106,
        "pinball": 0.5813757066824526,
        "rmse_median": 2.684807939152627
      }
    },
    "gap_imputation_2.0": {
      "before": {
        "picp": 0.8519034354688951,
        "mpiw": 7.489946208167193,
        "mis": 11.040965768803538,