{
  "model": "lgbm",
  "method": "cqr",
  "alpha": 0.1,
  "fit_on": [
    "clean"
  ],
  "params": {
    "margin": 0.6806971978375373
  },
  "settings": {
    "clean": {
      "before": {
        "picp": 0.8657149489322191,
        "mpiw": 8.261693284259573,
        "mis": 11.631704378735073,
        "pinball": 0.5960347446030304,
        "rmse_median": 2.7314739466889137
      },
      "after": {
        "picp": 0.9246750232126276,
        "mpiw": 9.623087679934649,
        "mis": 11.593714468731438,
        "pinball": 0.5957633881030046,
        "rmse_median": 2.7314739466889137
      }
    },
    "clock_skew_1.0": {
      "before": {
        "picp": 0.7886490250696379,
        "mpiw": 8.199411643507243,
        "mis": 13.792766809566778,
        "pinball": 0.6846814878025954,
        "rmse_median": 2.972726545005999
      },
      "after": {
        "picp": 0.8650185701021356,
        "mpiw": 9.560806039182319,
        "mis": 12.831781339416846,
        "pinball": 0.677817305872953,
        "rmse_median": 2.972726545005999
      }
    },
    "clock_skew_2.0": {
      "before": {
        "picp": 0.6951021355617456,
        "mpiw": 7.993913122371861,
        "mis": 19.441927799494024,
        "pinball": 0.8831660751737186,
        "rmse_median": 3.584184620620548
      },
      "after": {
        "picp": 0.770891364902507,
        "mpiw": 9.355307518046937,
        "mis": 17.1859931408209,
        "pinball": 0.8670522561831963,
        "rmse_median": 3.584184620620548
      }
    },
    "clock_skew_4.0": {
      "before": {
        "picp": 0.5908774373259053,
        "mpiw": 7.813483853022531,
        "mis": 30.84596458380513,
        "pinball": 1.2976185816901806,
        "rmse_median": 4.9484386501705995
      },
      "after": {
        "picp": 0.6586583101207056,
        "mpiw": 9.174878248697606,
        "mis": 27.125525129268684,
        "pinball": 1.2710440141577775,
        "rmse_median": 4.9484386501705995
      }
    },
    "contextual_outlier_1.0": {
      "before": {
        "picp": 0.8650185701021356,
        "mpiw": 8.266536265899754,
        "mis": 11.633888757136214,
        "pinball": 0.5959835702070435,
        "rmse_median": 2.730626389621464
      },
      "after": {
        "picp": 0.9240947075208914,
        "mpiw": 9.62793066157483,
        "mis": 11.589767863445372,
        "pinball": 0.5956684209663947,
        "rmse_median": 2.730626389621464
      }
    },
    "contextual_outlier_2.0": {
      "before": {
        "picp": 0.8638579387186629,
        "mpiw": 8.290271353029905,
        "mis": 11.648193142856933,
        "pinball": 0.5978980337391074,
        "rmse_median": 2.733405062075704
      },
      "after": {
        "picp": 0.9238625812441968,
        "mpiw": 9.651665748704978,
        "mis": 11.598803479595622,
        "pinball": 0.5975452504300981,
        "rmse_median": 2.733405062075704
      }
    },
    "contextual_outlier_4.0": {
      "before": {
        "picp": 0.8645543175487466,
        "mpiw": 8.37514384050172,
        "mis": 11.742865535730248,
        "pinball": 0.6025465177460616,
        "rmse_median": 2.7497976317788027
      },
      "after": {
        "picp": 0.9244428969359332,
        "mpiw": 9.736538236176795,
        "mis": 11.703231757931773,
        "pinball": 0.6022634193332154,
        "rmse_median": 2.7497976317788027
      }
    },
    "drift_1.0": {
      "before": {
        "picp": 0.7389740018570102,
        "mpiw": 8.314399167580863,
        "mis": 16.129027861609202,
        "pinball": 0.8024030314741776,
        "rmse_median": 3.384433313547297
      },
      "after": {
        "picp": 0.8256731662024142,
        "mpiw": 9.675793563255938,
        "mis": 14.520256738840073,
        "pinball": 0.7909118091686838,
        "rmse_median": 3.384433313547297
      }
    },
    "drift_2.0": {
      "before": {
        "picp": 0.590761374187558,
        "mpiw": 8.673402567458309,
        "mis": 27.8409306006422,
        "pinball": 1.252677753221769,
        "rmse_median": 4.750928599299942
      },
      "after": {
        "picp": 0.6655060352831941,
        "mpiw": 10.034796963133383,
        "mis": 24.155656007299044,
        "pinball": 1.2263543632693177,
        "rmse_median": 4.750928599299942
      }
    },
    "drift_4.0": {
      "before": {
        "picp": 0.3797585886722377,
        "mpiw": 9.699387912568387,
        "mis": 58.03004237505565,
        "pinball": 2.2513549543267497,
        "rmse_median": 7.445655296759896
      },
      "after": {
        "picp": 0.4440575673166202,
        "mpiw": 11.060782308243462,
        "mis": 51.38614619763387,
        "pinball": 2.2038985530594517,
        "rmse_median": 7.445655296759896
      }
    },
    "flatline_1.0": {
      "before": {
        "picp": 0.7006731662024142,
        "mpiw": 8.20308540919096,
        "mis": 21.51668021689513,
        "pinball": 0.9618155411916965,
        "rmse_median": 3.783552720887296
      },
      "after": {
        "picp": 0.765552460538533,
        "mpiw": 9.564479804866032,
        "mis": 19.2670961189783,
        "pinball": 0.9457470833494336,
        "rmse_median": 3.783552720887296
      }
    },
    "flatline_2.0": {
      "before": {
        "picp": 0.664113277623027,
        "mpiw": 7.933075723691707,
        "mis": 22.052254571306438,
        "pinball": 0.9750572804633096,
        "rmse_median": 3.7866886385338274
      },
      "after": {
        "picp": 0.7361884865366759,
        "mpiw": 9.294470119366782,
        "mis": 19.345860453077957,
        "pinball": 0.9557258939045347,
        "rmse_median": 3.7866886385338274
      }
    },
    "flatline_4.0": {
      "before": {
        "picp": 0.5096332404828227,
        "mpiw": 6.313214886835688,
        "mis": 33.70651099782251,
        "pinball": 1.2517575579651687,
        "rmse_median": 4.602392943406315
      },
      "after": {
        "picp": 0.601439182915506,
        "mpiw": 7.674609282510763,
        "mis": 29.050338054869126,
        "pinball": 1.218499179801216,
        "rmse_median": 4.602392943406315
      }
    },
    "gap_imputation_1.0": {
      "before": {
        "picp": 0.8624651810584958,
        "mpiw": 8.255455557382135,
        "mis": 11.673591987292388,
        "pinball": 0.5970089282792646,
        "rmse_median": 2.727422587777997
      },
      "after": {
        "picp": 0.9238625812441968,
        "mpiw": 9.61684995305721,
        "mis": 11.621130901969352,
        "pinball": 0.5966342062412427,
        "rmse_median": 2.727422587777997
      }
    },
    "gap_imputation_2.0": {
      "before": {
        "picp": 0.8471448467966574,
        "mpiw": 8.190479579730459,
        "mis": 12.34767738765764,
        "pinball": 0.6222001950044601,
        "rmse_median": 2.8340875764824203
      },
      "after": {
        "picp": 0.9090064995357474,
        "mpiw": 9.551873975405533,
        "mis": 12.090068844376736,
        "pinball": 0.6203601339810251,
        "rmse_median": 2.8340875764824203
      }
    },
    "gap_imputation_4.0": {
      "before": {
        "picp": 0.834958217270195,
        "mpiw": 8.197253286781388,
        "mis": 12.819183611719536,
        "pinball": 0.6477457548290283,
        "rmse_median": 2.9491581122863044
      },
      "after": {
        "picp": 0.9006499535747446,
        "mpiw": 9.558647682456465,
        "mis": 12.406926870375116,
        "pinball": 0.6448010638194253,
        "rmse_median": 2.9491581122863044
      }
    },
    "level_shift_1.0": {
      "before": {
        "picp": 0.7435004642525533,
        "mpiw": 8.43875764356541,
        "mis": 16.681296130526082,
        "pinball": 0.800539618102141,
        "rmse_median": 3.299152374264573
      },
      "after": {
        "picp": 0.8142989786443825,
        "mpiw": 9.800152039240485,
        "mis": 15.035479294475085,
        "pinball": 0.7887837835589199,
        "rmse_median": 3.299152374264573
      }
    },
    "level_shift_2.0": {
      "before": {
        "picp": 0.5579155060352832,
        "mpiw": 8.559400814080124,