{
  "model": "lgbm",
  "method": "cqr",
  "alpha": 0.1,
  "fit_on": [
    "clean"
  ],
  "params": {
    "margin": 0.6806971978375373
  },
  "settings": {
    "clean": {
      "before": {
        "picp": 0.8657149489322191,
        "mpiw": 8.261693284259573,
        "mis": 11.631704378735073,
        "pinball": 0.5960347446030304,
        "rmse_median": 2.7314739466889137
      },
      "after": {
        "picp": 0.9246750232126276,
        "mpiw": 9.623087679934649,
        "mis": 11.593714468731438,
        "pinball": 0.5957633881030046,
        "rmse_median": 2.7314739466889137
      }
    },
    "contextual_outlier_1.0": {
      "before": {
        "picp": 0.8650185701021356,
        "mpiw": 8.266536265899754,
        "mis": 11.633888757136214,
        "pinball": 0.5959835702070435,
        "rmse_median": 2.730626389621464
      },
      "after": {
        "picp": 0.9240947075208914,
        "mpiw": 9.62793066157483,
        "mis": 11.589767863445372,
        "pinball": 0.5956684209663947,
        "rmse_median": 2.730626389621464
      }
    },
    "contextual_outlier_2.0": {
      "before": {
        "picp": 0.8638579387186629,
        "mpiw": 8.290271353029905,
        "mis": 11.648193142856933,
        "pinball": 0.5978980337391074,
        "rmse_median": 2.733405062075704
      },
      "after": {
        "picp": 0.9238625812441968,
        "mpiw": 9.651665748704978,
        "mis": 11.598803479595622,
        "pinball": 0.5975452504300981,
        "rmse_median": 2.733405062075704
      }
    },
    "contextual_outlier_4.0": {
      "before": {
        "picp": 0.8645543175487466,
        "mpiw": 8.37514384050172,
        "mis": 11.742865535730248,
        "pinball": 0.6025465177460616,
        "rmse_median": 2.7497976317788027
      },
      "after": {
        "picp": 0.9244428969359332,
        "mpiw": 9.736538236176795,
        "mis": 11.703231757931773,
        "pinball": 0.6022634193332154,
        "rmse_median": 2.7497976317788027
      }
    },
    "level_shift_1.0": {
      "before": {
        "picp": 0.7435004642525533,
        "mpiw": 8.43875764356541,
        "mis": 16.681296130526082,
        "pinball": 0.800539618102141,
        "rmse_median": 3.299152374264573
      },
      "after": {
        "picp": 0.8142989786443825,
        "mpiw": 9.800152039240485,
        "mis": 15.035479294475085,
        "pinball": 0.7887837835589199,
        "rmse_median": 3.299152374264573
      }
    },
    "level_shift_2.0": {
      "before": {
        "picp": 0.5579155060352832,
        "mpiw": 8.559400814080124,
        "mis": 31.001919737757778,
        "pinball": 1.30638869995445,
        "rmse_median": 4.8383274941291505
      },
      "after": {
        "picp": 0.640552460538533,
        "mpiw": 9.9207952097552,
        "mis": 26.926260204370813,
        "pinball": 1.2772768461445432,
        "rmse_median": 4.8383274941291505
      }
    },
    "level_shift_4.0": {
      "before": {
        "picp": 0.3386722376973073,
        "mpiw": 9.196047625229708,
        "mis": 71.12894676612994,
        "pinball": 2.521075744565081,
        "rmse_median": 8.20495464406828
      },
      "after": {
        "picp": 0.38904363974001854,
        "mpiw": 10.557442020904782,
        "mis": 63.8071528577009,
        "pinball": 2.4687772166477306,
        "rmse_median": 8.20495464406828
      }
    },
    "point_spike_1.0": {
      "before": {
        "picp": 0.8646703806870938,
        "mpiw": 8.261966682117915,
        "mis": 11.635412477567805,
        "pinball": 0.5962508012372517,
        "rmse_median": 2.7283782926027462
      },
      "after": {
        "picp": 0.9240947075208914,
        "mpiw": 9.62336107779299,
        "mis": 11.591935098478707,
        "pinball": 0.5959402485294724,
        "rmse_median": 2.7283782926027462
      }
    },
    "point_spike_2.0": {
      "before": {
        "picp": 0.864786443825441,
        "mpiw": 8.282637274329018,
        "mis": 11.661349636971249,
        "pinball": 0.5975946416186156,
        "rmse_median": 2.7314471006451
      },
      "after": {
        "picp": 0.9242107706592386,
        "mpiw": 9.644031670004091,
        "mis": 11.619695345115396,
        "pinball": 0.5972971109625024,
        "rmse_median": 2.7314471006451
      }
    },
    "point_spike_4.0": {
      "before": {
        "picp": 0.8651346332404828,
        "mpiw": 8.316309192994485,
        "mis": 11.699595971631007,
        "pinball": 0.5999606436295387,
        "rmse_median": 2.748599416336183
      },
      "after": {
        "picp": 0.9250232126276694,
        "mpiw": 9.67770358866956,
        "mis": 11.665215648500224,
        "pinball": 0.5997150698928903,
        "rmse_median": 2.748599416336183
      }
    }
  }
}