{
  "model": "qlstm_robust",
  "method": "cqr",
  "alpha": 0.1,
  "fit_on": [
    "clean"
  ],
  "params": {
    "margin": -0.0808193210116973
  },
  "settings": {
    "clean": {
      "before": {
        "picp": 0.9381383472609099,
        "mpiw": 9.690840537432262,
        "mis": 11.01424247260947,
        "pinball": 0.5766848644254241,
        "rmse_median": 2.5967538650795152
      },
      "after": {
        "picp": 0.9345403899721448,
        "mpiw": 9.52920189540887,
        "mis": 10.955629814186697,
        "pinball": 0.5762662025795472,
        "rmse_median": 2.5967538650795152
      }
    },
    "clock_skew_1.0": {
      "before": {
        "picp": 0.898560817084494,
        "mpiw": 9.68021464660257,
        "mis": 11.90969099094491,
        "pinball": 0.646411279655018,
        "rmse_median": 2.897622397941662
      },
      "after": {
        "picp": 0.8928737233054782,
        "mpiw": 9.518576004579176,
        "mis": 11.916827760575014,
        "pinball": 0.6464622565809472,
        "rmse_median": 2.897622397941662
      }
    },
    "clock_skew_2.0": {
      "before": {
        "picp": 0.7989786443825441,
        "mpiw": 9.614942953662853,
        "mis": 15.64330606004732,
        "pinball": 0.8348129518484837,
        "rmse_median": 3.6612293330967014
      },
      "after": {
        "picp": 0.7928272980501393,
        "mpiw": 9.453304311639458,
        "mis": 15.811663681868904,
        "pinball": 0.8360155062900664,
        "rmse_median": 3.6612293330967014
      }
    },
    "clock_skew_4.0": {
      "before": {
        "picp": 0.630803156917363,
        "mpiw": 9.41073352498213,
        "mis": 29.34665671002338,
        "pinball": 1.3102420137124737,
        "rmse_median": 5.151629963074855
      },
      "after": {
        "picp": 0.6222144846796658,
        "mpiw": 9.249094882958735,
        "mis": 29.78860552048264,
        "pinball": 1.3133987909300398,
        "rmse_median": 5.151629963074855
      }
    },
    "contextual_outlier_1.0": {
      "before": {
        "picp": 0.9381383472609099,
        "mpiw": 9.689577782119496,
        "mis": 10.9992425201165,
        "pinball": 0.5755385374870698,
        "rmse_median": 2.5891029802381618
      },
      "after": {
        "picp": 0.9346564531104921,
        "mpiw": 9.527939140096102,
        "mis": 10.940299178195291,
        "pinball": 0.5751175136162041,
        "rmse_median": 2.5891029802381618
      }
    },
    "contextual_outlier_2.0": {
      "before": {
        "picp": 0.9372098421541318,
        "mpiw": 9.700533516767946,
        "mis": 11.015913616119388,
        "pinball": 0.57681735721816,
        "rmse_median": 2.594671945441758
      },
      "after": {
        "picp": 0.9337279480037141,
        "mpiw": 9.538894874744551,
        "mis": 10.958606940172974,
        "pinball": 0.5764080238185427,
        "rmse_median": 2.594671945441758
      }
    },
    "contextual_outlier_4.0": {
      "before": {
        "picp": 0.9353528319405757,
        "mpiw": 9.740946291422391,
        "mis": 11.106268361136571,
        "pinball": 0.5840623781391628,
        "rmse_median": 2.634448621236022
      },
      "after": {
        "picp": 0.9310584958217271,
        "mpiw": 9.579307649398997,
        "mis": 11.052174382188245,
        "pinball": 0.5836759925752463,
        "rmse_median": 2.634448621236022
      }
    },
    "drift_1.0": {
      "before": {
        "picp": 0.8899721448467967,
        "mpiw": 9.732770542584312,
        "mis": 12.429644744473984,
        "pinball": 0.693495723782229,
        "rmse_median": 3.1127431638036533
      },
      "after": {
        "picp": 0.8823119777158774,
        "mpiw": 9.571131900560918,
        "mis": 12.452638557519743,
        "pinball": 0.6936599653039845,
        "rmse_median": 3.1127431638036533
      }
    },
    "drift_2.0": {
      "before": {
        "picp": 0.7718198700092851,
        "mpiw": 9.934375277463552,
        "mis": 17.133271893232727,
        "pinball": 0.9734025003587591,
        "rmse_median": 4.173416950356212
      },
      "after": {
        "picp": 0.7626508820798514,
        "mpiw": 9.772736635440157,
        "mis": 17.34765626291508,
        "pinball": 0.9749338172850617,
        "rmse_median": 4.173416950356212
      }
    },
    "drift_4.0": {
      "before": {
        "picp": 0.583217270194986,
        "mpiw": 10.860149477562617,
        "mis": 31.62770944445218,
        "pinball": 1.6075039787986645,
        "rmse_median": 6.24425784449165
      },
      "after": {
        "picp": 0.5727715877437326,
        "mpiw": 10.69851083553922,
        "mis": 32.14890316019454,
        "pinball": 1.611226791053967,
        "rmse_median": 6.24425784449165
      }
    },
    "fgsm_1.0": {
      "before": {
        "picp": 0.6876740947075209,
        "mpiw": 10.612826882231,
        "mis": 24.32969499227435,
        "pinball": 1.2611339097098018,
        "rmse_median": 5.281581451042129
      },
      "after": {
        "picp": 0.6765320334261838,
        "mpiw": 10.451188240207605,
        "mis": 24.680672981528563,
        "pinball": 1.2636408953473321,
        "rmse_median": 5.281581451042129
      }
    },
    "fgsm_2.0": {
      "before": {
        "picp": 0.5509517177344475,
        "mpiw": 11.891156409209774,
        "mis": 39.9245677896767,
        "pinball": 1.8701674579135177,
        "rmse_median": 7.246740160582534
      },
      "after": {
        "picp": 0.542711234911792,
        "mpiw": 11.729517767186378,
        "mis": 40.494895285502416,
        "pinball": 1.8742412257408445,
        "rmse_median": 7.246740160582534
      }
    },
    "fgsm_4.0": {
      "before": {
        "picp": 0.4964020427112349,
        "mpiw": 14.099420409924516,
        "mis": 57.9814509443834,
        "pinball": 2.519309481114337,
        "rmse_median": 9.358244859203504
      },
      "after": {
        "picp": 0.4909470752089137,
        "mpiw": 13.93778176790112,
        "mis": 58.63780065312644,
        "pinball": 2.523997693319644,
        "rmse_median": 9.358244859203504
      }
    },
    "flatline_1.0": {
      "before": {
        "picp": 0.8470287836583101,
        "mpiw": 10.109491785008775,
        "mis": 15.184167004731265,
        "pinball": 0.8097833423074329,
        "rmse_median": 3.527189357829367
      },
      "after": {
        "picp": 0.8396007428040855,
        "mpiw": 9.94785314298538,
        "mis": 15.275962719618068,
        "pinball": 0.8104390259851959,
        "rmse_median": 3.527189357829367
      }
    },
    "flatline_2.0": {
      "before": {
        "picp": 0.8291550603528319,
        "mpiw": 9.865498183143457,
        "mis": 15.416294793328914,
        "pinball": 0.8182924536720019,
        "rmse_median": 3.516398171567762
      },
      "after": {
        "picp": 0.8219591457753017,
        "mpiw": 9.703859541120062,
        "mis": 15.537494970492263,
        "pinball": 0.8191581692231686,
        "rmse_median": 3.516398171567762
      }
    },
    "flatline_4.0": {
      "before": {
        "picp": 0.7289925719591458,
        "mpiw": 8.79996445062907,
        "mis": 20.492740066935923,
        "pinball": 0.9786995481589995,
        "rmse_median": 4.116338868179901
      },
      "after": {
        "picp": 0.7201717734447539,
        "mpiw": 8.638325808605675,
        "mis": 20.776886523191127,
        "pinball": 0.9807291657036795,
        "rmse_median": 4.116338868179901
      }
    },
    "gap_imputation_1.0": {
      "before": {
        "picp": 0.9374419684308264,
        "mpiw": 9.673840630878368,
        "mis": 10.994682522384403,
        "pinball": 0.5758996698819203,
        "rmse_median": 2.592765361918651
      },
      "after": {
        "picp": 0.9337279480037141,
        "mpiw": 9.512201988854974,
        "mis": 10.937128053865855,
        "pinball": 0.5754885665353593,
        "rmse_median": 2.592765361918651
      }
    },
    "gap_imputation_2.0": {
      "before": {
        "picp": 0.9330315691736305,
        "mpiw": 9.613807399126664,