{
  "model": "qlstm",
  "method": "cqr",
  "alpha": 0.1,
  "fit_on": [
    "clean"
  ],
  "params": {
    "margin": 0.12870917163747675
  },
  "settings": {
    "clean": {
      "before": {
        "picp": 0.9267641597028784,
        "mpiw": 7.958277904222903,
        "mis": 9.573381288930426,
        "pinball": 0.50772775644057,
        "rmse_median": 2.3842137592553656
      },
      "after": {
        "picp": 0.9362813370473537,
        "mpiw": 8.215696247497856,
        "mis": 9.654934554528374,
        "pinball": 0.5083102797662696,
        "rmse_median": 2.3842137592553656
      }
    },
    "clock_skew_1.0": {
      "before": {
        "picp": 0.8315923862581244,
        "mpiw": 7.886506634017992,
        "mis": 11.78510232199338,
        "pinball": 0.6298024239224737,
        "rmse_median": 2.8139357558872202
      },
      "after": {
        "picp": 0.8469127205199629,
        "mpiw": 8.143924977292945,
        "mis": 11.627483499473144,
        "pinball": 0.6286765751901863,
        "rmse_median": 2.8139357558872202
      }
    },
    "clock_skew_2.0": {
      "before": {
        "picp": 0.7255106778087279,
        "mpiw": 8.015343494634584,
        "mis": 17.61384984518194,
        "pinball": 0.8722094944216016,
        "rmse_median": 3.6637921385101904
      },
      "after": {
        "picp": 0.7388579387186629,
        "mpiw": 8.272761837909536,
        "mis": 17.18252820988434,
        "pinball": 0.8691286255980473,
        "rmse_median": 3.6637921385101904
      }
    },
    "clock_skew_4.0": {
      "before": {
        "picp": 0.5692896935933147,
        "mpiw": 7.968943945223723,
        "mis": 34.75861845721397,
        "pinball": 1.4062392806284494,
        "rmse_median": 5.1984153534125115
      },
      "after": {
        "picp": 0.5834493964716806,
        "mpiw": 8.226362288498677,
        "mis": 33.92560068935966,
        "pinball": 1.4002891537152042,
        "rmse_median": 5.1984153534125115
      }
    },
    "contextual_outlier_1.0": {
      "before": {
        "picp": 0.9268802228412256,
        "mpiw": 7.957181403249642,
        "mis": 9.56093500247654,
        "pinball": 0.5072872373962368,
        "rmse_median": 2.3811987712484326
      },
      "after": {
        "picp": 0.9374419684308264,
        "mpiw": 8.214599746524595,
        "mis": 9.643388194371147,
        "pinball": 0.5078761887669125,
        "rmse_median": 2.3811987712484326
      }
    },
    "contextual_outlier_2.0": {
      "before": {
        "picp": 0.9249071494893222,
        "mpiw": 7.956666782660626,
        "mis": 9.582121939535753,
        "pinball": 0.5086639034891636,
        "rmse_median": 2.3861040069644064
      },
      "after": {
        "picp": 0.9352367688022284,
        "mpiw": 8.21408512593558,
        "mis": 9.658492443962064,
        "pinball": 0.5092094070922087,
        "rmse_median": 2.3861040069644064
      }
    },
    "contextual_outlier_4.0": {
      "before": {
        "picp": 0.9211931290622098,
        "mpiw": 7.9598727960642295,
        "mis": 9.749259920838561,
        "pinball": 0.5156898376067172,
        "rmse_median": 2.4175152522574277
      },
      "after": {
        "picp": 0.9316388115134633,
        "mpiw": 8.217291139339183,
        "mis": 9.817406369383248,
        "pinball": 0.516176597953465,
        "rmse_median": 2.4175152522574277
      }
    },
    "drift_1.0": {
      "before": {
        "picp": 0.723769730733519,
        "mpiw": 7.9466102609561995,
        "mis": 15.509292535773849,
        "pinball": 0.7885880519053549,
        "rmse_median": 3.3059915810541454
      },
      "after": {
        "picp": 0.7430362116991643,
        "mpiw": 8.204028604231153,
        "mis": 15.079175923827801,
        "pinball": 0.7855157903914546,
        "rmse_median": 3.3059915810541454
      }
    },
    "drift_2.0": {
      "before": {
        "picp": 0.4914113277623027,
        "mpiw": 7.959102688349563,
        "mis": 34.11676516613688,
        "pinball": 1.4255528611662538,
        "rmse_median": 5.1171961667513575
      },
      "after": {
        "picp": 0.5071959145775302,
        "mpiw": 8.216521031624517,
        "mis": 33.08499297398986,
        "pinball": 1.418183059793775,
        "rmse_median": 5.1171961667513575
      }
    },
    "drift_4.0": {
      "before": {
        "picp": 0.2226090993500464,
        "mpiw": 8.20936578711239,
        "mis": 89.20040348740056,
        "pinball": 3.0241353162360247,
        "rmse_median": 9.087868169369507
      },
      "after": {
        "picp": 0.2303853296193129,
        "mpiw": 8.466784130387342,
        "mis": 87.46641412269305,
        "pinball": 3.011749677916686,
        "rmse_median": 9.087868169369507
      }
    },
    "fgsm_1.0": {
      "before": {
        "picp": 0.44428969359331477,
        "mpiw": 8.254984234489667,
        "mis": 35.58863626547293,
        "pinball": 1.5109626699498426,
        "rmse_median": 5.5184595238472465
      },
      "after": {
        "picp": 0.4619312906220984,
        "mpiw": 8.51240257776462,
        "mis": 34.43900674507901,
        "pinball": 1.5027510305184577,
        "rmse_median": 5.5184595238472465
      }
    },
    "fgsm_2.0": {
      "before": {
        "picp": 0.29863045496750235,
        "mpiw": 8.708559868917039,
        "mis": 61.32002724878881,
        "pinball": 2.277264467437958,
        "rmse_median": 7.4802013039653055
      },
      "after": {
        "picp": 0.3111652739090065,
        "mpiw": 8.965978212191992,
        "mis": 59.78766854156994,
        "pinball": 2.2663190481006796,
        "rmse_median": 7.4802013039653055
      }
    },
    "fgsm_4.0": {
      "before": {
        "picp": 0.2502321262766945,
        "mpiw": 9.626352119367342,
        "mis": 87.64793737930867,
        "pinball": 3.043963199185837,
        "rmse_median": 9.513827817122982
      },
      "after": {
        "picp": 0.25754410399257194,
        "mpiw": 9.883770462642293,
        "mis": 85.98471787846755,
        "pinball": 3.032083059894115,
        "rmse_median": 9.513827817122982
      }
    },
    "flatline_1.0": {
      "before": {
        "picp": 0.6780408542246983,
        "mpiw": 7.908731903255426,
        "mis": 23.836641236449438,
        "pinball": 1.019573889439059,
        "rmse_median": 4.011121047966083
      },
      "after": {
        "picp": 0.6918523676880223,
        "mpiw": 8.16615024653038,
        "mis": 23.28396919343033,
        "pinball": 1.0156262319889222,
        "rmse_median": 4.011121047966083
      }
    },
    "flatline_2.0": {
      "before": {
        "picp": 0.662372330547818,
        "mpiw": 7.777774654048925,
        "mis": 22.445346796295983,
        "pinball": 0.9839362004010498,
        "rmse_median": 3.839123919389295
      },
      "after": {
        "picp": 0.6765320334261838,
        "mpiw": 8.035192997323879,
        "mis": 21.85284528394907,
        "pinball": 0.979704046741429,
        "rmse_median": 3.839123919389295
      }
    },
    "flatline_4.0": {
      "before": {
        "picp": 0.6431058495821727,
        "mpiw": 7.380796621101747,
        "mis": 23.430941077792546,
        "pinball": 1.0226999223259094,
        "rmse_median": 4.109948481851731
      },
      "after": {
        "picp": 0.6583101207056639,
        "mpiw": 7.638214964376701,
        "mis": 22.788935773317814,
        "pinball": 1.0181141701510898,
        "rmse_median": 4.109948481851731
      }
    },
    "gap_imputation_1.0": {
      "before": {
        "picp": 0.9268802228412256,
        "mpiw": 7.948017004086878,
        "mis": 9.577295578505932,
        "pinball": 0.5088254642501929,
        "rmse_median": 2.3886028791834044
      },
      "after": {
        "picp": 0.9351207056638812,
        "mpiw": 8.205435347361831,
        "mis": 9.658145618634713,
        "pinball": 0.509402964536827,
        "rmse_median": 2.3886028791834044
      }
    },
    "gap_imputation_2.0": {
      "before": {
        "picp": 0.9175951717734447,
        "mpiw": 7.919357215205987,