{
  "model": "qrf",
  "method": "cqr",
  "alpha": 0.1,
  "fit_on": [
    "clean"
  ],
  "params": {
    "margin": 0.2715324181667923
  },
  "settings": {
    "clean": {
      "before": {
        "picp": 0.9163184772516249,
        "mpiw": 9.552883334225584,
        "mis": 11.540408787163111,
        "pinball": 0.6075446440592157,
        "rmse_median": 2.779588744997803
      },
      "after": {
        "picp": 0.9338440111420613,
        "mpiw": 10.095948170559168,
        "mis": 11.676066599371142,
        "pinball": 0.6085136284321303,
        "rmse_median": 2.779588744997803
      }
    },
    "contextual_outlier_1.0": {
      "before": {
        "picp": 0.9149257195914577,
        "mpiw": 9.56236796950614,
        "mis": 11.565234081825382,
        "pinball": 0.608342360557866,
        "rmse_median": 2.779031629121241
      },
      "after": {
        "picp": 0.9330315691736305,
        "mpiw": 10.105432805839726,
        "mis": 11.694685860326791,
        "pinball": 0.6092670161185902,
        "rmse_median": 2.779031629121241
      }
    },
    "contextual_outlier_2.0": {
      "before": {
        "picp": 0.9173630454967502,
        "mpiw": 9.611742105028231,
        "mis": 11.601561324008738,
        "pinball": 0.6083851429463463,
        "rmse_median": 2.7764749071846078
      },
      "after": {
        "picp": 0.9339600742804085,
        "mpiw": 10.154806941361816,
        "mis": 11.739648027986044,
        "pinball": 0.6093714765461842,
        "rmse_median": 2.7764749071846078
      }
    },
    "contextual_outlier_4.0": {
      "before": {
        "picp": 0.9180594243268339,
        "mpiw": 9.707073807512616,
        "mis": 11.69967234744433,
        "pinball": 0.6107353419408905,
        "rmse_median": 2.782205994674017
      },
      "after": {
        "picp": 0.9341922005571031,
        "mpiw": 10.250138643846201,
        "mis": 11.83922254679623,
        "pinball": 0.6117321290791182,
        "rmse_median": 2.782205994674017
      }
    },
    "level_shift_1.0": {
      "before": {
        "picp": 0.8176648096564532,
        "mpiw": 9.751256669265004,
        "mis": 15.10783954885148,
        "pinball": 0.793036313402144,
        "rmse_median": 3.3777347189560922
      },
      "after": {
        "picp": 0.8433147632311978,
        "mpiw": 10.294321505598589,
        "mis": 14.73046204224814,
        "pinball": 0.7903407597835487,
        "rmse_median": 3.3777347189560922
      }
    },
    "level_shift_2.0": {
      "before": {
        "picp": 0.6379990714948932,
        "mpiw": 10.043579965830768,
        "mis": 26.85977163246677,
        "pinball": 1.2580317827952656,
        "rmse_median": 4.911240029033307
      },
      "after": {
        "picp": 0.6687558031569174,
        "mpiw": 10.586644802164352,
        "mis": 25.520594526392433,
        "pinball": 1.2484662320375919,
        "rmse_median": 4.911240029033307
      }
    },
    "level_shift_4.0": {
      "before": {
        "picp": 0.390552460538533,
        "mpiw": 10.748860263999346,
        "mis": 64.06841355407589,
        "pinball": 2.424550165708088,
        "rmse_median": 8.21163693995998
      },
      "after": {
        "picp": 0.4144614670380687,
        "mpiw": 11.29192510033293,
        "mis": 61.366739543882055,
        "pinball": 2.405252494206703,
        "rmse_median": 8.21163693995998
      }
    },
    "point_spike_1.0": {
      "before": {
        "picp": 0.9158542246982359,
        "mpiw": 9.560686051492846,
        "mis": 11.547834682902783,
        "pinball": 0.6076404764554211,
        "rmse_median": 2.77733053692079
      },
      "after": {
        "picp": 0.9337279480037141,
        "mpiw": 10.10375088782643,
        "mis": 11.68231129763022,
        "pinball": 0.6086010237034741,
        "rmse_median": 2.77733053692079
      }
    },
    "point_spike_2.0": {
      "before": {
        "picp": 0.9157381615598886,
        "mpiw": 9.574711195980683,
        "mis": 11.590748718282196,
        "pinball": 0.6095256879851852,
        "rmse_median": 2.783427961580521
      },
      "after": {
        "picp": 0.9331476323119777,
        "mpiw": 10.117776032314268,
        "mis": 11.723387671704435,
        "pinball": 0.6104731090810585,
        "rmse_median": 2.783427961580521
      }
    },
    "point_spike_4.0": {
      "before": {
        "picp": 0.9179433611884865,
        "mpiw": 9.618411635188073,
        "mis": 11.612512047989014,
        "pinball": 0.6091845422268574,
        "rmse_median": 2.7784522722514198
      },
      "after": {
        "picp": 0.9351207056638812,
        "mpiw": 10.161476471521658,
        "mis": 11.754796536674416,
        "pinball": 0.6102008600031816,
        "rmse_median": 2.7784522722514198
      }
    }
  }
}