{
  "model": "qtransformer",
  "method": "cqr",
  "alpha": 0.1,
  "fit_on": [
    "clean"
  ],
  "params": {
    "margin": 0.40184298193904283
  },
  "settings": {
    "clean": {
      "before": {
        "picp": 0.9048282265552461,
        "mpiw": 7.486732339481373,
        "mis": 9.48621477978658,
        "pinball": 0.5110080486176924,
        "rmse_median": 2.430435930314456
      },
      "after": {
        "picp": 0.9381383472609099,
        "mpiw": 8.290418303359457,
        "mis": 9.672024519124816,
        "pinball": 0.512335261041537,
        "rmse_median": 2.430435930314456
      }
    },
    "contextual_outlier_1.0": {
      "before": {
        "picp": 0.9041318477251625,
        "mpiw": 7.494835418722845,
        "mis": 9.48859764495551,
        "pinball": 0.5108354128250645,
        "rmse_median": 2.4312445432624323
      },
      "after": {
        "picp": 0.9384865366759517,
        "mpiw": 8.29852138260093,
        "mis": 9.67472741449099,
        "pinball": 0.5121649111788894,
        "rmse_median": 2.4312445432624323
      }
    },
    "contextual_outlier_2.0": {
      "before": {
        "picp": 0.9028551532033426,
        "mpiw": 7.519390736874552,
        "mis": 9.533278862475989,
        "pinball": 0.5140593688123631,
        "rmse_median": 2.4428348211945976
      },
      "after": {
        "picp": 0.9358170844939647,
        "mpiw": 8.323076700752639,
        "mis": 9.704118595301837,
        "pinball": 0.515279652618262,
        "rmse_median": 2.4428348211945976
      }
    },
    "contextual_outlier_4.0": {
      "before": {
        "picp": 0.8949628597957289,
        "mpiw": 7.639394723229318,
        "mis": 10.213721809895725,
        "pinball": 0.5385160643683254,
        "rmse_median": 2.55602516482187
      },
      "after": {
        "picp": 0.9268802228412256,
        "mpiw": 8.4430806871074,
        "mis": 10.31304599205319,
        "pinball": 0.5392255228123074,
        "rmse_median": 2.55602516482187
      }
    },
    "fgsm_1.0": {
      "before": {
        "picp": 0.44962859795728877,
        "mpiw": 8.168773930745202,
        "mis": 35.12737902892163,
        "pinball": 1.4907979990154863,
        "rmse_median": 5.475822598906664
      },
      "after": {
        "picp": 0.504874651810585,
        "mpiw": 8.972459894623286,
        "mis": 31.73593759819649,
        "pinball": 1.4665734173674496,
        "rmse_median": 5.475822598906664
      }
    },
    "fgsm_2.0": {
      "before": {
        "picp": 0.37058960074280406,
        "mpiw": 8.799568024625536,
        "mis": 57.424778079874315,
        "pinball": 2.1346619082629226,
        "rmse_median": 7.154523365296659
      },
      "after": {
        "picp": 0.40482822655524603,
        "mpiw": 9.60325398850362,
        "mis": 53.31224193485426,
        "pinball": 2.105286650084208,
        "rmse_median": 7.154523365296659
      }
    },
    "fgsm_4.0": {
      "before": {
        "picp": 0.3097725162488394,
        "mpiw": 9.40516746551645,
        "mis": 99.09648032519054,
        "pinball": 3.283980151273235,
        "rmse_median": 10.317281276081209
      },
      "after": {
        "picp": 0.33379758588672237,
        "mpiw": 10.208853429394535,
        "mis": 94.449984516453,
        "pinball": 3.2507908954965385,
        "rmse_median": 10.317281276081209
      }
    },
    "level_shift_1.0": {
      "before": {
        "picp": 0.7226090993500465,
        "mpiw": 7.587511634860936,
        "mis": 15.671334648346551,
        "pinball": 0.7659457421171442,
        "rmse_median": 3.153982436357645
      },
      "after": {
        "picp": 0.7743732590529248,
        "mpiw": 8.391197598739021,
        "mis": 14.460703634725945,
        "pinball": 0.7572983777341399,
        "rmse_median": 3.153982436357645
      }
    },
    "level_shift_2.0": {
      "before": {
        "picp": 0.5217038068709378,
        "mpiw": 7.85610488749348,
        "mis": 33.03899725922048,
        "pinball": 1.3525995229753722,
        "rmse_median": 4.864999736263168
      },
      "after": {
        "picp": 0.5705663881151346,
        "mpiw": 8.659790851371564,
        "mis": 30.192893452878494,
        "pinball": 1.3322702100729293,
        "rmse_median": 4.864999736263168
      }
    },
    "level_shift_4.0": {
      "before": {
        "picp": 0.30176415970287834,
        "mpiw": 8.568466747154282,
        "mis": 80.23666700228378,
        "pinball": 2.7559937244497292,
        "rmse_median": 8.645996650145982
      },
      "after": {
        "picp": 0.3315923862581244,
        "mpiw": 9.372152711032367,
        "mis": 75.54163324067459,
        "pinball": 2.722457769009664,
        "rmse_median": 8.645996650145982
      }
    },
    "point_spike_1.0": {
      "before": {
        "picp": 0.9035515320334262,
        "mpiw": 7.488598011445815,
        "mis": 9.516076169729974,
        "pinball": 0.5119078625253286,
        "rmse_median": 2.4337869907009786
      },
      "after": {
        "picp": 0.9370937790157846,
        "mpiw": 8.292283975323901,
        "mis": 9.694098740979332,
        "pinball": 0.513179452319967,
        "rmse_median": 2.4337869907009786
      }
    },
    "point_spike_2.0": {
      "before": {
        "picp": 0.9021587743732591,
        "mpiw": 7.504786883164997,
        "mis": 9.562451323234242,
        "pinball": 0.5145040206716874,
        "rmse_median": 2.4456707761202185
      },
      "after": {
        "picp": 0.9372098421541318,
        "mpiw": 8.308472847043083,
        "mis": 9.735861491195644,
        "pinball": 0.5157426647285546,
        "rmse_median": 2.4456707761202185
      }
    },
    "point_spike_4.0": {
      "before": {
        "picp": 0.8974001857010213,
        "mpiw": 7.594215620074975,
        "mis": 10.044009781993624,
        "pinball": 0.5327570405409783,
        "rmse_median": 2.5270697941577738
      },
      "after": {
        "picp": 0.9303621169916435,
        "mpiw": 8.397901583953061,
        "mis": 10.166105266902601,
        "pinball": 0.533629151147471,
        "rmse_median": 2.5270697941577738
      }
    }
  }
}