{
  "model": "qtransformer_multi",
  "method": "cqr",
  "alpha": 0.1,
  "fit_on": [
    "clean"
  ],
  "params": {
    "margin": 0.8740073694197161
  },
  "settings": {
    "clean": {
      "before": {
        "picp": 0.8405292479108635,
        "mpiw": 5.857669942613792,
        "mis": 9.336848244892321,
        "pinball": 0.4928191104329348,
        "rmse_median": 2.2753392899579286
      },
      "after": {
        "picp": 0.9280408542246983,
        "mpiw": 7.605684681453223,
        "mis": 9.18191121526568,
        "pinball": 0.4917124173641731,
        "rmse_median": 2.2753392899579286
      }
    },
    "clock_skew_1.0": {
      "before": {
        "picp": 0.7466341689879294,
        "mpiw": 5.888613228839361,
        "mis": 12.115426847219318,
        "pinball": 0.5958915719741793,
        "rmse_median": 2.5505036931131433
      },
      "after": {
        "picp": 0.8666434540389972,
        "mpiw": 7.636627967678793,
        "mis": 10.546635517963363,
        "pinball": 0.5846859196223511,
        "rmse_median": 2.5505036931131433
      }
    },
    "clock_skew_2.0": {
      "before": {
        "picp": 0.637883008356546,
        "mpiw": 5.842919490743499,
        "mis": 19.573087048624302,
        "pinball": 0.8216744828807849,
        "rmse_median": 3.184633995394931
      },
      "after": {
        "picp": 0.757544103992572,
        "mpiw": 7.590934229582931,
        "mis": 16.11353625873111,
        "pinball": 0.7969634058101194,
        "rmse_median": 3.184633995394931
      }
    },
    "clock_skew_4.0": {
      "before": {
        "picp": 0.5009285051067781,
        "mpiw": 5.626536099949961,
        "mis": 33.83606122759058,
        "pinball": 1.228343478827376,
        "rmse_median": 4.2805072213936555
      },
      "after": {
        "picp": 0.614322191272052,
        "mpiw": 7.374550838789393,
        "mis": 27.896333388177652,
        "pinball": 1.1859168514029979,
        "rmse_median": 4.2805072213936555
      }
    },
    "contextual_outlier_1.0": {
      "before": {
        "picp": 0.841225626740947,
        "mpiw": 5.8572181390463625,
        "mis": 9.266356458180319,
        "pinball": 0.4916241898462367,
        "rmse_median": 2.2673973953283677
      },
      "after": {
        "picp": 0.9295496750232126,
        "mpiw": 7.605232877885794,
        "mis": 9.135842973144099,
        "pinball": 0.49069195066740656,
        "rmse_median": 2.2673973953283677
      }
    },
    "contextual_outlier_2.0": {
      "before": {
        "picp": 0.8399489322191273,
        "mpiw": 5.85490204084039,
        "mis": 9.38757180240193,
        "pinball": 0.4947425489171448,
        "rmse_median": 2.2781112068402387
      },
      "after": {
        "picp": 0.9268802228412256,
        "mpiw": 7.602916779679821,
        "mis": 9.228398351657875,
        "pinball": 0.4936055956975444,
        "rmse_median": 2.2781112068402387
      }
    },
    "contextual_outlier_4.0": {
      "before": {
        "picp": 0.8289229340761374,
        "mpiw": 5.875237024799904,
        "mis": 10.005691861670398,
        "pinball": 0.5198409468166011,
        "rmse_median": 2.393025553869286
      },
      "after": {
        "picp": 0.9203806870937791,
        "mpiw": 7.6232517636393355,
        "mis": 9.673111088906795,
        "pinball": 0.5174653698682897,
        "rmse_median": 2.393025553869286
      }
    },
    "drift_1.0": {
      "before": {
        "picp": 0.5842618384401114,
        "mpiw": 5.867681165083122,
        "mis": 17.90237760890129,
        "pinball": 0.8067068283710553,
        "rmse_median": 3.1052895905127573
      },
      "after": {
        "picp": 0.7472144846796658,
        "mpiw": 7.615695903922553,
        "mis": 13.846288898623994,
        "pinball": 0.7777347661547891,
        "rmse_median": 3.1052895905127573
      }
    },
    "drift_2.0": {
      "before": {
        "picp": 0.38057103064066855,
        "mpiw": 5.930244012015863,
        "mis": 39.521080729690375,
        "pinball": 1.4432631755330836,
        "rmse_median": 4.729675907043296
      },
      "after": {
        "picp": 0.4885097493036212,
        "mpiw": 7.678258750855294,
        "mis": 31.373048307191294,
        "pinball": 1.3850629439438045,
        "rmse_median": 4.729675907043296
      }
    },
    "drift_4.0": {
      "before": {
        "picp": 0.1882544103992572,
        "mpiw": 6.206732919054284,
        "mis": 92.36213571551227,
        "pinball": 2.885269302770267,
        "rmse_median": 8.215214816200389
      },
      "after": {
        "picp": 0.24698235840297122,
        "mpiw": 7.954747657893716,
        "mis": 80.43864034541178,
        "pinball": 2.8001014786981204,
        "rmse_median": 8.215214816200389
      }
    },
    "fgsm_1.0": {
      "before": {
        "picp": 0.3412256267409471,
        "mpiw": 5.83777796929569,
        "mis": 33.490651571400214,
        "pinball": 1.3161760096063448,
        "rmse_median": 4.46372471223288
      },
      "after": {
        "picp": 0.5005803156917363,
        "mpiw": 7.585792708135121,
        "mis": 25.08761187199992,
        "pinball": 1.256154297467771,
        "rmse_median": 4.46372471223288
      }
    },
    "fgsm_2.0": {
      "before": {
        "picp": 0.2292246982358403,
        "mpiw": 5.851248316012904,
        "mis": 59.80353326113434,
        "pinball": 2.0141054056109633,
        "rmse_median": 6.026460975085918
      },
      "after": {
        "picp": 0.3112813370473538,
        "mpiw": 7.599263054852335,
        "mis": 48.76399377530908,
        "pinball": 1.9352515521407831,
        "rmse_median": 6.026460975085918
      }
    },
    "fgsm_4.0": {
      "before": {
        "picp": 0.16434540389972144,
        "mpiw": 6.0842844855889835,
        "mis": 104.6469880400888,
        "pinball": 3.198658797727741,
        "rmse_median": 8.82262228907024
      },
      "after": {
        "picp": 0.21460074280408542,
        "mpiw": 7.832299224428415,
        "mis": 92.22544740858486,
        "pinball": 3.1099335075027126,
        "rmse_median": 8.82262228907024
      }
    },
    "flatline_1.0": {
      "before": {
        "picp": 0.552460538532962,
        "mpiw": 6.03072206818569,
        "mis": 28.536571255213172,
        "pinball": 1.1053951104855817,
        "rmse_median": 4.036080314937436
      },
      "after": {
        "picp": 0.6634168987929434,
        "mpiw": 7.778736807025119,
        "mis": 23.50252590797609,
        "pinball": 1.0694376437196027,
        "rmse_median": 4.036080314937436
      }
    },
    "flatline_2.0": {
      "before": {
        "picp": 0.5587279480037141,
        "mpiw": 5.9509888415258985,
        "mis": 25.46133779888095,
        "pinball": 1.0111520433733312,
        "rmse_median": 3.7156195771900773
      },
      "after": {
        "picp": 0.6830315691736305,
        "mpiw": 7.699003580365329,
        "mis": 20.619541954654757,
        "pinball": 0.9765677873431441,
        "rmse_median": 3.7156195771900773
      }
    },
    "flatline_4.0": {
      "before": {
        "picp": 0.5518802228412256,
        "mpiw": 5.643398740470274,
        "mis": 25.948959907347227,
        "pinball": 1.008482664094749,
        "rmse_median": 3.8090006864790196
      },
      "after": {
        "picp": 0.6783890436397401,
        "mpiw": 7.391413479309705,
        "mis": 21.01735827607456,
        "pinball": 0.9732569381570872,
        "rmse_median": 3.8090006864790196
      }
    },
    "gap_imputation_1.0": {
      "before": {
        "picp": 0.8420380687093779,
        "mpiw": 5.856277818065911,
        "mis": 9.305441649527836,
        "pinball": 0.49127942382933615,
        "rmse_median": 2.2675575663554066
      },
      "after": {
        "picp": 0.9298978644382544,
        "mpiw": 7.604292556905343,
        "mis": 9.164723224647807,
        "pinball": 0.49027429222305025,
        "rmse_median": 2.2675575663554066
      }
    },
    "gap_imputation_2.0": {
      "before": {
        "picp": 0.8378597957288765,
        "mpiw": 5.844118987188396,