{
  "model": "qtransformer_multi",
  "method": "cqr",
  "alpha": 0.1,
  "fit_on": [
    "clean"
  ],
  "params": {
    "margin": 0.5301420162842927
  },
  "settings": {
    "clean": {
      "before": {
        "picp": 0.8986768802228412,
        "mpiw": 6.49100251094512,
        "mis": 8.605050339566715,
        "pinball": 0.46686468286658295,
        "rmse_median": 2.2052987426703727
      },
      "after": {
        "picp": 0.9406917363045497,
        "mpiw": 7.551286543513709,
        "mis": 8.83660301665432,
        "pinball": 0.4685186305600658,
        "rmse_median": 2.2052987426703727
      }
    },
    "clock_skew_1.0": {
      "before": {
        "picp": 0.841225626740947,
        "mpiw": 6.4484959904310735,
        "mis": 9.710569210780841,
        "pinball": 0.5155676977212573,
        "rmse_median": 2.363191499495479
      },
      "after": {
        "picp": 0.9029712163416899,
        "mpiw": 7.508780022999662,
        "mis": 9.418060757636999,
        "pinball": 0.5134783516273728,
        "rmse_median": 2.363191499495479
      }
    },
    "clock_skew_2.0": {
      "before": {
        "picp": 0.7631151346332404,
        "mpiw": 6.396282823663878,
        "mis": 12.869125954459518,
        "pinball": 0.6246839508025879,
        "rmse_median": 2.674942320878047
      },
      "after": {
        "picp": 0.8269498607242339,
        "mpiw": 7.456566856232466,
        "mis": 11.774057877976942,
        "pinball": 0.6168620359705695,
        "rmse_median": 2.674942320878047
      }
    },
    "clock_skew_4.0": {
      "before": {
        "picp": 0.6642293407613742,
        "mpiw": 6.243796791177663,
        "mis": 19.971063618687026,
        "pinball": 0.8417524257463261,
        "rmse_median": 3.2766778148204727
      },
      "after": {
        "picp": 0.7305013927576601,
        "mpiw": 7.304080823746252,
        "mis": 17.836611269264036,
        "pinball": 0.8265063375361621,
        "rmse_median": 3.2766778148204727
      }
    },
    "contextual_outlier_1.0": {
      "before": {
        "picp": 0.8994893221912721,
        "mpiw": 6.490364294843892,
        "mis": 8.60185402695461,
        "pinball": 0.4667948536589378,
        "rmse_median": 2.205132686520122
      },
      "after": {
        "picp": 0.9409238625812442,
        "mpiw": 7.55064832741248,
        "mis": 8.83927380893806,
        "pinball": 0.46849070924453384,
        "rmse_median": 2.205132686520122
      }
    },
    "contextual_outlier_2.0": {
      "before": {
        "picp": 0.9000696378830083,
        "mpiw": 6.489117003933148,
        "mis": 8.600866083066927,
        "pinball": 0.4668514050962394,
        "rmse_median": 2.204753028792516
      },
      "after": {
        "picp": 0.9413881151346333,
        "mpiw": 7.549401036501736,
        "mis": 8.844499817092572,
        "pinball": 0.46859164605356546,
        "rmse_median": 2.204753028792516
      }
    },
    "contextual_outlier_4.0": {
      "before": {
        "picp": 0.9003017641597029,
        "mpiw": 6.48770748011995,
        "mis": 8.640712126644322,
        "pinball": 0.4675175703024173,
        "rmse_median": 2.206514332711958
      },
      "after": {
        "picp": 0.942200557103064,
        "mpiw": 7.547991512688539,
        "mis": 8.891258105491065,
        "pinball": 0.46930718443703695,
        "rmse_median": 2.206514332711958
      }
    },
    "drift_1.0": {
      "before": {
        "picp": 0.7464020427112349,
        "mpiw": 6.496647944866894,
        "mis": 11.926266341083158,
        "pinball": 0.6146784480867665,
        "rmse_median": 2.6156150681504533
      },
      "after": {
        "picp": 0.8335654596100278,
        "mpiw": 7.556931977435483,
        "mis": 10.775726984307791,
        "pinball": 0.6064603098240854,
        "rmse_median": 2.6156150681504533
      }
    },
    "drift_2.0": {
      "before": {
        "picp": 0.5558263695450325,
        "mpiw": 6.530661219143237,
        "mis": 21.994533997839824,
        "pinball": 0.9565647881406443,
        "rmse_median": 3.5430866213699015
      },
      "after": {
        "picp": 0.6328922934076138,
        "mpiw": 7.590945251711825,
        "mis": 18.753151585881188,
        "pinball": 0.933412056626654,
        "rmse_median": 3.5430866213699015
      }
    },
    "drift_4.0": {
      "before": {
        "picp": 0.30779944289693595,
        "mpiw": 6.709061052379753,
        "mis": 55.01315243938459,
        "pinball": 1.9368345061549486,
        "rmse_median": 6.024711666650385
      },
      "after": {
        "picp": 0.3618848653667595,
        "mpiw": 7.769345084948341,
        "mis": 49.02064069803147,
        "pinball": 1.8940308508595691,
        "rmse_median": 6.024711666650385
      }
    },
    "fgsm_1.0": {
      "before": {
        "picp": 0.49396471680594245,
        "mpiw": 6.503648022213402,
        "mis": 22.35297638412007,
        "pinball": 1.0389658968837336,
        "rmse_median": 3.947328736524157
      },
      "after": {
        "picp": 0.6103760445682451,
        "mpiw": 7.56393205478199,
        "mis": 18.659538554002438,
        "pinball": 1.0125841980971793,
        "rmse_median": 3.947328736524157
      }
    },
    "fgsm_2.0": {
      "before": {
        "picp": 0.3059424326833798,
        "mpiw": 6.5626108563356915,
        "mis": 41.01444140152956,
        "pinball": 1.5864083073093338,
        "rmse_median": 5.202499815547417
      },
      "after": {
        "picp": 0.3804549675023213,
        "mpiw": 7.6228948889042805,
        "mis": 35.09484243141491,
        "pinball": 1.5441254575228005,
        "rmse_median": 5.202499815547417
      }
    },
    "fgsm_4.0": {
      "before": {
        "picp": 0.1888347260909935,
        "mpiw": 6.813202389462789,
        "mis": 79.46728744507641,
        "pinball": 2.618511602584275,
        "rmse_median": 7.568495830871667
      },
      "after": {
        "picp": 0.2193593314763231,
        "mpiw": 7.873486422031377,
        "mis": 72.07250235898839,
        "pinball": 2.5656917091122184,
        "rmse_median": 7.568495830871667
      }
    },
    "flatline_1.0": {
      "before": {
        "picp": 0.6988161559888579,
        "mpiw": 6.451788571304592,
        "mis": 17.146382589532042,
        "pinball": 0.7647036696412718,
        "rmse_median": 3.0669158775948695
      },
      "after": {
        "picp": 0.763347260909935,
        "mpiw": 7.51207260387318,
        "mis": 15.367943788828148,
        "pinball": 0.7520005353505298,
        "rmse_median": 3.0669158775948695
      }
    },
    "flatline_2.0": {
      "before": {
        "picp": 0.6980037140204272,
        "mpiw": 6.401009475165303,
        "mis": 16.20468409622641,
        "pinball": 0.7433709932881101,
        "rmse_median": 2.995939781819276
      },
      "after": {
        "picp": 0.7647400185701021,
        "mpiw": 7.461293507733891,
        "mis": 14.430282994352204,
        "pinball": 0.7306966997032943,
        "rmse_median": 2.995939781819276
      }
    },
    "flatline_4.0": {
      "before": {
        "picp": 0.6666666666666666,
        "mpiw": 6.327690733721401,
        "mis": 18.3919782673124,
        "pinball": 0.8060794347214392,
        "rmse_median": 3.310003283486944
      },
      "after": {
        "picp": 0.747330547818013,
        "mpiw": 7.387974766289989,
        "mis": 16.368346913008892,
        "pinball": 0.7916249250478428,
        "rmse_median": 3.310003283486944
      }
    },
    "gap_imputation_1.0": {
      "before": {
        "picp": 0.8997214484679665,
        "mpiw": 6.489196589833121,
        "mis": 8.585196803827175,
        "pinball": 0.46513881584793537,
        "rmse_median": 2.1956217952939014
      },
      "after": {
        "picp": 0.9411559888579387,
        "mpiw": 7.54948062240171,
        "mis": 8.825116284584931,
        "pinball": 0.4668525264247765,
        "rmse_median": 2.1956217952939014
      }
    },
    "gap_imputation_2.0": {
      "before": {
        "picp": 0.8969359331476323,
        "mpiw": 6.483516808938184,