{
  "model": "qtransformer_multi",
  "method": "cqr",
  "alpha": 0.1,
  "fit_on": [
    "clean"
  ],
  "params": {
    "margin": 0.5301420162842927
  },
  "settings": {
    "clean": {
      "before": {
        "picp": 0.8986768802228412,
        "mpiw": 6.49100251094512,
        "mis": 8.605050339566715,
        "pinball": 0.46686468286658295,
        "rmse_median": 2.2052987426703727
      },
      "after": {
        "picp": 0.9406917363045497,
        "mpiw": 7.551286543513709,
        "mis": 8.83660301665432,
        "pinball": 0.4685186305600658,
        "rmse_median": 2.2052987426703727
      }
    },
    "contextual_outlier_1.0": {
      "before": {
        "picp": 0.8994893221912721,
        "mpiw": 6.490364294843892,
        "mis": 8.60185402695461,
        "pinball": 0.4667948536589378,
        "rmse_median": 2.205132686520122
      },
      "after": {
        "picp": 0.9409238625812442,
        "mpiw": 7.55064832741248,
        "mis": 8.83927380893806,
        "pinball": 0.46849070924453384,
        "rmse_median": 2.205132686520122
      }
    },
    "contextual_outlier_2.0": {
      "before": {
        "picp": 0.9000696378830083,
        "mpiw": 6.489117003933148,
        "mis": 8.600866083066927,
        "pinball": 0.4668514050962394,
        "rmse_median": 2.204753028792516
      },
      "after": {
        "picp": 0.9413881151346333,
        "mpiw": 7.549401036501736,
        "mis": 8.844499817092572,
        "pinball": 0.46859164605356546,
        "rmse_median": 2.204753028792516
      }
    },
    "contextual_outlier_4.0": {
      "before": {
        "picp": 0.9003017641597029,
        "mpiw": 6.48770748011995,
        "mis": 8.640712126644322,
        "pinball": 0.4675175703024173,
        "rmse_median": 2.206514332711958
      },
      "after": {
        "picp": 0.942200557103064,
        "mpiw": 7.547991512688539,
        "mis": 8.891258105491065,
        "pinball": 0.46930718443703695,
        "rmse_median": 2.206514332711958
      }
    },
    "fgsm_1.0": {
      "before": {
        "picp": 0.49396471680594245,
        "mpiw": 6.503648022213402,
        "mis": 22.35297638412007,
        "pinball": 1.0389658968837336,
        "rmse_median": 3.947328736524157
      },
      "after": {
        "picp": 0.6103760445682451,
        "mpiw": 7.56393205478199,
        "mis": 18.659538554002438,
        "pinball": 1.0125841980971793,
        "rmse_median": 3.947328736524157
      }
    },
    "fgsm_2.0": {
      "before": {
        "picp": 0.3059424326833798,
        "mpiw": 6.5626108563356915,
        "mis": 41.01444140152956,
        "pinball": 1.5864083073093338,
        "rmse_median": 5.202499815547417
      },
      "after": {
        "picp": 0.3804549675023213,
        "mpiw": 7.6228948889042805,
        "mis": 35.09484243141491,
        "pinball": 1.5441254575228005,
        "rmse_median": 5.202499815547417
      }
    },
    "fgsm_4.0": {
      "before": {
        "picp": 0.1888347260909935,
        "mpiw": 6.813202389462789,
        "mis": 79.46728744507641,
        "pinball": 2.618511602584275,
        "rmse_median": 7.568495830871667
      },
      "after": {
        "picp": 0.2193593314763231,
        "mpiw": 7.873486422031377,
        "mis": 72.07250235898839,
        "pinball": 2.5656917091122184,
        "rmse_median": 7.568495830871667
      }
    },
    "level_shift_1.0": {
      "before": {
        "picp": 0.7761142061281338,
        "mpiw": 6.487142055141214,
        "mis": 11.153912365425041,
        "pinball": 0.5801308949761131,
        "rmse_median": 2.4865480360444185
      },
      "after": {
        "picp": 0.8571262766945218,
        "mpiw": 7.547426087709803,
        "mis": 10.286405042366141,
        "pinball": 0.5739344140971211,
        "rmse_median": 2.4865480360444185
      }
    },
    "level_shift_2.0": {
      "before": {
        "picp": 0.6086350974930362,
        "mpiw": 6.506217204616189,
        "mis": 19.8358900026837,
        "pinball": 0.8747004179293798,
        "rmse_median": 3.300207776565128
      },
      "after": {
        "picp": 0.685468895078923,
        "mpiw": 7.566501237184777,
        "mis": 17.154779613179464,
        "pinball": 0.8555496294329209,
        "rmse_median": 3.300207776565128
      }
    },
    "level_shift_4.0": {
      "before": {
        "picp": 0.36803621169916434,
        "mpiw": 6.651420064082923,
        "mis": 48.815377204262006,
        "pinball": 1.7440851932477286,
        "rmse_median": 5.610062060598982
      },
      "after": {
        "picp": 0.42896935933147634,
        "mpiw": 7.711704096651511,
        "mis": 43.4901131290386,
        "pinball": 1.7060475927104186,
        "rmse_median": 5.610062060598982
      }
    },
    "point_spike_1.0": {
      "before": {
        "picp": 0.8987929433611885,
        "mpiw": 6.4915782419236585,
        "mis": 8.615161430513698,
        "pinball": 0.4673930736448645,
        "rmse_median": 2.2067094002702
      },
      "after": {
        "picp": 0.9404596100278552,
        "mpiw": 7.5518622744922475,
        "mis": 8.841554743145196,
        "pinball": 0.4690101687350895,
        "rmse_median": 2.2067094002702
      }
    },
    "point_spike_2.0": {
      "before": {
        "picp": 0.8979805013927576,
        "mpiw": 6.492854804215968,
        "mis": 8.6439274166201,
        "pinball": 0.46875083609298324,
        "rmse_median": 2.2117918724407613
      },
      "after": {
        "picp": 0.9397632311977716,
        "mpiw": 7.553138836784556,
        "mis": 8.864425004583499,
        "pinball": 0.4703258188641504,
        "rmse_median": 2.2117918724407613
      }
    },
    "point_spike_4.0": {
      "before": {
        "picp": 0.8971680594243269,
        "mpiw": 6.493973468875096,
        "mis": 8.729455871458516,
        "pinball": 0.472006230047803,
        "rmse_median": 2.2254465131083228
      },
      "after": {
        "picp": 0.9387186629526463,
        "mpiw": 7.554257501443685,
        "mis": 8.937016215333752,
        "pinball": 0.4734888039326261,
        "rmse_median": 2.2254465131083228
      }
    }
  }
}