{
  "model": "qtransformer",
  "method": "cqr",
  "alpha": 0.1,
  "fit_on": [
    "clean"
  ],
  "params": {
    "margin": 0.40184298193904283
  },
  "settings": {
    "clean": {
      "before": {
        "picp": 0.9048282265552461,
        "mpiw": 7.486732339481373,
        "mis": 9.48621477978658,
        "pinball": 0.5110080486176924,
        "rmse_median": 2.430435930314456
      },
      "after": {
        "picp": 0.9381383472609099,
        "mpiw": 8.290418303359457,
        "mis": 9.672024519124816,
        "pinball": 0.512335261041537,
        "rmse_median": 2.430435930314456
      }
    },
    "clock_skew_1.0": {
      "before": {
        "picp": 0.8003714020427113,
        "mpiw": 7.4998238545265945,
        "mis": 12.52791587131813,
        "pinball": 0.6377007679429921,
        "rmse_median": 2.8123687006016853
      },
      "after": {
        "picp": 0.8478412256267409,
        "mpiw": 8.30350981840468,
        "mis": 11.919885517795922,
        "pinball": 0.6333576939892619,
        "rmse_median": 2.8123687006016853
      }
    },
    "clock_skew_2.0": {
      "before": {
        "picp": 0.6954503249767874,
        "mpiw": 7.622361792831592,
        "mis": 19.439482727230168,
        "pinball": 0.8840334879457085,
        "rmse_median": 3.5950634185873795
      },
      "after": {
        "picp": 0.7404828226555246,
        "mpiw": 8.426047756709677,
        "mis": 17.97799996815881,
        "pinball": 0.873594325380913,
        "rmse_median": 3.5950634185873795
      }
    },
    "clock_skew_4.0": {
      "before": {
        "picp": 0.5567548746518106,
        "mpiw": 7.6748018636261515,
        "mis": 36.541924083432185,
        "pinball": 1.4047835643869477,
        "rmse_median": 5.1250120892802515
      },
      "after": {
        "picp": 0.5945914577530177,
        "mpiw": 8.478487827504235,
        "mis": 33.93669556096884,
        "pinball": 1.3861747892264955,
        "rmse_median": 5.1250120892802515
      }
    },
    "contextual_outlier_1.0": {
      "before": {
        "picp": 0.9041318477251625,
        "mpiw": 7.494835418722845,
        "mis": 9.48859764495551,
        "pinball": 0.5108354128250645,
        "rmse_median": 2.4312445432624323
      },
      "after": {
        "picp": 0.9384865366759517,
        "mpiw": 8.29852138260093,
        "mis": 9.67472741449099,
        "pinball": 0.5121649111788894,
        "rmse_median": 2.4312445432624323
      }
    },
    "contextual_outlier_2.0": {
      "before": {
        "picp": 0.9028551532033426,
        "mpiw": 7.519390736874552,
        "mis": 9.533278862475989,
        "pinball": 0.5140593688123631,
        "rmse_median": 2.4428348211945976
      },
      "after": {
        "picp": 0.9358170844939647,
        "mpiw": 8.323076700752639,
        "mis": 9.704118595301837,
        "pinball": 0.515279652618262,
        "rmse_median": 2.4428348211945976
      }
    },
    "contextual_outlier_4.0": {
      "before": {
        "picp": 0.8949628597957289,
        "mpiw": 7.639394723229318,
        "mis": 10.213721809895725,
        "pinball": 0.5385160643683254,
        "rmse_median": 2.55602516482187
      },
      "after": {
        "picp": 0.9268802228412256,
        "mpiw": 8.4430806871074,
        "mis": 10.31304599205319,
        "pinball": 0.5392255228123074,
        "rmse_median": 2.55602516482187
      }
    },
    "drift_1.0": {
      "before": {
        "picp": 0.7058960074280408,
        "mpiw": 7.541105231605287,
        "mis": 16.193474001429927,
        "pinball": 0.7922337634642231,
        "rmse_median": 3.281283967129143
      },
      "after": {
        "picp": 0.75847260909935,
        "mpiw": 8.34479119548337,
        "mis": 14.846983011485435,
        "pinball": 0.7826159706789054,
        "rmse_median": 3.281283967129143
      }
    },
    "drift_2.0": {
      "before": {
        "picp": 0.49419684308263695,
        "mpiw": 7.763959094396725,
        "mis": 33.60622374996942,
        "pinball": 1.3821601851905425,
        "rmse_median": 4.943593025803568
      },
      "after": {
        "picp": 0.5424791086350975,
        "mpiw": 8.567645058274808,
        "mis": 30.545345054749863,
        "pinball": 1.3602967659389742,
        "rmse_median": 4.943593025803568
      }
    },
    "drift_4.0": {
      "before": {
        "picp": 0.2720519962859796,
        "mpiw": 8.613078684538811,
        "mis": 77.76351071999721,
        "pinball": 2.7262520010829228,
        "rmse_median": 8.47151536030615
      },
      "after": {
        "picp": 0.3008356545961003,
        "mpiw": 9.416764648416896,
        "mis": 72.83545784448711,
        "pinball": 2.6910516234007074,
        "rmse_median": 8.47151536030615
      }
    },
    "fgsm_1.0": {
      "before": {
        "picp": 0.44962859795728877,
        "mpiw": 8.168773930745202,
        "mis": 35.12737902892163,
        "pinball": 1.4907979990154863,
        "rmse_median": 5.475822598906664
      },
      "after": {
        "picp": 0.504874651810585,
        "mpiw": 8.972459894623286,
        "mis": 31.73593759819649,
        "pinball": 1.4665734173674496,
        "rmse_median": 5.475822598906664
      }
    },
    "fgsm_2.0": {
      "before": {
        "picp": 0.37058960074280406,
        "mpiw": 8.799568024625536,
        "mis": 57.424778079874315,
        "pinball": 2.1346619082629226,
        "rmse_median": 7.154523365296659
      },
      "after": {
        "picp": 0.40482822655524603,
        "mpiw": 9.60325398850362,
        "mis": 53.31224193485426,
        "pinball": 2.105286650084208,
        "rmse_median": 7.154523365296659
      }
    },
    "fgsm_4.0": {
      "before": {
        "picp": 0.3097725162488394,
        "mpiw": 9.40516746551645,
        "mis": 99.09648032519054,
        "pinball": 3.283980151273235,
        "rmse_median": 10.317281276081209
      },
      "after": {
        "picp": 0.33379758588672237,
        "mpiw": 10.208853429394535,
        "mis": 94.449984516453,
        "pinball": 3.2507908954965385,
        "rmse_median": 10.317281276081209
      }
    },
    "flatline_1.0": {
      "before": {
        "picp": 0.6646935933147632,
        "mpiw": 7.894759368632623,
        "mis": 25.278451851934115,
        "pinball": 1.0512486336367757,
        "rmse_median": 4.041702640193585
      },
      "after": {
        "picp": 0.7022980501392758,
        "mpiw": 8.698445332510708,
        "mis": 23.542638171766228,
        "pinball": 1.0388499644927192,
        "rmse_median": 4.041702640193585
      }
    },
    "flatline_2.0": {
      "before": {
        "picp": 0.6471680594243269,
        "mpiw": 7.648051784682649,
        "mis": 23.75712775641287,
        "pinball": 1.0113721339582387,
        "rmse_median": 3.849551549714123
      },
      "after": {
        "picp": 0.6906917363045497,
        "mpiw": 8.451737748560735,
        "mis": 21.90652270024646,
        "pinball": 0.9981535264141929,
        "rmse_median": 3.849551549714123
      }
    },
    "flatline_4.0": {
      "before": {
        "picp": 0.5892525533890436,
        "mpiw": 6.896331957741235,
        "mis": 26.422522513408484,
        "pinball": 1.0874002864748744,
        "rmse_median": 4.240591204223851
      },
      "after": {
        "picp": 0.6467038068709378,
        "mpiw": 7.700017921619322,
        "mis": 24.15285982444016,
        "pinball": 1.071188410125101,
        "rmse_median": 4.240591204223851
      }
    },
    "gap_imputation_1.0": {
      "before": {
        "picp": 0.9029712163416899,
        "mpiw": 7.47689214333979,
        "mis": 9.487117624273552,
        "pinball": 0.511371153638516,
        "rmse_median": 2.4293654079530573
      },
      "after": {
        "picp": 0.9381383472609099,
        "mpiw": 8.280578107217876,
        "mis": 9.663254670081464,
        "pinball": 0.5126292753942869,
        "rmse_median": 2.4293654079530573
      }
    },
    "gap_imputation_2.0": {
      "before": {
        "picp": 0.8950789229340761,
        "mpiw": 7.456840252346641,
        "mis": 9.66288753201122,