{
  "model": "deepar",
  "method": "input_tau",
  "alpha": 0.1,
  "fit_on": [
    "clean",
    "contextual_outlier_1.0",
    "contextual_outlier_2.0",
    "contextual_outlier_4.0",
    "fgsm_1.0",
    "fgsm_2.0",
    "fgsm_4.0",
    "level_shift_1.0",
    "level_shift_2.0",
    "level_shift_4.0",
    "point_spike_1.0",
    "point_spike_2.0",
    "point_spike_4.0"
  ],
  "params": {
    "n_features": 6,
    "regressor": "HistGradientBoostingRegressor"
  },
  "settings": {
    "clean": {
      "before": {
        "picp": 0.8523676880222841,
        "mpiw": 7.4989793694948,
        "mis": 10.980776207339314,
        "pinball": 0.5834213258533655,
        "rmse_median": 2.69082310748601
      },
      "after": {
        "picp": 0.947075208913649,
        "mpiw": 11.953308878608327,
        "mis": 13.037837822251554,
        "pinball": 0.6394058597371471,
        "rmse_median": 2.69082310748601
      }
    },
    "contextual_outlier_1.0": {
      "before": {
        "picp": 0.8510909935004642,
        "mpiw": 7.499779695811349,
        "mis": 10.981093111160702,
        "pinball": 0.5840339905818126,
        "rmse_median": 2.693126591084596
      },
      "after": {
        "picp": 0.9483519034354689,
        "mpiw": 11.926256886501658,
        "mis": 12.952535884368066,
        "pinball": 0.6377985689383714,
        "rmse_median": 2.693126591084596
      }
    },
    "contextual_outlier_2.0": {
      "before": {
        "picp": 0.8479572887650882,
        "mpiw": 7.504398324705928,
        "mis": 11.022412385423674,
        "pinball": 0.5864521403258376,
        "rmse_median": 2.7022816262844502
      },
      "after": {
        "picp": 0.9489322191272052,
        "mpiw": 12.083995505467113,
        "mis": 13.077368570685781,
        "pinball": 0.6418050907866386,
        "rmse_median": 2.7022816262844502
      }
    },
    "contextual_outlier_4.0": {
      "before": {
        "picp": 0.8442432683379758,
        "mpiw": 7.538632625958382,
        "mis": 11.176260598509453,
        "pinball": 0.5928598601485121,
        "rmse_median": 2.7309673858053474
      },
      "after": {
        "picp": 0.9531104921077066,
        "mpiw": 12.518478273623264,
        "mis": 13.38870372830672,
        "pinball": 0.6531115303961865,
        "rmse_median": 2.7309673858053474
      }
    },
    "fgsm_1.0": {
      "before": {
        "picp": 0.4803853296193129,
        "mpiw": 9.155429754449937,
        "mis": 44.19821832761063,
        "pinball": 1.6919061184672053,
        "rmse_median": 6.001582472582778
      },
      "after": {
        "picp": 0.866991643454039,
        "mpiw": 25.03643924894629,
        "mis": 29.43898691223031,
        "pinball": 1.4948518711990466,
        "rmse_median": 6.001582472582778
      }
    },
    "fgsm_2.0": {
      "before": {
        "picp": 0.4174791086350975,
        "mpiw": 10.705278524401384,
        "mis": 67.91706445990634,
        "pinball": 2.4903554010407563,
        "rmse_median": 8.543424175818656
      },
      "after": {
        "picp": 0.867455896007428,
        "mpiw": 31.340745544439848,
        "mis": 38.26601220665254,
        "pinball": 2.0282860464508286,
        "rmse_median": 8.543424175818656
      }
    },
    "fgsm_4.0": {
      "before": {
        "picp": 0.4213091922005571,
        "mpiw": 13.279499973276977,
        "mis": 92.65428668797679,
        "pinball": 3.295389942004868,
        "rmse_median": 11.266126546487897
      },
      "after": {
        "picp": 0.8185933147632312,
        "mpiw": 35.22331440742623,
        "mis": 51.1619159399589,
        "pinball": 2.6640016750970164,
        "rmse_median": 11.266126546487897
      }
    },
    "level_shift_1.0": {
      "before": {
        "picp": 0.666782729805014,
        "mpiw": 7.618884152067678,
        "mis": 17.742559924183723,
        "pinball": 0.8417449479078883,
        "rmse_median": 3.3989197336940697
      },
      "after": {
        "picp": 0.8361188486536676,
        "mpiw": 13.171518590932436,
        "mis": 17.384273833134795,
        "pinball": 0.8524036510622156,
        "rmse_median": 3.3989197336940697
      }
    },
    "level_shift_2.0": {
      "before": {
        "picp": 0.4726090993500464,
        "mpiw": 7.799976211734117,
        "mis": 35.244689691016056,
        "pinball": 1.4167452285833144,
        "rmse_median": 5.015969806681605
      },
      "after": {
        "picp": 0.7581244196843082,
        "mpiw": 18.151151481913647,
        "mis": 28.28618492161277,
        "pinball": 1.3263439957618086,
        "rmse_median": 5.015969806681605
      }
    },
    "level_shift_4.0": {
      "before": {
        "picp": 0.2675255338904364,
        "mpiw": 7.90788102747504,
        "mis": 85.11371984111433,
        "pinball": 2.8061472066759916,
        "rmse_median": 8.472085129942935
      },
      "after": {
        "picp": 0.718430826369545,
        "mpiw": 29.891403856668692,
        "mis": 49.76909807495198,
        "pinball": 2.2623327434959717,
        "rmse_median": 8.472085129942935
      }
    },
    "point_spike_1.0": {
      "before": {
        "picp": 0.8512070566388115,
        "mpiw": 7.4976162842566065,
        "mis": 10.999809766513494,
        "pinball": 0.5838124787616444,
        "rmse_median": 2.690246709408183
      },
      "after": {
        "picp": 0.9483519034354689,
        "mpiw": 11.936246816844092,
        "mis": 13.005642366212472,
        "pinball": 0.6380615810029794,
        "rmse_median": 2.690246709408183
      }
    },
    "point_spike_2.0": {
      "before": {
        "picp": 0.8503946146703807,
        "mpiw": 7.508237208001722,
        "mis": 11.088845375709314,
        "pinball": 0.5869701736016684,
        "rmse_median": 2.7026977107019796
      },
      "after": {
        "picp": 0.9478876508820798,
        "mpiw": 12.117878315272804,
        "mis": 13.195248470310558,
        "pinball": 0.6448948857117239,
        "rmse_median": 2.7026977107019796
      }
    },
    "point_spike_4.0": {
      "before": {
        "picp": 0.8448235840297121,
        "mpiw": 7.529113480053638,
        "mis": 11.434329265983532,
        "pinball": 0.5993773813748663,
        "rmse_median": 2.7866816293180734
      },
      "after": {
        "picp": 0.9492804085422469,
        "mpiw": 12.401351282526845,
        "mis": 13.523952585903917,
        "pinball": 0.6572088484940355,
        "rmse_median": 2.7866816293180734
      }
    }
  }
}