{
  "model": "deepar_robust",
  "method": "input_tau",
  "alpha": 0.1,
  "fit_on": [
    "clean",
    "clock_skew_1.0",
    "clock_skew_2.0",
    "clock_skew_4.0",
    "contextual_outlier_1.0",
    "contextual_outlier_2.0",
    "contextual_outlier_4.0",
    "drift_1.0",
    "drift_2.0",
    "drift_4.0",
    "fgsm_1.0",
    "fgsm_2.0",
    "fgsm_4.0",
    "flatline_1.0",
    "flatline_2.0",
    "flatline_4.0",
    "gap_imputation_1.0",
    "gap_imputation_2.0",
    "gap_imputation_4.0",
    "level_shift_1.0",
    "level_shift_2.0",
    "level_shift_4.0",
    "noise_burst_1.0",
    "noise_burst_2.0",
    "noise_burst_4.0",
    "point_spike_1.0",
    "point_spike_2.0",
    "point_spike_4.0"
  ],
  "params": {
    "n_features": 6,
    "regressor": "HistGradientBoostingRegressor"
  },
  "settings": {
    "clean": {
      "before": {
        "picp": 0.838091922005571,
        "mpiw": 12.834369218216116,
        "mis": 18.026890448393033,
        "pinball": 0.9898605412505601,
        "rmse_median": 4.403040904666402
      },
      "after": {
        "picp": 0.9375580315691736,
        "mpiw": 17.87575486787139,
        "mis": 19.975060082422328,
        "pinball": 1.0228983858915937,
        "rmse_median": 4.403040904666402
      }
    },
    "clock_skew_1.0": {
      "before": {
        "picp": 0.7804085422469823,
        "mpiw": 12.755677615197898,
        "mis": 19.538092210778824,
        "pinball": 1.034218019643027,
        "rmse_median": 4.417207169131119
      },
      "after": {
        "picp": 0.9071494893221913,
        "mpiw": 17.85889865313014,
        "mis": 20.209912349885514,
        "pinball": 1.051175649540252,
        "rmse_median": 4.417207169131119
      }
    },
    "clock_skew_2.0": {
      "before": {
        "picp": 0.6939415041782729,
        "mpiw": 12.736833844204616,
        "mis": 27.056842294933983,
        "pinball": 1.253925842344188,
        "rmse_median": 5.043060377562938
      },
      "after": {
        "picp": 0.849233983286908,
        "mpiw": 18.9508399460002,
        "mis": 24.85685429413611,
        "pinball": 1.2329160864668116,
        "rmse_median": 5.043060377562938
      }
    },
    "clock_skew_4.0": {
      "before": {
        "picp": 0.5576833797585887,
        "mpiw": 12.443638751107207,
        "mis": 44.94313024035355,
        "pinball": 1.7953167538768062,
        "rmse_median": 6.60417311421293
      },
      "after": {
        "picp": 0.7638115134633241,
        "mpiw": 20.917986335300867,
        "mis": 34.1915960555089,
        "pinball": 1.652440805879427,
        "rmse_median": 6.60417311421293
      }
    },
    "contextual_outlier_1.0": {
      "before": {
        "picp": 0.8389043639740018,
        "mpiw": 12.847359369594818,
        "mis": 18.036713792578265,
        "pinball": 0.9906682112634188,
        "rmse_median": 4.4039054005651455
      },
      "after": {
        "picp": 0.9363974001857011,
        "mpiw": 17.846806588008718,
        "mis": 19.99924395890755,
        "pinball": 1.0240973306111931,
        "rmse_median": 4.4039054005651455
      }
    },
    "contextual_outlier_2.0": {
      "before": {
        "picp": 0.8398328690807799,
        "mpiw": 12.868547240033186,
        "mis": 18.111408620519025,
        "pinball": 0.9931179299382743,
        "rmse_median": 4.409439106325014
      },
      "after": {
        "picp": 0.9404596100278552,
        "mpiw": 18.024996211092603,
        "mis": 20.00542192479773,
        "pinball": 1.0267165950462553,
        "rmse_median": 4.409439106325014
      }
    },
    "contextual_outlier_4.0": {
      "before": {
        "picp": 0.8371634168987929,
        "mpiw": 12.905542494742956,
        "mis": 18.43899192034886,
        "pinball": 1.0035374875547265,
        "rmse_median": 4.444598269486002
      },
      "after": {
        "picp": 0.9384865366759517,
        "mpiw": 18.156790402681157,
        "mis": 20.315779216616612,
        "pinball": 1.0381847913705315,
        "rmse_median": 4.444598269486002
      }
    },
    "drift_1.0": {
      "before": {
        "picp": 0.7096100278551533,
        "mpiw": 13.08713414462081,
        "mis": 24.16587208154775,
        "pinball": 1.1970769524546994,
        "rmse_median": 4.9351441613362175
      },
      "after": {
        "picp": 0.8445914577530177,
        "mpiw": 18.859100616286987,
        "mis": 23.783669981247883,
        "pinball": 1.197806616152954,
        "rmse_median": 4.9351441613362175
      }
    },
    "drift_2.0": {
      "before": {
        "picp": 0.6279015784586816,
        "mpiw": 13.841065223823414,
        "mis": 36.51396841931045,
        "pinball": 1.604387032617058,
        "rmse_median": 6.146188758770905
      },
      "after": {
        "picp": 0.8065227483751161,
        "mpiw": 23.818011398391565,
        "mis": 32.80462400238215,
        "pinball": 1.5603961120162848,
        "rmse_median": 6.146188758770905
      }
    },
    "drift_4.0": {
      "before": {
        "picp": 0.5509517177344475,
        "mpiw": 15.47534641332706,
        "mis": 59.95378702239191,
        "pinball": 2.398168796939995,
        "rmse_median": 8.70921895191547
      },
      "after": {
        "picp": 0.8046657381615598,
        "mpiw": 35.4893038331672,
        "mis": 50.65640092660797,
        "pinball": 2.2931093157004505,
        "rmse_median": 8.70921895191547
      }
    },
    "fgsm_1.0": {
      "before": {
        "picp": 0.6316155988857939,
        "mpiw": 15.302300383058208,
        "mis": 39.11407557860771,
        "pinball": 1.6686709644927586,
        "rmse_median": 6.285583312059705
      },
      "after": {
        "picp": 0.8510909935004642,
        "mpiw": 28.223711630275474,
        "mis": 33.26689823626591,
        "pinball": 1.6374375864781483,
        "rmse_median": 6.285583312059705
      }
    },
    "fgsm_2.0": {
      "before": {
        "picp": 0.6061977715877437,
        "mpiw": 17.363792959253992,
        "mis": 50.52565983604643,
        "pinball": 2.091183479860181,
        "rmse_median": 7.752970376516917
      },
      "after": {
        "picp": 0.8516713091922006,
        "mpiw": 35.186515051473215,
        "mis": 41.822126136946665,
        "pinball": 2.0486715868690384,
        "rmse_median": 7.752970376516917
      }
    },
    "fgsm_4.0": {
      "before": {
        "picp": 0.63347260909935,
        "mpiw": 20.19737261995415,
        "mis": 55.15324825983201,
        "pinball": 2.420777443185479,
        "rmse_median": 9.324889145884116
      },
      "after": {
        "picp": 0.8601439182915506,
        "mpiw": 37.5374331409677,
        "mis": 45.39611868605356,
        "pinball": 2.3383769024607295,
        "rmse_median": 9.324889145884116
      }
    },
    "flatline_1.0": {
      "before": {
        "picp": 0.7829619312906221,
        "mpiw": 12.161943120074898,
        "mis": 21.691741643463345,
        "pinball": 1.048862760072388,
        "rmse_median": 4.326228381079499
      },
      "after": {
        "picp": 0.9107474466109564,
        "mpiw": 21.250335561919965,
        "mis": 24.99978578949007,
        "pinball": 1.1380380806290176,
        "rmse_median": 4.326228381079499
      }
    },
    "flatline_2.0": {
      "before": {
        "picp": 0.7350278551532033,
        "mpiw": 11.93782284855082,
        "mis": 23.624334716530537,
        "pinball": 1.154296521292293,
        "rmse_median": 4.785787035828674
      },
      "after": {
        "picp": 0.8740714948932219,
        "mpiw": 19.61373650301398,
        "mis": 24.543932319081726,
        "pinball": 1.1835820694954269,
        "rmse_median": 4.785787035828674
      }
    },
    "flatline_4.0": {
      "before": {
        "picp": 0.515552460538533,
        "mpiw": 11.435616674958009,
        "mis": 41.56059040573709,
        "pinball": 1.7979394541474996,
        "rmse_median": 6.871216654748618
      },
      "after": {
        "picp": 0.8245125348189415,
        "mpiw": 20.313117555763966,
        "mis": 27.85772488410103,
        "pinball": 1.558622606916823,