{
  "model": "lgbm",
  "method": "input_tau",
  "alpha": 0.1,
  "fit_on": [
    "clean",
    "contextual_outlier_1.0",
    "contextual_outlier_2.0",
    "contextual_outlier_4.0",
    "level_shift_1.0",
    "level_shift_2.0",
    "level_shift_4.0",
    "point_spike_1.0",
    "point_spike_2.0",
    "point_spike_4.0"
  ],
  "params": {
    "n_features": 6,
    "regressor": "HistGradientBoostingRegressor"
  },
  "settings": {
    "clean": {
      "before": {
        "picp": 0.8657149489322191,
        "mpiw": 8.261693284259573,
        "mis": 11.631704378735073,
        "pinball": 0.5960347446030304,
        "rmse_median": 2.7314739466889137
      },
      "after": {
        "picp": 0.9249071494893222,
        "mpiw": 11.598322163226404,
        "mis": 13.409558718001964,
        "pinball": 0.64340106694162,
        "rmse_median": 2.7314739466889137
      }
    },
    "contextual_outlier_1.0": {
      "before": {
        "picp": 0.8650185701021356,
        "mpiw": 8.266536265899754,
        "mis": 11.633888757136214,
        "pinball": 0.5959835702070435,
        "rmse_median": 2.730626389621464
      },
      "after": {
        "picp": 0.9242107706592386,
        "mpiw": 11.507742040741729,
        "mis": 13.305694441141384,
        "pinball": 0.6408946572317878,
        "rmse_median": 2.730626389621464
      }
    },
    "contextual_outlier_2.0": {
      "before": {
        "picp": 0.8638579387186629,
        "mpiw": 8.290271353029905,
        "mis": 11.648193142856933,
        "pinball": 0.5978980337391074,
        "rmse_median": 2.733405062075704
      },
      "after": {
        "picp": 0.9286211699164345,
        "mpiw": 11.733533301276848,
        "mis": 13.374139853634446,
        "pinball": 0.6445408878858846,
        "rmse_median": 2.733405062075704
      }
    },
    "contextual_outlier_4.0": {
      "before": {
        "picp": 0.8645543175487466,
        "mpiw": 8.37514384050172,
        "mis": 11.742865535730248,
        "pinball": 0.6025465177460616,
        "rmse_median": 2.7497976317788027
      },
      "after": {
        "picp": 0.9329155060352832,
        "mpiw": 12.217065418141521,
        "mis": 13.691767458918324,
        "pinball": 0.6559650191373569,
        "rmse_median": 2.7497976317788027
      }
    },
    "level_shift_1.0": {
      "before": {
        "picp": 0.7435004642525533,
        "mpiw": 8.43875764356541,
        "mis": 16.681296130526082,
        "pinball": 0.800539618102141,
        "rmse_median": 3.299152374264573
      },
      "after": {
        "picp": 0.83855617455896,
        "mpiw": 12.298054038981427,
        "mis": 16.733686056537657,
        "pinball": 0.814894466821411,
        "rmse_median": 3.299152374264573
      }
    },
    "level_shift_2.0": {
      "before": {
        "picp": 0.5579155060352832,
        "mpiw": 8.559400814080124,
        "mis": 31.001919737757778,
        "pinball": 1.30638869995445,
        "rmse_median": 4.8383274941291505
      },
      "after": {
        "picp": 0.7503481894150418,
        "mpiw": 14.818102939749474,
        "mis": 25.602805293840937,
        "pinball": 1.2373889488671295,
        "rmse_median": 4.8383274941291505
      }
    },
    "level_shift_4.0": {
      "before": {
        "picp": 0.3386722376973073,
        "mpiw": 9.196047625229708,
        "mis": 71.12894676612994,
        "pinball": 2.521075744565081,
        "rmse_median": 8.20495464406828
      },
      "after": {
        "picp": 0.6765320334261838,
        "mpiw": 20.97393278172187,
        "mis": 41.239686529211006,
        "pinball": 2.0698317818432224,
        "rmse_median": 8.20495464406828
      }
    },
    "point_spike_1.0": {
      "before": {
        "picp": 0.8646703806870938,
        "mpiw": 8.261966682117915,
        "mis": 11.635412477567805,
        "pinball": 0.5962508012372517,
        "rmse_median": 2.7283782926027462
      },
      "after": {
        "picp": 0.9215413184772516,
        "mpiw": 11.461122214874727,
        "mis": 13.351542040362093,
        "pinball": 0.6429681721640556,
        "rmse_median": 2.7283782926027462
      }
    },
    "point_spike_2.0": {
      "before": {
        "picp": 0.864786443825441,
        "mpiw": 8.282637274329018,
        "mis": 11.661349636971249,
        "pinball": 0.5975946416186156,
        "rmse_median": 2.7314471006451
      },
      "after": {
        "picp": 0.9218895078922934,
        "mpiw": 11.53386126282623,
        "mis": 13.366484549780385,
        "pinball": 0.6442519024971791,
        "rmse_median": 2.7314471006451
      }
    },
    "point_spike_4.0": {
      "before": {
        "picp": 0.8651346332404828,
        "mpiw": 8.316309192994485,
        "mis": 11.699595971631007,
        "pinball": 0.5999606436295387,
        "rmse_median": 2.748599416336183
      },
      "after": {
        "picp": 0.9244428969359332,
        "mpiw": 11.741333091505188,
        "mis": 13.507962690981627,
        "pinball": 0.64955845827164,
        "rmse_median": 2.748599416336183
      }
    }
  }
}