{
  "model": "lgbm",
  "method": "input_tau",
  "alpha": 0.1,
  "fit_on": [
    "clean",
    "clock_skew_1.0",
    "clock_skew_2.0",
    "clock_skew_4.0",
    "contextual_outlier_1.0",
    "contextual_outlier_2.0",
    "contextual_outlier_4.0",
    "drift_1.0",
    "drift_2.0",
    "drift_4.0",
    "flatline_1.0",
    "flatline_2.0",
    "flatline_4.0",
    "gap_imputation_1.0",
    "gap_imputation_2.0",
    "gap_imputation_4.0",
    "level_shift_1.0",
    "level_shift_2.0",
    "level_shift_4.0",
    "noise_burst_1.0",
    "noise_burst_2.0",
    "noise_burst_4.0",
    "point_spike_1.0",
    "point_spike_2.0",
    "point_spike_4.0"
  ],
  "params": {
    "n_features": 6,
    "regressor": "HistGradientBoostingRegressor"
  },
  "settings": {
    "clean": {
      "before": {
        "picp": 0.8657149489322191,
        "mpiw": 8.261693284259573,
        "mis": 11.631704378735073,
        "pinball": 0.5960347446030304,
        "rmse_median": 2.7314739466889137
      },
      "after": {
        "picp": 0.9334958217270195,
        "mpiw": 11.52001857950691,
        "mis": 13.117294949078955,
        "pinball": 0.6366208225584041,
        "rmse_median": 2.7314739466889137
      }
    },
    "clock_skew_1.0": {
      "before": {
        "picp": 0.7886490250696379,
        "mpiw": 8.199411643507243,
        "mis": 13.792766809566778,
        "pinball": 0.6846814878025954,
        "rmse_median": 2.972726545005999
      },
      "after": {
        "picp": 0.8877669452181987,
        "mpiw": 11.877099531373375,
        "mis": 14.35603819056176,
        "pinball": 0.70594659854177,
        "rmse_median": 2.972726545005999
      }
    },
    "clock_skew_2.0": {
      "before": {
        "picp": 0.6951021355617456,
        "mpiw": 7.993913122371861,
        "mis": 19.441927799494024,
        "pinball": 0.8831660751737186,
        "rmse_median": 3.584184620620548
      },
      "after": {
        "picp": 0.8353064066852368,
        "mpiw": 12.363363498883581,
        "mis": 17.297130294015385,
        "pinball": 0.8605410739030169,
        "rmse_median": 3.584184620620548
      }
    },
    "clock_skew_4.0": {
      "before": {
        "picp": 0.5908774373259053,
        "mpiw": 7.813483853022531,
        "mis": 30.84596458380513,
        "pinball": 1.2976185816901806,
        "rmse_median": 4.9484386501705995
      },
      "after": {
        "picp": 0.7650882079851439,
        "mpiw": 12.661465758669866,
        "mis": 22.846810003936792,
        "pinball": 1.1757934644817685,
        "rmse_median": 4.9484386501705995
      }
    },
    "contextual_outlier_1.0": {
      "before": {
        "picp": 0.8650185701021356,
        "mpiw": 8.266536265899754,
        "mis": 11.633888757136214,
        "pinball": 0.5959835702070435,
        "rmse_median": 2.730626389621464
      },
      "after": {
        "picp": 0.9341922005571031,
        "mpiw": 11.424449451043172,
        "mis": 13.033071178333937,
        "pinball": 0.6327379232519792,
        "rmse_median": 2.730626389621464
      }
    },
    "contextual_outlier_2.0": {
      "before": {
        "picp": 0.8638579387186629,
        "mpiw": 8.290271353029905,
        "mis": 11.648193142856933,
        "pinball": 0.5978980337391074,
        "rmse_median": 2.733405062075704
      },
      "after": {
        "picp": 0.9368616527390901,
        "mpiw": 11.560761209547026,
        "mis": 13.015040928853006,
        "pinball": 0.6345941102108391,
        "rmse_median": 2.733405062075704
      }
    },
    "contextual_outlier_4.0": {
      "before": {
        "picp": 0.8645543175487466,
        "mpiw": 8.37514384050172,
        "mis": 11.742865535730248,
        "pinball": 0.6025465177460616,
        "rmse_median": 2.7497976317788027
      },
      "after": {
        "picp": 0.9357010213556175,
        "mpiw": 11.864841297440451,
        "mis": 13.287194058031304,
        "pinball": 0.6449151894125861,
        "rmse_median": 2.7497976317788027
      }
    },
    "drift_1.0": {
      "before": {
        "picp": 0.7389740018570102,
        "mpiw": 8.314399167580863,
        "mis": 16.129027861609202,
        "pinball": 0.8024030314741776,
        "rmse_median": 3.384433313547297
      },
      "after": {
        "picp": 0.8530640668523677,
        "mpiw": 12.291574683933067,
        "mis": 16.149074875162565,
        "pinball": 0.8157279301970465,
        "rmse_median": 3.384433313547297
      }
    },
    "drift_2.0": {
      "before": {
        "picp": 0.590761374187558,
        "mpiw": 8.673402567458309,
        "mis": 27.8409306006422,
        "pinball": 1.252677753221769,
        "rmse_median": 4.750928599299942
      },
      "after": {
        "picp": 0.7727483751160631,
        "mpiw": 14.840573707349705,
        "mis": 23.428187122565724,
        "pinball": 1.2007381787439724,
        "rmse_median": 4.750928599299942
      }
    },
    "drift_4.0": {
      "before": {
        "picp": 0.3797585886722377,
        "mpiw": 9.699387912568387,
        "mis": 58.03004237505565,
        "pinball": 2.2513549543267497,
        "rmse_median": 7.445655296759896
      },
      "after": {
        "picp": 0.7178505106778087,
        "mpiw": 21.648662616551693,
        "mis": 37.98999528767343,
        "pinball": 1.9686548933919974,
        "rmse_median": 7.445655296759896
      }
    },
    "flatline_1.0": {
      "before": {
        "picp": 0.7006731662024142,
        "mpiw": 8.20308540919096,
        "mis": 21.51668021689513,
        "pinball": 0.9618155411916965,
        "rmse_median": 3.783552720887296
      },
      "after": {
        "picp": 0.869661095636026,
        "mpiw": 15.522048836851681,
        "mis": 20.303553110690135,
        "pinball": 0.9809991958786197,
        "rmse_median": 3.783552720887296
      }
    },
    "flatline_2.0": {
      "before": {
        "picp": 0.664113277623027,
        "mpiw": 7.933075723691707,
        "mis": 22.052254571306438,
        "pinball": 0.9750572804633096,
        "rmse_median": 3.7866886385338274
      },
      "after": {
        "picp": 0.843895078922934,
        "mpiw": 14.098407908312016,
        "mis": 19.61340237387503,
        "pinball": 0.9604186164186357,
        "rmse_median": 3.7866886385338274
      }
    },
    "flatline_4.0": {
      "before": {
        "picp": 0.5096332404828227,
        "mpiw": 6.313214886835688,
        "mis": 33.70651099782251,
        "pinball": 1.2517575579651687,
        "rmse_median": 4.602392943406315
      },
      "after": {
        "picp": 0.8593314763231198,
        "mpiw": 16.791423177625038,
        "mis": 23.210947630400835,
        "pinball": 1.1374758246568102,
        "rmse_median": 4.602392943406315
      }
    },
    "gap_imputation_1.0": {
      "before": {
        "picp": 0.8624651810584958,
        "mpiw": 8.255455557382135,
        "mis": 11.673591987292388,
        "pinball": 0.5970089282792646,
        "rmse_median": 2.727422587777997
      },
      "after": {
        "picp": 0.9317548746518106,
        "mpiw": 11.493393184770822,
        "mis": 13.126181753501289,
        "pinball": 0.6367618323038501,
        "rmse_median": 2.727422587777997
      }
    },
    "gap_imputation_2.0": {
      "before": {
        "picp": 0.8471448467966574,
        "mpiw": 8.190479579730459,
        "mis": 12.34767738765764,
        "pinball": 0.6222001950044601,
        "rmse_median": 2.8340875764824203
      },
      "after": {
        "picp": 0.9220055710306406,
        "mpiw": 11.440482925652729,
        "mis": 13.54037697821838,
        "pinball": 0.6552505815890352,
        "rmse_median": 2.8340875764824203
      }
    },
    "gap_imputation_4.0": {
      "before": {
        "picp": 0.834958217270195,
        "mpiw": 8.197253286781388,
        "mis": 12.819183611719536,
        "pinball": 0.6477457548290283,
        "rmse_median": 2.9491581122863044
      },
      "after": {
        "picp": 0.9198003714020427,
        "mpiw": 11.681771204920208,
        "mis": 13.947374287747378,
        "pinball": 0.6797364608107677,