{
  "model": "lgbm_robust",
  "method": "input_tau",
  "alpha": 0.1,
  "fit_on": [
    "clean",
    "clock_skew_1.0",
    "clock_skew_2.0",
    "clock_skew_4.0",
    "contextual_outlier_1.0",
    "contextual_outlier_2.0",
    "contextual_outlier_4.0",
    "drift_1.0",
    "drift_2.0",
    "drift_4.0",
    "flatline_1.0",
    "flatline_2.0",
    "flatline_4.0",
    "gap_imputation_1.0",
    "gap_imputation_2.0",
    "gap_imputation_4.0",
    "level_shift_1.0",
    "level_shift_2.0",
    "level_shift_4.0",
    "noise_burst_1.0",
    "noise_burst_2.0",
    "noise_burst_4.0",
    "point_spike_1.0",
    "point_spike_2.0",
    "point_spike_4.0"
  ],
  "params": {
    "n_features": 6,
    "regressor": "HistGradientBoostingRegressor"
  },
  "settings": {
    "clean": {
      "before": {
        "picp": 0.8869545032497679,
        "mpiw": 9.441746476882319,
        "mis": 12.254941831719773,
        "pinball": 0.6347586007610267,
        "rmse_median": 2.860913886667092
      },
      "after": {
        "picp": 0.9059888579387186,
        "mpiw": 10.567718314880695,
        "mis": 12.861089727592613,
        "pinball": 0.6500348226855516,
        "rmse_median": 2.860913886667092
      }
    },
    "clock_skew_1.0": {
      "before": {
        "picp": 0.8442432683379758,
        "mpiw": 9.339678234812341,
        "mis": 13.455713309239435,
        "pinball": 0.7009047629649048,
        "rmse_median": 3.0938042110253035
      },
      "after": {
        "picp": 0.8671077065923862,
        "mpiw": 10.539542326229375,
        "mis": 13.905985394027729,
        "pinball": 0.7118121839593059,
        "rmse_median": 3.0938042110253035
      }
    },
    "clock_skew_2.0": {
      "before": {
        "picp": 0.7728644382544104,
        "mpiw": 9.165875321885933,
        "mis": 16.854190816512716,
        "pinball": 0.8513534248226905,
        "rmse_median": 3.6313416579571154
      },
      "after": {
        "picp": 0.8379758588672238,
        "mpiw": 11.12073153898823,
        "mis": 16.149446132100913,
        "pinball": 0.839303460000486,
        "rmse_median": 3.6313416579571154
      }
    },
    "clock_skew_4.0": {
      "before": {
        "picp": 0.6602831940575673,
        "mpiw": 9.088796866396306,
        "mis": 25.79721276138119,
        "pinball": 1.2212958168720291,
        "rmse_median": 4.902979568065265
      },
      "after": {
        "picp": 0.7422237697307336,
        "mpiw": 11.01841620671846,
        "mis": 22.746032760564116,
        "pinball": 1.169970828486784,
        "rmse_median": 4.902979568065265
      }
    },
    "contextual_outlier_1.0": {
      "before": {
        "picp": 0.8875348189415042,
        "mpiw": 9.446320911825648,
        "mis": 12.22422529400569,
        "pinball": 0.6341390993677429,
        "rmse_median": 2.858779847116045
      },
      "after": {
        "picp": 0.9083101207056639,
        "mpiw": 10.530296873758862,
        "mis": 12.782376782158252,
        "pinball": 0.6479639820986108,
        "rmse_median": 2.858779847116045
      }
    },
    "contextual_outlier_2.0": {
      "before": {
        "picp": 0.8886954503249768,
        "mpiw": 9.48854121996086,
        "mis": 12.283773786678193,
        "pinball": 0.6382031276656962,
        "rmse_median": 2.88048673865427
      },
      "after": {
        "picp": 0.9079619312906221,
        "mpiw": 10.519469779646451,
        "mis": 12.770987996948108,
        "pinball": 0.6502068800775254,
        "rmse_median": 2.88048673865427
      }
    },
    "contextual_outlier_4.0": {
      "before": {
        "picp": 0.890552460538533,
        "mpiw": 9.640187399274204,
        "mis": 12.347695896461655,
        "pinball": 0.6451110607060543,
        "rmse_median": 2.885961625561523
      },
      "after": {
        "picp": 0.9127205199628597,
        "mpiw": 10.781222719097357,
        "mis": 12.919363037299576,
        "pinball": 0.6601320432096839,
        "rmse_median": 2.885961625561523
      }
    },
    "drift_1.0": {
      "before": {
        "picp": 0.8361188486536676,
        "mpiw": 9.559638190170368,
        "mis": 14.259647072803748,
        "pinball": 0.7616890310846287,
        "rmse_median": 3.320616554251263
      },
      "after": {
        "picp": 0.8717502321262767,
        "mpiw": 10.994535185785265,
        "mis": 14.51946560748014,
        "pinball": 0.7704075609628608,
        "rmse_median": 3.320616554251263
      }
    },
    "drift_2.0": {
      "before": {
        "picp": 0.7467502321262767,
        "mpiw": 10.047664395265622,
        "mis": 19.74888199437491,
        "pinball": 1.0174989305739504,
        "rmse_median": 4.217490682065329
      },
      "after": {
        "picp": 0.8006035283194057,
        "mpiw": 11.973640880336387,
        "mis": 19.04640361030636,
        "pinball": 1.012686618402442,
        "rmse_median": 4.217490682065329
      }
    },
    "drift_4.0": {
      "before": {
        "picp": 0.6349814298978644,
        "mpiw": 11.478788653762157,
        "mis": 30.765636355829066,
        "pinball": 1.4357673125131176,
        "rmse_median": 5.515234874769497
      },
      "after": {
        "picp": 0.7287604456824512,
        "mpiw": 14.384591285690252,
        "mis": 27.174010825393335,
        "pinball": 1.3851720431602939,
        "rmse_median": 5.515234874769497
      }
    },
    "flatline_1.0": {
      "before": {
        "picp": 0.7907381615598886,
        "mpiw": 9.455277096360748,
        "mis": 16.433429353434573,
        "pinball": 0.8459011820098314,
        "rmse_median": 3.550596947828792
      },
      "after": {
        "picp": 0.8777855153203342,
        "mpiw": 12.330357516298736,
        "mis": 16.10521850507629,
        "pinball": 0.8454783501056021,
        "rmse_median": 3.550596947828792
      }
    },
    "flatline_2.0": {
      "before": {
        "picp": 0.762883008356546,
        "mpiw": 9.080286237782875,
        "mis": 17.33619931332662,
        "pinball": 0.8729326262813549,
        "rmse_median": 3.6241183377557533
      },
      "after": {
        "picp": 0.8522516248839369,
        "mpiw": 11.807466198361311,
        "mis": 16.579767384907793,
        "pinball": 0.8662871420637873,
        "rmse_median": 3.6241183377557533
      }
    },
    "flatline_4.0": {
      "before": {
        "picp": 0.5603528319405757,
        "mpiw": 6.8350681701533444,
        "mis": 31.504434760885136,
        "pinball": 1.233782303756785,
        "rmse_median": 4.740960164735003
      },
      "after": {
        "picp": 0.8449396471680595,
        "mpiw": 15.1118163140159,
        "mis": 22.113915707341384,
        "pinball": 1.126779633197495,
        "rmse_median": 4.740960164735003
      }
    },
    "gap_imputation_1.0": {
      "before": {
        "picp": 0.885213556174559,
        "mpiw": 9.42139529087864,
        "mis": 12.271707266478364,
        "pinball": 0.6368601038246188,
        "rmse_median": 2.872842479468488
      },
      "after": {
        "picp": 0.9050603528319405,
        "mpiw": 10.57939413268609,
        "mis": 12.87054444870449,
        "pinball": 0.6514846913642012,
        "rmse_median": 2.872842479468488
      }
    },
    "gap_imputation_2.0": {
      "before": {
        "picp": 0.8725626740947076,
        "mpiw": 9.31813884180205,
        "mis": 12.973132909175694,
        "pinball": 0.6609114504361016,
        "rmse_median": 2.9746099508920523
      },
      "after": {
        "picp": 0.8975162488393686,
        "mpiw": 10.563205644617971,
        "mis": 13.452505660763943,
        "pinball": 0.6730745944130823,
        "rmse_median": 2.9746099508920523
      }
    },
    "gap_imputation_4.0": {
      "before": {
        "picp": 0.8632776230269267,
        "mpiw": 9.3182052369169,
        "mis": 13.607587822460026,
        "pinball": 0.6954635883072344,
        "rmse_median": 3.1717562913568154
      },
      "after": {
        "picp": 0.8996053853296193,
        "mpiw": 10.77983474415097,
        "mis": 13.946102693908639,
        "pinball": 0.7053098705633033,