{
  "model": "qdlinear",
  "method": "input_tau",
  "alpha": 0.1,
  "fit_on": [
    "clean",
    "contextual_outlier_1.0",
    "contextual_outlier_2.0",
    "contextual_outlier_4.0",
    "fgsm_1.0",
    "fgsm_2.0",
    "fgsm_4.0",
    "level_shift_1.0",
    "level_shift_2.0",
    "level_shift_4.0",
    "point_spike_1.0",
    "point_spike_2.0",
    "point_spike_4.0"
  ],
  "params": {
    "n_features": 6,
    "regressor": "HistGradientBoostingRegressor"
  },
  "settings": {
    "clean": {
      "before": {
        "picp": 0.9352367688022284,
        "mpiw": 8.765989356887285,
        "mis": 10.126463160649795,
        "pinball": 0.5374340360426174,
        "rmse_median": 2.482866401228869
      },
      "after": {
        "picp": 0.9482358402971216,
        "mpiw": 11.505457526285698,
        "mis": 12.418482003953322,
        "pinball": 0.5982873847067053,
        "rmse_median": 2.482866401228869
      }
    },
    "contextual_outlier_1.0": {
      "before": {
        "picp": 0.9339600742804085,
        "mpiw": 8.765224909298032,
        "mis": 10.137533114123672,
        "pinball": 0.5391597235357882,
        "rmse_median": 2.490479154870323
      },
      "after": {
        "picp": 0.9493964716805943,
        "mpiw": 11.671485993774091,
        "mis": 12.576994575230096,
        "pinball": 0.6031971543016444,
        "rmse_median": 2.490479154870323
      }
    },
    "contextual_outlier_2.0": {
      "before": {
        "picp": 0.9297818012999072,
        "mpiw": 8.769826172744136,
        "mis": 10.221530096902363,
        "pinball": 0.5441721654247097,
        "rmse_median": 2.509144299337053
      },
      "after": {
        "picp": 0.9519498607242339,
        "mpiw": 12.045080434045271,
        "mis": 12.923818050971866,
        "pinball": 0.6153865421626971,
        "rmse_median": 2.509144299337053
      }
    },
    "contextual_outlier_4.0": {
      "before": {
        "picp": 0.9168987929433612,
        "mpiw": 8.805491093865774,
        "mis": 10.586228815261691,
        "pinball": 0.5618040530498657,
        "rmse_median": 2.577698959836301
      },
      "after": {
        "picp": 0.9514856081708449,
        "mpiw": 13.193136365882207,
        "mis": 14.06831807334663,
        "pinball": 0.6525473192621775,
        "rmse_median": 2.577698959836301
      }
    },
    "fgsm_1.0": {
      "before": {
        "picp": 0.5431754874651811,
        "mpiw": 9.698598999830148,
        "mis": 39.74580684091296,
        "pinball": 1.8190360999462634,
        "rmse_median": 6.867371951543804
      },
      "after": {
        "picp": 0.8147632311977716,
        "mpiw": 22.714866530310484,
        "mis": 31.247114585094177,
        "pinball": 1.6806429231359858,
        "rmse_median": 6.867371951543804
      }
    },
    "fgsm_2.0": {
      "before": {
        "picp": 0.38614206128133705,
        "mpiw": 11.585111431799481,
        "mis": 84.01785487953906,
        "pinball": 3.3270167792716876,
        "rmse_median": 11.417083287477594
      },
      "after": {
        "picp": 0.8389043639740018,
        "mpiw": 37.98092943910044,
        "mis": 49.906477104866426,
        "pinball": 2.759493504426591,
        "rmse_median": 11.417083287477594
      }
    },
    "fgsm_4.0": {
      "before": {
        "picp": 0.27158774373259054,
        "mpiw": 16.547034467678333,
        "mis": 177.29067093276498,
        "pinball": 6.36300934356241,
        "rmse_median": 20.48180667616563
      },
      "after": {
        "picp": 0.8837047353760445,
        "mpiw": 71.156697630599,
        "mis": 86.27790367223265,
        "pinball": 4.838813874326397,
        "rmse_median": 20.48180667616563
      }
    },
    "level_shift_1.0": {
      "before": {
        "picp": 0.7634633240482822,
        "mpiw": 8.768496334041469,
        "mis": 15.836222463493849,
        "pinball": 0.7959124415154052,
        "rmse_median": 3.3441396197511857
      },
      "after": {
        "picp": 0.835422469823584,
        "mpiw": 12.636228088015072,
        "mis": 16.47108865121024,
        "pinball": 0.824259950468569,
        "rmse_median": 3.3441396197511857
      }
    },
    "level_shift_2.0": {
      "before": {
        "picp": 0.566736304549675,
        "mpiw": 8.77538993441673,
        "mis": 33.256078194969184,
        "pinball": 1.4135901828697086,
        "rmse_median": 5.249369009033942
      },
      "after": {
        "picp": 0.7439647168059424,
        "mpiw": 16.62877781565653,
        "mis": 27.699462791853257,
        "pinball": 1.328682805337122,
        "rmse_median": 5.249369009033942
      }
    },
    "level_shift_4.0": {
      "before": {
        "picp": 0.2711234911792015,
        "mpiw": 8.808945194513072,
        "mis": 91.02197777094041,
        "pinball": 3.1301323975271917,
        "rmse_median": 9.707215454109956
      },
      "after": {
        "picp": 0.6991643454038997,
        "mpiw": 28.298093844599432,
        "mis": 47.98067699176574,
        "pinball": 2.377075734239695,
        "rmse_median": 9.707215454109956
      }
    },
    "point_spike_1.0": {
      "before": {
        "picp": 0.9333797585886723,
        "mpiw": 8.766477908716068,
        "mis": 10.137122022197348,
        "pinball": 0.5387495960805743,
        "rmse_median": 2.487787298138669
      },
      "after": {
        "picp": 0.9477715877437326,
        "mpiw": 11.690280650064185,
        "mis": 12.602880946370515,
        "pinball": 0.6039761562842658,
        "rmse_median": 2.487787298138669
      }
    },
    "point_spike_2.0": {
      "before": {
        "picp": 0.9316388115134633,
        "mpiw": 8.773127625152318,
        "mis": 10.180834447864592,
        "pinball": 0.5415056615311303,
        "rmse_median": 2.4988093581600364
      },
      "after": {
        "picp": 0.9493964716805943,
        "mpiw": 11.920203633940162,
        "mis": 12.821859445674347,
        "pinball": 0.6113558850836677,
        "rmse_median": 2.4988093581600364
      }
    },
    "point_spike_4.0": {
      "before": {
        "picp": 0.9259517177344475,
        "mpiw": 8.815360083821846,
        "mis": 10.36768214741863,
        "pinball": 0.5505286554563658,
        "rmse_median": 2.537149148024459
      },
      "after": {
        "picp": 0.9522980501392758,
        "mpiw": 12.490301614322634,
        "mis": 13.378255042398123,
        "pinball": 0.6292053018232882,
        "rmse_median": 2.537149148024459
      }
    }
  }
}