{
  "model": "qdlinear_robust",
  "method": "input_tau",
  "alpha": 0.1,
  "fit_on": [
    "clean",
    "clock_skew_1.0",
    "clock_skew_2.0",
    "clock_skew_4.0",
    "contextual_outlier_1.0",
    "contextual_outlier_2.0",
    "contextual_outlier_4.0",
    "drift_1.0",
    "drift_2.0",
    "drift_4.0",
    "fgsm_1.0",
    "fgsm_2.0",
    "fgsm_4.0",
    "flatline_1.0",
    "flatline_2.0",
    "flatline_4.0",
    "gap_imputation_1.0",
    "gap_imputation_2.0",
    "gap_imputation_4.0",
    "level_shift_1.0",
    "level_shift_2.0",
    "level_shift_4.0",
    "noise_burst_1.0",
    "noise_burst_2.0",
    "noise_burst_4.0",
    "point_spike_1.0",
    "point_spike_2.0",
    "point_spike_4.0"
  ],
  "params": {
    "n_features": 6,
    "regressor": "HistGradientBoostingRegressor"
  },
  "settings": {
    "clean": {
      "before": {
        "picp": 0.9386025998142989,
        "mpiw": 11.26071483808342,
        "mis": 12.71482685667427,
        "pinball": 0.5991533132946515,
        "rmse_median": 2.5774125037687607
      },
      "after": {
        "picp": 0.9106313834726091,
        "mpiw": 10.327140655195393,
        "mis": 12.310067668486505,
        "pinball": 0.5936932708699425,
        "rmse_median": 2.5774125037687607
      }
    },
    "clock_skew_1.0": {
      "before": {
        "picp": 0.9035515320334262,
        "mpiw": 11.182170583340831,
        "mis": 13.77505945129552,
        "pinball": 0.6925731126804724,
        "rmse_median": 2.9635257950823384
      },
      "after": {
        "picp": 0.861652739090065,
        "mpiw": 10.24158319665891,
        "mis": 13.606922765035184,
        "pinball": 0.692916932092526,
        "rmse_median": 2.9635257950823384
      }
    },
    "clock_skew_2.0": {
      "before": {
        "picp": 0.8254410399257196,
        "mpiw": 11.04335512997611,
        "mis": 17.449426392947235,
        "pinball": 0.8941127630913588,
        "rmse_median": 3.716460253790949
      },
      "after": {
        "picp": 0.7901578458681523,
        "mpiw": 10.626268282714642,
        "mis": 17.280322290769224,
        "pinball": 0.8922843088782049,
        "rmse_median": 3.716460253790949
      }
    },
    "clock_skew_4.0": {
      "before": {
        "picp": 0.6732822655524605,
        "mpiw": 10.743907205121248,
        "mis": 28.399608784850745,
        "pinball": 1.3152011808362987,
        "rmse_median": 5.109076744067884
      },
      "after": {
        "picp": 0.667246982358403,
        "mpiw": 10.805648988196845,
        "mis": 26.519652143415048,
        "pinball": 1.2854056707958814,
        "rmse_median": 5.109076744067884
      }
    },
    "contextual_outlier_1.0": {
      "before": {
        "picp": 0.9388347260909935,
        "mpiw": 11.26167579114848,
        "mis": 12.753451719332995,
        "pinball": 0.6014841218397372,
        "rmse_median": 2.585854685248151
      },
      "after": {
        "picp": 0.9102831940575673,
        "mpiw": 10.319996784211174,
        "mis": 12.368789158168804,
        "pinball": 0.5958113029223585,
        "rmse_median": 2.585854685248151
      }
    },
    "contextual_outlier_2.0": {
      "before": {
        "picp": 0.9388347260909935,
        "mpiw": 11.263528289171504,
        "mis": 12.817861613280673,
        "pinball": 0.6057920882137324,
        "rmse_median": 2.6021632723967576
      },
      "after": {
        "picp": 0.9122562674094707,
        "mpiw": 10.434419997593102,
        "mis": 12.437421120542862,
        "pinball": 0.5997515026820815,
        "rmse_median": 2.6021632723967576
      }
    },
    "contextual_outlier_4.0": {
      "before": {
        "picp": 0.9325673166202414,
        "mpiw": 11.273407400143238,
        "mis": 13.030709122166055,
        "pinball": 0.6192603259824887,
        "rmse_median": 2.65812621293902
      },
      "after": {
        "picp": 0.9162024141132776,
        "mpiw": 11.008217265238759,
        "mis": 12.942175515588131,
        "pinball": 0.6188318867655157,
        "rmse_median": 2.65812621293902
      }
    },
    "drift_1.0": {
      "before": {
        "picp": 0.9040157845868152,
        "mpiw": 11.26463337465426,
        "mis": 14.076989733617284,
        "pinball": 0.7509956029068603,
        "rmse_median": 3.244360930859577
      },
      "after": {
        "picp": 0.8551532033426184,
        "mpiw": 10.55480376934898,
        "mis": 14.437584274121088,
        "pinball": 0.7624281233867843,
        "rmse_median": 3.244360930859577
      }
    },
    "drift_2.0": {
      "before": {
        "picp": 0.8126740947075209,
        "mpiw": 11.282703293817638,
        "mis": 18.08511793806258,
        "pinball": 1.0877464740413578,
        "rmse_median": 4.623164368786857
      },
      "after": {
        "picp": 0.7936397400185701,
        "mpiw": 11.276741583731965,
        "mis": 18.70403428432692,
        "pinball": 1.0855907942629206,
        "rmse_median": 4.623164368786857
      }
    },
    "drift_4.0": {
      "before": {
        "picp": 0.5813602599814299,
        "mpiw": 11.415040106635008,
        "mis": 36.824026695594924,
        "pinball": 2.064949360226186,
        "rmse_median": 7.898007109045949
      },
      "after": {
        "picp": 0.6874419684308264,
        "mpiw": 13.057664800210844,
        "mis": 28.370918025373584,
        "pinball": 1.8991224103710531,
        "rmse_median": 7.898007109045949
      }
    },
    "fgsm_1.0": {
      "before": {
        "picp": 0.6692200557103064,
        "mpiw": 11.732470402790169,
        "mis": 31.53423922970241,
        "pinball": 1.629641861123353,
        "rmse_median": 6.4095891783322125
      },
      "after": {
        "picp": 0.7292246982358404,
        "mpiw": 14.817210020933935,
        "mis": 27.24833176470506,
        "pinball": 1.546946508682065,
        "rmse_median": 6.4095891783322125
      }
    },
    "fgsm_2.0": {
      "before": {
        "picp": 0.4986072423398329,
        "mpiw": 12.94830765157252,
        "mis": 64.71015415262055,
        "pinball": 2.8751475758027505,
        "rmse_median": 10.317503664663349
      },
      "after": {
        "picp": 0.7513927576601671,
        "mpiw": 26.869249169756316,
        "mis": 42.971690016356455,
        "pinball": 2.494744748015027,
        "rmse_median": 10.317503664663349
      }
    },
    "fgsm_4.0": {
      "before": {
        "picp": 0.34401114206128136,
        "mpiw": 16.64893358035502,
        "mis": 140.41439307836887,
        "pinball": 5.407935206740569,
        "rmse_median": 17.863725188669317
      },
      "after": {
        "picp": 0.8494661095636026,
        "mpiw": 57.477607358859615,
        "mis": 74.71776681339385,
        "pinball": 4.2502949753607995,
        "rmse_median": 17.863725188669317
      }
    },
    "flatline_1.0": {
      "before": {
        "picp": 0.8342618384401114,
        "mpiw": 11.087412686083077,
        "mis": 16.372799212767838,
        "pinball": 0.8944061245972919,
        "rmse_median": 3.795171252692835
      },
      "after": {
        "picp": 0.8390204271123491,
        "mpiw": 11.330186356521015,
        "mis": 16.189311822596228,
        "pinball": 0.8894637250938133,
        "rmse_median": 3.795171252692835
      }
    },
    "flatline_2.0": {
      "before": {
        "picp": 0.8363509749303621,
        "mpiw": 11.049540786043211,
        "mis": 15.696812127315384,
        "pinball": 0.8667914492193418,
        "rmse_median": 3.6730647897727082
      },
      "after": {
        "picp": 0.8270659238625813,
        "mpiw": 10.924518066946288,
        "mis": 16.118473909097467,
        "pinball": 0.8733409258616441,
        "rmse_median": 3.6730647897727082
      }
    },
    "flatline_4.0": {
      "before": {
        "picp": 0.814066852367688,
        "mpiw": 10.972163186418108,
        "mis": 18.074694378171376,
        "pinball": 0.9344009998980918,
        "rmse_median": 4.055863205911363
      },
      "after": {
        "picp": 0.8283426183844012,
        "mpiw": 11.57262489336388,
        "mis": 18.354843460378998,