{
  "model": "qlstm",
  "method": "input_tau",
  "alpha": 0.1,
  "fit_on": [
    "clean",
    "clock_skew_1.0",
    "clock_skew_2.0",
    "clock_skew_4.0",
    "contextual_outlier_1.0",
    "contextual_outlier_2.0",
    "contextual_outlier_4.0",
    "drift_1.0",
    "drift_2.0",
    "drift_4.0",
    "fgsm_1.0",
    "fgsm_2.0",
    "fgsm_4.0",
    "flatline_1.0",
    "flatline_2.0",
    "flatline_4.0",
    "gap_imputation_1.0",
    "gap_imputation_2.0",
    "gap_imputation_4.0",
    "level_shift_1.0",
    "level_shift_2.0",
    "level_shift_4.0",
    "noise_burst_1.0",
    "noise_burst_2.0",
    "noise_burst_4.0",
    "point_spike_1.0",
    "point_spike_2.0",
    "point_spike_4.0"
  ],
  "params": {
    "n_features": 6,
    "regressor": "HistGradientBoostingRegressor"
  },
  "settings": {
    "clean": {
      "before": {
        "picp": 0.9267641597028784,
        "mpiw": 7.958277904222903,
        "mis": 9.573381288930426,
        "pinball": 0.50772775644057,
        "rmse_median": 2.3842137592553656
      },
      "after": {
        "picp": 0.9781801299907149,
        "mpiw": 11.97226442348131,
        "mis": 12.419701908702729,
        "pinball": 0.5788086048039867,
        "rmse_median": 2.3842137592553656
      }
    },
    "clock_skew_1.0": {
      "before": {
        "picp": 0.8315923862581244,
        "mpiw": 7.886506634017992,
        "mis": 11.78510232199338,
        "pinball": 0.6298024239224737,
        "rmse_median": 2.8139357558872202
      },
      "after": {
        "picp": 0.9331476323119777,
        "mpiw": 11.633626716379794,
        "mis": 12.945020612991327,
        "pinball": 0.6588247410112855,
        "rmse_median": 2.8139357558872202
      }
    },
    "clock_skew_2.0": {
      "before": {
        "picp": 0.7255106778087279,
        "mpiw": 8.015343494634584,
        "mis": 17.61384984518194,
        "pinball": 0.8722094944216016,
        "rmse_median": 3.6637921385101904
      },
      "after": {
        "picp": 0.8849814298978644,
        "mpiw": 12.877571775561965,
        "mis": 16.14359063196531,
        "pinball": 0.8523282081474889,
        "rmse_median": 3.6637921385101904
      }
    },
    "clock_skew_4.0": {
      "before": {
        "picp": 0.5692896935933147,
        "mpiw": 7.968943945223723,
        "mis": 34.75861845721397,
        "pinball": 1.4062392806284494,
        "rmse_median": 5.1984153534125115
      },
      "after": {
        "picp": 0.8096564531104921,
        "mpiw": 15.944328120155513,
        "mis": 24.272508691267813,
        "pinball": 1.2502083921837903,
        "rmse_median": 5.1984153534125115
      }
    },
    "contextual_outlier_1.0": {
      "before": {
        "picp": 0.9268802228412256,
        "mpiw": 7.957181403249642,
        "mis": 9.56093500247654,
        "pinball": 0.5072872373962368,
        "rmse_median": 2.3811987712484326
      },
      "after": {
        "picp": 0.9769034354688951,
        "mpiw": 11.908368031339498,
        "mis": 12.347121433577794,
        "pinball": 0.5765120103135944,
        "rmse_median": 2.3811987712484326
      }
    },
    "contextual_outlier_2.0": {
      "before": {
        "picp": 0.9249071494893222,
        "mpiw": 7.956666782660626,
        "mis": 9.582121939535753,
        "pinball": 0.5086639034891636,
        "rmse_median": 2.3861040069644064
      },
      "after": {
        "picp": 0.9781801299907149,
        "mpiw": 12.035846343229604,
        "mis": 12.442941186578143,
        "pinball": 0.5798373358511411,
        "rmse_median": 2.3861040069644064
      }
    },
    "contextual_outlier_4.0": {
      "before": {
        "picp": 0.9211931290622098,
        "mpiw": 7.9598727960642295,
        "mis": 9.749259920838561,
        "pinball": 0.5156898376067172,
        "rmse_median": 2.4175152522574277
      },
      "after": {
        "picp": 0.9750464252553389,
        "mpiw": 12.360315089670395,
        "mis": 12.837457502279598,
        "pinball": 0.5941423793648416,
        "rmse_median": 2.4175152522574277
      }
    },
    "drift_1.0": {
      "before": {
        "picp": 0.723769730733519,
        "mpiw": 7.9466102609561995,
        "mis": 15.509292535773849,
        "pinball": 0.7885880519053549,
        "rmse_median": 3.3059915810541454
      },
      "after": {
        "picp": 0.8767409470752089,
        "mpiw": 13.030254824236295,
        "mis": 15.642151870702392,
        "pinball": 0.7982275346947237,
        "rmse_median": 3.3059915810541454
      }
    },
    "drift_2.0": {
      "before": {
        "picp": 0.4914113277623027,
        "mpiw": 7.959102688349563,
        "mis": 34.11676516613688,
        "pinball": 1.4255528611662538,
        "rmse_median": 5.1171961667513575
      },
      "after": {
        "picp": 0.7732126276694522,
        "mpiw": 15.96565647738365,
        "mis": 24.660785806695028,
        "pinball": 1.2608649886964112,
        "rmse_median": 5.1171961667513575
      }
    },
    "drift_4.0": {
      "before": {
        "picp": 0.2226090993500464,
        "mpiw": 8.20936578711239,
        "mis": 89.20040348740056,
        "pinball": 3.0241353162360247,
        "rmse_median": 9.087868169369507
      },
      "after": {
        "picp": 0.7292246982358404,
        "mpiw": 24.753908951675513,
        "mis": 42.5415857045123,
        "pinball": 2.18779577680113,
        "rmse_median": 9.087868169369507
      }
    },
    "fgsm_1.0": {
      "before": {
        "picp": 0.44428969359331477,
        "mpiw": 8.254984234489667,
        "mis": 35.58863626547293,
        "pinball": 1.5109626699498426,
        "rmse_median": 5.5184595238472465
      },
      "after": {
        "picp": 0.83855617455896,
        "mpiw": 16.91150808273298,
        "mis": 20.971646063623833,
        "pinball": 1.2431422231994471,
        "rmse_median": 5.5184595238472465
      }
    },
    "fgsm_2.0": {
      "before": {
        "picp": 0.29863045496750235,
        "mpiw": 8.708559868917039,
        "mis": 61.32002724878881,
        "pinball": 2.277264467437958,
        "rmse_median": 7.4802013039653055
      },
      "after": {
        "picp": 0.8155756731662024,
        "mpiw": 22.362728074295795,
        "mis": 29.549183697975852,
        "pinball": 1.7237009914345334,
        "rmse_median": 7.4802013039653055
      }
    },
    "fgsm_4.0": {
      "before": {
        "picp": 0.2502321262766945,
        "mpiw": 9.626352119367342,
        "mis": 87.64793737930867,
        "pinball": 3.043963199185837,
        "rmse_median": 9.513827817122982
      },
      "after": {
        "picp": 0.8365831012070566,
        "mpiw": 30.23790004050061,
        "mis": 38.91961435691315,
        "pinball": 2.2373531980139973,
        "rmse_median": 9.513827817122982
      }
    },
    "flatline_1.0": {
      "before": {
        "picp": 0.6780408542246983,
        "mpiw": 7.908731903255426,
        "mis": 23.836641236449438,
        "pinball": 1.019573889439059,
        "rmse_median": 4.011121047966083
      },
      "after": {
        "picp": 0.8953110492107706,
        "mpiw": 16.729124713797578,
        "mis": 20.533284852490784,
        "pinball": 0.9996733390737544,
        "rmse_median": 4.011121047966083
      }
    },
    "flatline_2.0": {
      "before": {
        "picp": 0.662372330547818,
        "mpiw": 7.777774654048925,
        "mis": 22.445346796295983,
        "pinball": 0.9839362004010498,
        "rmse_median": 3.839123919389295
      },
      "after": {
        "picp": 0.8758124419684308,
        "mpiw": 15.105058838548658,
        "mis": 19.30541602152049,
        "pinball": 0.9558043402349155,
        "rmse_median": 3.839123919389295
      }
    },
    "flatline_4.0": {
      "before": {
        "picp": 0.6431058495821727,
        "mpiw": 7.380796621101747,
        "mis": 23.430941077792546,
        "pinball": 1.0226999223259094,
        "rmse_median": 4.109948481851731
      },
      "after": {
        "picp": 0.8893918291550603,
        "mpiw": 14.3574318143673,
        "mis": 18.571689630466487,