{
  "model": "qrf",
  "method": "input_tau",
  "alpha": 0.1,
  "fit_on": [
    "clean",
    "contextual_outlier_1.0",
    "contextual_outlier_2.0",
    "contextual_outlier_4.0",
    "level_shift_1.0",
    "level_shift_2.0",
    "level_shift_4.0",
    "point_spike_1.0",
    "point_spike_2.0",
    "point_spike_4.0"
  ],
  "params": {
    "n_features": 6,
    "regressor": "HistGradientBoostingRegressor"
  },
  "settings": {
    "clean": {
      "before": {
        "picp": 0.9163184772516249,
        "mpiw": 9.552883334225584,
        "mis": 11.540408787163111,
        "pinball": 0.6075446440592157,
        "rmse_median": 2.779588744997803
      },
      "after": {
        "picp": 0.9281569173630455,
        "mpiw": 11.115595671232734,
        "mis": 12.723945096233356,
        "pinball": 0.63465117513197,
        "rmse_median": 2.779588744997803
      }
    },
    "contextual_outlier_1.0": {
      "before": {
        "picp": 0.9149257195914577,
        "mpiw": 9.56236796950614,
        "mis": 11.565234081825382,
        "pinball": 0.608342360557866,
        "rmse_median": 2.779031629121241
      },
      "after": {
        "picp": 0.9268802228412256,
        "mpiw": 11.068053479347212,
        "mis": 12.624137476449265,
        "pinball": 0.6334301598902039,
        "rmse_median": 2.779031629121241
      }
    },
    "contextual_outlier_2.0": {
      "before": {
        "picp": 0.9173630454967502,
        "mpiw": 9.611742105028231,
        "mis": 11.601561324008738,
        "pinball": 0.6083851429463463,
        "rmse_median": 2.7764749071846078
      },
      "after": {
        "picp": 0.9296657381615598,
        "mpiw": 11.17133000478999,
        "mis": 12.673571700837508,
        "pinball": 0.6343066733686987,
        "rmse_median": 2.7764749071846078
      }
    },
    "contextual_outlier_4.0": {
      "before": {
        "picp": 0.9180594243268339,
        "mpiw": 9.707073807512616,
        "mis": 11.69967234744433,
        "pinball": 0.6107353419408905,
        "rmse_median": 2.782205994674017
      },
      "after": {
        "picp": 0.9369777158774373,
        "mpiw": 11.468095777633275,
        "mis": 12.858653952555361,
        "pinball": 0.6389241588393324,
        "rmse_median": 2.782205994674017
      }
    },
    "level_shift_1.0": {
      "before": {
        "picp": 0.8176648096564532,
        "mpiw": 9.751256669265004,
        "mis": 15.10783954885148,
        "pinball": 0.793036313402144,
        "rmse_median": 3.3777347189560922
      },
      "after": {
        "picp": 0.8588672237697307,
        "mpiw": 11.765129982504915,
        "mis": 15.5900506126404,
        "pinball": 0.8041642967908367,
        "rmse_median": 3.3777347189560922
      }
    },
    "level_shift_2.0": {
      "before": {
        "picp": 0.6379990714948932,
        "mpiw": 10.043579965830768,
        "mis": 26.85977163246677,
        "pinball": 1.2580317827952656,
        "rmse_median": 4.911240029033307
      },
      "after": {
        "picp": 0.7502321262766946,
        "mpiw": 14.762278281218196,
        "mis": 25.001603278252688,
        "pinball": 1.2346157529629012,
        "rmse_median": 4.911240029033307
      }
    },
    "level_shift_4.0": {
      "before": {
        "picp": 0.390552460538533,
        "mpiw": 10.748860263999346,
        "mis": 64.06841355407589,
        "pinball": 2.424550165708088,
        "rmse_median": 8.21163693995998
      },
      "after": {
        "picp": 0.6576137418755803,
        "mpiw": 20.173061432266387,
        "mis": 40.12144874658206,
        "pinball": 2.0454814902120835,
        "rmse_median": 8.21163693995998
      }
    },
    "point_spike_1.0": {
      "before": {
        "picp": 0.9158542246982359,
        "mpiw": 9.560686051492846,
        "mis": 11.547834682902783,
        "pinball": 0.6076404764554211,
        "rmse_median": 2.77733053692079
      },
      "after": {
        "picp": 0.9269962859795728,
        "mpiw": 11.066031141775289,
        "mis": 12.686774182226303,
        "pinball": 0.6343660058526825,
        "rmse_median": 2.77733053692079
      }
    },
    "point_spike_2.0": {
      "before": {
        "picp": 0.9157381615598886,
        "mpiw": 9.574711195980683,
        "mis": 11.590748718282196,
        "pinball": 0.6095256879851852,
        "rmse_median": 2.783427961580521
      },
      "after": {
        "picp": 0.924791086350975,
        "mpiw": 11.071668458803726,
        "mis": 12.727848729503037,
        "pinball": 0.6366827662031709,
        "rmse_median": 2.783427961580521
      }
    },
    "point_spike_4.0": {
      "before": {
        "picp": 0.9179433611884865,
        "mpiw": 9.618411635188073,
        "mis": 11.612512047989014,
        "pinball": 0.6091845422268574,
        "rmse_median": 2.7784522722514198
      },
      "after": {
        "picp": 0.9268802228412256,
        "mpiw": 11.16628083049787,
        "mis": 12.777952019615956,
        "pinball": 0.6364534386341452,
        "rmse_median": 2.7784522722514198
      }
    }
  }
}