{
  "model": "qrf_robust",
  "method": "input_tau",
  "alpha": 0.1,
  "fit_on": [
    "clean",
    "clock_skew_1.0",
    "clock_skew_2.0",
    "clock_skew_4.0",
    "contextual_outlier_1.0",
    "contextual_outlier_2.0",
    "contextual_outlier_4.0",
    "drift_1.0",
    "drift_2.0",
    "drift_4.0",
    "flatline_1.0",
    "flatline_2.0",
    "flatline_4.0",
    "gap_imputation_1.0",
    "gap_imputation_2.0",
    "gap_imputation_4.0",
    "level_shift_1.0",
    "level_shift_2.0",
    "level_shift_4.0",
    "noise_burst_1.0",
    "noise_burst_2.0",
    "noise_burst_4.0",
    "point_spike_1.0",
    "point_spike_2.0",
    "point_spike_4.0"
  ],
  "params": {
    "n_features": 6,
    "regressor": "HistGradientBoostingRegressor"
  },
  "settings": {
    "clean": {
      "before": {
        "picp": 0.9233983286908078,
        "mpiw": 10.52752943734543,
        "mis": 12.604253141487225,
        "pinball": 0.6621147009427147,
        "rmse_median": 3.0050870633432094
      },
      "after": {
        "picp": 0.9168987929433612,
        "mpiw": 10.72129505567493,
        "mis": 12.918172881473954,
        "pinball": 0.6681434914825096,
        "rmse_median": 3.0050870633432094
      }
    },
    "clock_skew_1.0": {
      "before": {
        "picp": 0.8961234911792015,
        "mpiw": 10.497806231588767,
        "mis": 13.320397731993554,
        "pinball": 0.7222902688343839,
        "rmse_median": 3.272217307670573
      },
      "after": {
        "picp": 0.8890436397400185,
        "mpiw": 10.677344853604907,
        "mis": 13.924548408558582,
        "pinball": 0.7332371852329801,
        "rmse_median": 3.272217307670573
      }
    },
    "clock_skew_2.0": {
      "before": {
        "picp": 0.8570102135561746,
        "mpiw": 10.570113452858665,
        "mis": 14.641456019978502,
        "pinball": 0.8158735658485282,
        "rmse_median": 3.67095896110095
      },
      "after": {
        "picp": 0.8694289693593314,
        "mpiw": 11.20909153015409,
        "mis": 15.054840604072007,
        "pinball": 0.8204592647722612,
        "rmse_median": 3.67095896110095
      }
    },
    "clock_skew_4.0": {
      "before": {
        "picp": 0.7368848653667596,
        "mpiw": 10.65734364437348,
        "mis": 22.830296301845994,
        "pinball": 1.1485702691191713,
        "rmse_median": 4.856196703789467
      },
      "after": {
        "picp": 0.7688022284122563,
        "mpiw": 11.762626051342133,
        "mis": 21.43984627902036,
        "pinball": 1.1242944175054905,
        "rmse_median": 4.856196703789467
      }
    },
    "contextual_outlier_1.0": {
      "before": {
        "picp": 0.9243268337975858,
        "mpiw": 10.567588694027783,
        "mis": 12.648049845089922,
        "pinball": 0.663921930586665,
        "rmse_median": 3.017035713449582
      },
      "after": {
        "picp": 0.91991643454039,
        "mpiw": 10.719047734344555,
        "mis": 12.900931056568274,
        "pinball": 0.6682895496590532,
        "rmse_median": 3.017035713449582
      }
    },
    "contextual_outlier_2.0": {
      "before": {
        "picp": 0.9261838440111421,
        "mpiw": 10.623978465284106,
        "mis": 12.61745918874906,
        "pinball": 0.6621769944765277,
        "rmse_median": 3.0062514665484965
      },
      "after": {
        "picp": 0.9237465181058496,
        "mpiw": 10.750494055357638,
        "mis": 12.825474249028609,
        "pinball": 0.6656776868108399,
        "rmse_median": 3.0062514665484965
      }
    },
    "contextual_outlier_4.0": {
      "before": {
        "picp": 0.9245589600742804,
        "mpiw": 10.801964396851794,
        "mis": 12.788367943347609,
        "pinball": 0.6715983737305055,
        "rmse_median": 3.0373507219155833
      },
      "after": {
        "picp": 0.9193361188486536,
        "mpiw": 10.912265551156567,
        "mis": 13.026983103930673,
        "pinball": 0.6761888290221922,
        "rmse_median": 3.0373507219155833
      }
    },
    "drift_1.0": {
      "before": {
        "picp": 0.8703574744661096,
        "mpiw": 10.691460499488196,
        "mis": 14.26634085540495,
        "pinball": 0.780922607883804,
        "rmse_median": 3.44932693554797
      },
      "after": {
        "picp": 0.8618848653667596,
        "mpiw": 11.101358047188166,
        "mis": 14.83124240240625,
        "pinball": 0.7930166222745275,
        "rmse_median": 3.44932693554797
      }
    },
    "drift_2.0": {
      "before": {
        "picp": 0.7764623955431755,
        "mpiw": 11.211555601165959,
        "mis": 18.904762333300926,
        "pinball": 1.0278631925339576,
        "rmse_median": 4.337646740395307
      },
      "after": {
        "picp": 0.7851671309192201,
        "mpiw": 12.06437353739425,
        "mis": 19.32769552128976,
        "pinball": 1.03628774530374,
        "rmse_median": 4.337646740395307
      }
    },
    "drift_4.0": {
      "before": {
        "picp": 0.6634168987929434,
        "mpiw": 12.552049040871037,
        "mis": 29.36591857038374,
        "pinball": 1.4613753857552871,
        "rmse_median": 5.777183922232773
      },
      "after": {
        "picp": 0.6976555246053854,
        "mpiw": 14.090651387214859,
        "mis": 28.871548119913957,
        "pinball": 1.4537889916117468,
        "rmse_median": 5.777183922232773
      }
    },
    "flatline_1.0": {
      "before": {
        "picp": 0.8437790157845868,
        "mpiw": 10.85438436437595,
        "mis": 16.03064124150011,
        "pinball": 0.8366468633129227,
        "rmse_median": 3.562534065759924
      },
      "after": {
        "picp": 0.874535747446611,
        "mpiw": 12.3709919322774,
        "mis": 16.305540844302662,
        "pinball": 0.8421603818547861,
        "rmse_median": 3.562534065759924
      }
    },
    "flatline_2.0": {
      "before": {
        "picp": 0.8214948932219127,
        "mpiw": 10.461181567487401,
        "mis": 16.72580760851756,
        "pinball": 0.8672572480759291,
        "rmse_median": 3.7024158546617687
      },
      "after": {
        "picp": 0.8471448467966574,
        "mpiw": 11.825764488716722,
        "mis": 17.012414373912865,
        "pinball": 0.8741178726990227,
        "rmse_median": 3.7024158546617687
      }
    },
    "flatline_4.0": {
      "before": {
        "picp": 0.692200557103064,
        "mpiw": 9.443878886114732,
        "mis": 26.757098563694225,
        "pinball": 1.1883909738164617,
        "rmse_median": 4.846169363044772
      },
      "after": {
        "picp": 0.8183611884865367,
        "mpiw": 13.455151913359598,
        "mis": 22.74454488983983,
        "pinball": 1.127217813910224,
        "rmse_median": 4.846169363044772
      }
    },
    "gap_imputation_1.0": {
      "before": {
        "picp": 0.9178272980501393,
        "mpiw": 10.519771799863186,
        "mis": 12.712709335879136,
        "pinball": 0.6674511646504749,
        "rmse_median": 3.0296070282954446
      },
      "after": {
        "picp": 0.9106313834726091,
        "mpiw": 10.648831564618026,
        "mis": 13.000204264164763,
        "pinball": 0.672383835009521,
        "rmse_median": 3.0296070282954446
      }
    },
    "gap_imputation_2.0": {
      "before": {
        "picp": 0.9085422469823584,
        "mpiw": 10.515829613614288,
        "mis": 13.210127304480173,
        "pinball": 0.6909794354317805,
        "rmse_median": 3.1509607385063174
      },
      "after": {
        "picp": 0.9036675951717734,
        "mpiw": 10.721772973569037,
        "mis": 13.543994173491399,
        "pinball": 0.696238253138248,
        "rmse_median": 3.1509607385063174
      }
    },
    "gap_imputation_4.0": {
      "before": {
        "picp": 0.8989090064995358,
        "mpiw": 10.538006630775772,
        "mis": 14.04745950503826,
        "pinball": 0.7239228457701963,
        "rmse_median": 3.316976020206462
      },
      "after": {
        "picp": 0.8997214484679665,
        "mpiw": 10.922375506269017,
        "mis": 14.194248056919058,
        "pinball": 0.7274059043607334,