{
  "model": "qtransformer_multi",
  "method": "input_tau",
  "alpha": 0.1,
  "fit_on": [
    "clean",
    "clock_skew_1.0",
    "clock_skew_2.0",
    "clock_skew_4.0",
    "contextual_outlier_1.0",
    "contextual_outlier_2.0",
    "contextual_outlier_4.0",
    "drift_1.0",
    "drift_2.0",
    "drift_4.0",
    "fgsm_1.0",
    "fgsm_2.0",
    "fgsm_4.0",
    "flatline_1.0",
    "flatline_2.0",
    "flatline_4.0",
    "gap_imputation_1.0",
    "gap_imputation_2.0",
    "gap_imputation_4.0",
    "level_shift_1.0",
    "level_shift_2.0",
    "level_shift_4.0",
    "noise_burst_1.0",
    "noise_burst_2.0",
    "noise_burst_4.0",
    "point_spike_1.0",
    "point_spike_2.0",
    "point_spike_4.0"
  ],
  "params": {
    "n_features": 6,
    "regressor": "HistGradientBoostingRegressor"
  },
  "settings": {
    "clean": {
      "before": {
        "picp": 0.8405292479108635,
        "mpiw": 5.857669942613792,
        "mis": 9.336848244892321,
        "pinball": 0.4928191104329348,
        "rmse_median": 2.2753392899579286
      },
      "after": {
        "picp": 0.970636025998143,
        "mpiw": 10.662142610129546,
        "mis": 11.168932005294705,
        "pinball": 0.5361045365844145,
        "rmse_median": 2.2753392899579286
      }
    },
    "clock_skew_1.0": {
      "before": {
        "picp": 0.7466341689879294,
        "mpiw": 5.888613228839361,
        "mis": 12.115426847219318,
        "pinball": 0.5958915719741793,
        "rmse_median": 2.5505036931131433
      },
      "after": {
        "picp": 0.9258356545961003,
        "mpiw": 10.813179022262208,
        "mis": 12.149396268995151,
        "pinball": 0.6054631299299852,
        "rmse_median": 2.5505036931131433
      }
    },
    "clock_skew_2.0": {
      "before": {
        "picp": 0.637883008356546,
        "mpiw": 5.842919490743499,
        "mis": 19.573087048624302,
        "pinball": 0.8216744828807849,
        "rmse_median": 3.184633995394931
      },
      "after": {
        "picp": 0.8587511606313835,
        "mpiw": 12.032689557467544,
        "mis": 16.40553800674069,
        "pinball": 0.7868700360488051,
        "rmse_median": 3.184633995394931
      }
    },
    "clock_skew_4.0": {
      "before": {
        "picp": 0.5009285051067781,
        "mpiw": 5.626536099949961,
        "mis": 33.83606122759058,
        "pinball": 1.228343478827376,
        "rmse_median": 4.2805072213936555
      },
      "after": {
        "picp": 0.778435468895079,
        "mpiw": 14.304110919319884,
        "mis": 24.38676634325971,
        "pinball": 1.107727332476972,
        "rmse_median": 4.2805072213936555
      }
    },
    "contextual_outlier_1.0": {
      "before": {
        "picp": 0.841225626740947,
        "mpiw": 5.8572181390463625,
        "mis": 9.266356458180319,
        "pinball": 0.4916241898462367,
        "rmse_median": 2.2673973953283677
      },
      "after": {
        "picp": 0.9705199628597957,
        "mpiw": 10.640240976998369,
        "mis": 11.129099240933417,
        "pinball": 0.5358827168134482,
        "rmse_median": 2.2673973953283677
      }
    },
    "contextual_outlier_2.0": {
      "before": {
        "picp": 0.8399489322191273,
        "mpiw": 5.85490204084039,
        "mis": 9.38757180240193,
        "pinball": 0.4947425489171448,
        "rmse_median": 2.2781112068402387
      },
      "after": {
        "picp": 0.968430826369545,
        "mpiw": 10.700910126506717,
        "mis": 11.249886977317137,
        "pinball": 0.5394109826522073,
        "rmse_median": 2.2781112068402387
      }
    },
    "contextual_outlier_4.0": {
      "before": {
        "picp": 0.8289229340761374,
        "mpiw": 5.875237024799904,
        "mis": 10.005691861670398,
        "pinball": 0.5198409468166011,
        "rmse_median": 2.393025553869286
      },
      "after": {
        "picp": 0.9619312906220984,
        "mpiw": 11.031162352990494,
        "mis": 11.835869800746284,
        "pinball": 0.5642906358328731,
        "rmse_median": 2.393025553869286
      }
    },
    "drift_1.0": {
      "before": {
        "picp": 0.5842618384401114,
        "mpiw": 5.867681165083122,
        "mis": 17.90237760890129,
        "pinball": 0.8067068283710553,
        "rmse_median": 3.1052895905127573
      },
      "after": {
        "picp": 0.8630454967502321,
        "mpiw": 11.61899691244052,
        "mis": 14.50935357131696,
        "pinball": 0.7516918357631976,
        "rmse_median": 3.1052895905127573
      }
    },
    "drift_2.0": {
      "before": {
        "picp": 0.38057103064066855,
        "mpiw": 5.930244012015863,
        "mis": 39.521080729690375,
        "pinball": 1.4432631755330836,
        "rmse_median": 4.729675907043296
      },
      "after": {
        "picp": 0.7486072423398329,
        "mpiw": 14.92682570207969,
        "mis": 23.883632399725133,
        "pinball": 1.1979487319721147,
        "rmse_median": 4.729675907043296
      }
    },
    "drift_4.0": {
      "before": {
        "picp": 0.1882544103992572,
        "mpiw": 6.206732919054284,
        "mis": 92.36213571551227,
        "pinball": 2.885269302770267,
        "rmse_median": 8.215214816200389
      },
      "after": {
        "picp": 0.7097260909935005,
        "mpiw": 24.575669900356818,
        "mis": 42.595932109533734,
        "pinball": 2.0887165475483265,
        "rmse_median": 8.215214816200389
      }
    },
    "fgsm_1.0": {
      "before": {
        "picp": 0.3412256267409471,
        "mpiw": 5.83777796929569,
        "mis": 33.490651571400214,
        "pinball": 1.3161760096063448,
        "rmse_median": 4.46372471223288
      },
      "after": {
        "picp": 0.8043175487465181,
        "mpiw": 13.629707059599411,
        "mis": 18.471086414218252,
        "pinball": 1.0481184865796376,
        "rmse_median": 4.46372471223288
      }
    },
    "fgsm_2.0": {
      "before": {
        "picp": 0.2292246982358403,
        "mpiw": 5.851248316012904,
        "mis": 59.80353326113434,
        "pinball": 2.0141054056109633,
        "rmse_median": 6.026460975085918
      },
      "after": {
        "picp": 0.7591689879294337,
        "mpiw": 19.300395262799885,
        "mis": 27.352644076051366,
        "pinball": 1.4919431774353975,
        "rmse_median": 6.026460975085918
      }
    },
    "fgsm_4.0": {
      "before": {
        "picp": 0.16434540389972144,
        "mpiw": 6.0842844855889835,
        "mis": 104.6469880400888,
        "pinball": 3.198658797727741,
        "rmse_median": 8.82262228907024
      },
      "after": {
        "picp": 0.8112813370473537,
        "mpiw": 31.770439205035384,
        "mis": 41.9167756558052,
        "pinball": 2.216792082350075,
        "rmse_median": 8.82262228907024
      }
    },
    "flatline_1.0": {
      "before": {
        "picp": 0.552460538532962,
        "mpiw": 6.03072206818569,
        "mis": 28.536571255213172,
        "pinball": 1.1053951104855817,
        "rmse_median": 4.036080314937436
      },
      "after": {
        "picp": 0.877205199628598,
        "mpiw": 15.853388679120059,
        "mis": 20.459736519851184,
        "pinball": 0.9920733729013467,
        "rmse_median": 4.036080314937436
      }
    },
    "flatline_2.0": {
      "before": {
        "picp": 0.5587279480037141,
        "mpiw": 5.9509888415258985,
        "mis": 25.46133779888095,
        "pinball": 1.0111520433733312,
        "rmse_median": 3.7156195771900773
      },
      "after": {
        "picp": 0.870125348189415,
        "mpiw": 14.520209491575555,
        "mis": 18.92102446601004,
        "pinball": 0.9232045998904397,
        "rmse_median": 3.7156195771900773
      }
    },
    "flatline_4.0": {
      "before": {
        "picp": 0.5518802228412256,
        "mpiw": 5.643398740470274,
        "mis": 25.948959907347227,
        "pinball": 1.008482664094749,
        "rmse_median": 3.8090006864790196
      },
      "after": {
        "picp": 0.8697771587743732,
        "mpiw": 12.949695698939411,
        "mis": 17.698348438321098,