{
  "model": "qtransformer_robust",
  "method": "input_tau",
  "alpha": 0.1,
  "fit_on": [
    "clean",
    "clock_skew_1.0",
    "clock_skew_2.0",
    "clock_skew_4.0",
    "contextual_outlier_1.0",
    "contextual_outlier_2.0",
    "contextual_outlier_4.0",
    "drift_1.0",
    "drift_2.0",
    "drift_4.0",
    "fgsm_1.0",
    "fgsm_2.0",
    "fgsm_4.0",
    "flatline_1.0",
    "flatline_2.0",
    "flatline_4.0",
    "gap_imputation_1.0",
    "gap_imputation_2.0",
    "gap_imputation_4.0",
    "level_shift_1.0",
    "level_shift_2.0",
    "level_shift_4.0",
    "noise_burst_1.0",
    "noise_burst_2.0",
    "noise_burst_4.0",
    "point_spike_1.0",
    "point_spike_2.0",
    "point_spike_4.0"
  ],
  "params": {
    "n_features": 6,
    "regressor": "HistGradientBoostingRegressor"
  },
  "settings": {
    "clean": {
      "before": {
        "picp": 0.915041782729805,
        "mpiw": 9.053371700903112,
        "mis": 10.878096698103198,
        "pinball": 0.5786078752660051,
        "rmse_median": 2.6628302056593456
      },
      "after": {
        "picp": 0.9242107706592386,
        "mpiw": 10.036394489151673,
        "mis": 11.419132560036237,
        "pinball": 0.5901226779159369,
        "rmse_median": 2.6628302056593456
      }
    },
    "clock_skew_1.0": {
      "before": {
        "picp": 0.8661792014856081,
        "mpiw": 8.873828447366073,
        "mis": 11.901649841934253,
        "pinball": 0.6424202783517554,
        "rmse_median": 2.8403515104569523
      },
      "after": {
        "picp": 0.8948467966573816,
        "mpiw": 9.812293439439294,
        "mis": 12.028523460677485,
        "pinball": 0.6447330768874522,
        "rmse_median": 2.8403515104569523
      }
    },
    "clock_skew_2.0": {
      "before": {
        "picp": 0.7671773444753947,
        "mpiw": 8.828719781855852,
        "mis": 16.486467590068443,
        "pinball": 0.8366944284515526,
        "rmse_median": 3.51200491939256
      },
      "after": {
        "picp": 0.8165041782729805,
        "mpiw": 10.144255891186688,
        "mis": 15.598198205240328,
        "pinball": 0.8211995480407862,
        "rmse_median": 3.51200491939256
      }
    },
    "clock_skew_4.0": {
      "before": {
        "picp": 0.6107242339832869,
        "mpiw": 8.953100281305595,
        "mis": 31.51437610293095,
        "pinball": 1.3374692160574537,
        "rmse_median": 5.085408225661218
      },
      "after": {
        "picp": 0.6803621169916435,
        "mpiw": 10.728049143863357,
        "mis": 26.990999241462085,
        "pinball": 1.266799203585342,
        "rmse_median": 5.085408225661218
      }
    },
    "contextual_outlier_1.0": {
      "before": {
        "picp": 0.916782729805014,
        "mpiw": 9.066440134039272,
        "mis": 10.86494053555887,
        "pinball": 0.5779417862522004,
        "rmse_median": 2.65898578402024
      },
      "after": {
        "picp": 0.9242107706592386,
        "mpiw": 10.031284012239526,
        "mis": 11.421680442029533,
        "pinball": 0.589781473220633,
        "rmse_median": 2.65898578402024
      }
    },
    "contextual_outlier_2.0": {
      "before": {
        "picp": 0.9144614670380687,
        "mpiw": 9.109787700024349,
        "mis": 10.920061738281804,
        "pinball": 0.5810137889327207,
        "rmse_median": 2.6739293028520166
      },
      "after": {
        "picp": 0.9224698235840297,
        "mpiw": 10.074606746879633,
        "mis": 11.47922311436228,
        "pinball": 0.5930843236886806,
        "rmse_median": 2.6739293028520166
      }
    },
    "contextual_outlier_4.0": {
      "before": {
        "picp": 0.9094707520891365,
        "mpiw": 9.298485234690803,
        "mis": 11.460375073146817,
        "pinball": 0.6041414203886637,
        "rmse_median": 2.776072126681067
      },
      "after": {
        "picp": 0.9184076137418756,
        "mpiw": 10.276730645499153,
        "mis": 12.054340994210582,
        "pinball": 0.6171869489151331,
        "rmse_median": 2.776072126681067
      }
    },
    "drift_1.0": {
      "before": {
        "picp": 0.8444753946146704,
        "mpiw": 9.282956695494093,
        "mis": 13.15911036114268,
        "pinball": 0.7341549663128785,
        "rmse_median": 3.233312914714045
      },
      "after": {
        "picp": 0.8703574744661096,
        "mpiw": 10.297470419089706,
        "mis": 13.35784053806926,
        "pinball": 0.7345839152519937,
        "rmse_median": 3.233312914714045
      }
    },
    "drift_2.0": {
      "before": {
        "picp": 0.752669452181987,
        "mpiw": 10.028455532469957,
        "mis": 18.51627071844055,
        "pinball": 1.005761614568679,
        "rmse_median": 4.174118350551718
      },
      "after": {
        "picp": 0.8023444753946146,
        "mpiw": 11.19852326265974,
        "mis": 17.463215604742924,
        "pinball": 0.9820889108683392,
        "rmse_median": 4.174118350551718
      }
    },
    "drift_4.0": {
      "before": {
        "picp": 0.7094939647168059,
        "mpiw": 11.976124525388238,
        "mis": 25.650590810335707,
        "pinball": 1.3091417696874543,
        "rmse_median": 5.208820865435916
      },
      "after": {
        "picp": 0.7440807799442897,
        "mpiw": 12.295332999144996,
        "mis": 23.913581379013333,
        "pinball": 1.2774578234181226,
        "rmse_median": 5.208820865435916
      }
    },
    "fgsm_1.0": {
      "before": {
        "picp": 0.5972609099350047,
        "mpiw": 10.675570515008081,
        "mis": 29.344155792711224,
        "pinball": 1.4493191529794303,
        "rmse_median": 5.727617385335387
      },
      "after": {
        "picp": 0.7863277623026926,
        "mpiw": 15.139562442040841,
        "mis": 23.437499238948067,
        "pinball": 1.3310236227171062,
        "rmse_median": 5.727617385335387
      }
    },
    "fgsm_2.0": {
      "before": {
        "picp": 0.5749767873723306,
        "mpiw": 12.642217250613815,
        "mis": 37.55172851662934,
        "pinball": 1.7604429527570857,
        "rmse_median": 6.772621743923386
      },
      "after": {
        "picp": 0.784702878365831,
        "mpiw": 18.835723533823213,
        "mis": 28.45369284519118,
        "pinball": 1.5985996476848456,
        "rmse_median": 6.772621743923386
      }
    },
    "fgsm_4.0": {
      "before": {
        "picp": 0.6100278551532033,
        "mpiw": 14.963637424594305,
        "mis": 45.48575190897888,
        "pinball": 2.0564708700800143,
        "rmse_median": 7.957553700458646
      },
      "after": {
        "picp": 0.7977019498607242,
        "mpiw": 22.217083640464462,
        "mis": 33.51058747255839,
        "pinball": 1.8627582113486985,
        "rmse_median": 7.957553700458646
      }
    },
    "flatline_1.0": {
      "before": {
        "picp": 0.8147632311977716,
        "mpiw": 10.253088147661563,
        "mis": 17.339790405843484,
        "pinball": 0.8824021165938615,
        "rmse_median": 3.665364930492439
      },
      "after": {
        "picp": 0.8689647168059424,
        "mpiw": 11.850951021806175,
        "mis": 16.309478091139837,
        "pinball": 0.8657751676205703,
        "rmse_median": 3.665364930492439
      }
    },
    "flatline_2.0": {
      "before": {
        "picp": 0.7968895078922934,
        "mpiw": 9.97905846245833,
        "mis": 17.112945559362306,
        "pinball": 0.8887942458731806,
        "rmse_median": 3.6751593678342154
      },
      "after": {
        "picp": 0.8486536675951718,
        "mpiw": 11.587788755539146,
        "mis": 16.70780789776139,
        "pinball": 0.8796630100772693,
        "rmse_median": 3.6751593678342154
      }
    },
    "flatline_4.0": {
      "before": {
        "picp": 0.6826833797585887,
        "mpiw": 8.46035721876855,
        "mis": 22.98124431477763,
        "pinball": 1.0529863870036023,
        "rmse_median": 4.321905222730603
      },
      "after": {
        "picp": 0.83855617455896,
        "mpiw": 12.330041402802056,
        "mis": 18.94001026740548,