{
  "model": "qtransformer_multi",
  "method": "input_tau",
  "alpha": 0.1,
  "fit_on": [
    "clean",
    "clock_skew_1.0",
    "clock_skew_2.0",
    "clock_skew_4.0",
    "contextual_outlier_1.0",
    "contextual_outlier_2.0",
    "contextual_outlier_4.0",
    "drift_1.0",
    "drift_2.0",
    "drift_4.0",
    "fgsm_1.0",
    "fgsm_2.0",
    "fgsm_4.0",
    "flatline_1.0",
    "flatline_2.0",
    "flatline_4.0",
    "gap_imputation_1.0",
    "gap_imputation_2.0",
    "gap_imputation_4.0",
    "level_shift_1.0",
    "level_shift_2.0",
    "level_shift_4.0",
    "noise_burst_1.0",
    "noise_burst_2.0",
    "noise_burst_4.0",
    "point_spike_1.0",
    "point_spike_2.0",
    "point_spike_4.0"
  ],
  "params": {
    "n_features": 6,
    "regressor": "HistGradientBoostingRegressor"
  },
  "settings": {
    "clean": {
      "before": {
        "picp": 0.8986768802228412,
        "mpiw": 6.49100251094512,
        "mis": 8.605050339566715,
        "pinball": 0.46686468286658295,
        "rmse_median": 2.2052987426703727
      },
      "after": {
        "picp": 0.9562441968430826,
        "mpiw": 9.147476435434752,
        "mis": 9.986443752583696,
        "pinball": 0.49659159734652747,
        "rmse_median": 2.2052987426703727
      }
    },
    "clock_skew_1.0": {
      "before": {
        "picp": 0.841225626740947,
        "mpiw": 6.4484959904310735,
        "mis": 9.710569210780841,
        "pinball": 0.5155676977212573,
        "rmse_median": 2.363191499495479
      },
      "after": {
        "picp": 0.9227019498607242,
        "mpiw": 9.08851885483001,
        "mis": 10.190624441749202,
        "pinball": 0.5322495535180979,
        "rmse_median": 2.363191499495479
      }
    },
    "clock_skew_2.0": {
      "before": {
        "picp": 0.7631151346332404,
        "mpiw": 6.396282823663878,
        "mis": 12.869125954459518,
        "pinball": 0.6246839508025879,
        "rmse_median": 2.674942320878047
      },
      "after": {
        "picp": 0.8792943361188487,
        "mpiw": 9.946487539110898,
        "mis": 12.684987524164859,
        "pinball": 0.6340195389810557,
        "rmse_median": 2.674942320878047
      }
    },
    "clock_skew_4.0": {
      "before": {
        "picp": 0.6642293407613742,
        "mpiw": 6.243796791177663,
        "mis": 19.971063618687026,
        "pinball": 0.8417524257463261,
        "rmse_median": 3.2766778148204727
      },
      "after": {
        "picp": 0.8226555246053854,
        "mpiw": 12.029859847907167,
        "mis": 18.172151747258297,
        "pinball": 0.8429769246872757,
        "rmse_median": 3.2766778148204727
      }
    },
    "contextual_outlier_1.0": {
      "before": {
        "picp": 0.8994893221912721,
        "mpiw": 6.490364294843892,
        "mis": 8.60185402695461,
        "pinball": 0.4667948536589378,
        "rmse_median": 2.205132686520122
      },
      "after": {
        "picp": 0.9571727019498607,
        "mpiw": 9.133921505270179,
        "mis": 9.994018541414684,
        "pinball": 0.49669817066844085,
        "rmse_median": 2.205132686520122
      }
    },
    "contextual_outlier_2.0": {
      "before": {
        "picp": 0.9000696378830083,
        "mpiw": 6.489117003933148,
        "mis": 8.600866083066927,
        "pinball": 0.4668514050962394,
        "rmse_median": 2.204753028792516
      },
      "after": {
        "picp": 0.9585654596100278,
        "mpiw": 9.159755292228448,
        "mis": 9.96452138007628,
        "pinball": 0.49660070944605794,
        "rmse_median": 2.204753028792516
      }
    },
    "contextual_outlier_4.0": {
      "before": {
        "picp": 0.9003017641597029,
        "mpiw": 6.48770748011995,
        "mis": 8.640712126644322,
        "pinball": 0.4675175703024173,
        "rmse_median": 2.206514332711958
      },
      "after": {
        "picp": 0.9590297121634169,
        "mpiw": 9.375526374871404,
        "mis": 10.190183317040464,
        "pinball": 0.5022112711348299,
        "rmse_median": 2.206514332711958
      }
    },
    "drift_1.0": {
      "before": {
        "picp": 0.7464020427112349,
        "mpiw": 6.496647944866894,
        "mis": 11.926266341083158,
        "pinball": 0.6146784480867665,
        "rmse_median": 2.6156150681504533
      },
      "after": {
        "picp": 0.8791782729805014,
        "mpiw": 9.805582597716107,
        "mis": 11.921444818892052,
        "pinball": 0.621731378938044,
        "rmse_median": 2.6156150681504533
      }
    },
    "drift_2.0": {
      "before": {
        "picp": 0.5558263695450325,
        "mpiw": 6.530661219143237,
        "mis": 21.994533997839824,
        "pinball": 0.9565647881406443,
        "rmse_median": 3.5430866213699015
      },
      "after": {
        "picp": 0.7744893221912721,
        "mpiw": 12.152271752772215,
        "mis": 18.189503750803233,
        "pinball": 0.9125498078888938,
        "rmse_median": 3.5430866213699015
      }
    },
    "drift_4.0": {
      "before": {
        "picp": 0.30779944289693595,
        "mpiw": 6.709061052379753,
        "mis": 55.01315243938459,
        "pinball": 1.9368345061549486,
        "rmse_median": 6.024711666650385
      },
      "after": {
        "picp": 0.7260909935004642,
        "mpiw": 19.241669484542413,
        "mis": 32.32644240203773,
        "pinball": 1.588207205339994,
        "rmse_median": 6.024711666650385
      }
    },
    "fgsm_1.0": {
      "before": {
        "picp": 0.49396471680594245,
        "mpiw": 6.503648022213402,
        "mis": 22.35297638412007,
        "pinball": 1.0389658968837336,
        "rmse_median": 3.947328736524157
      },
      "after": {
        "picp": 0.8474930362116991,
        "mpiw": 12.004706454672398,
        "mis": 15.414173528579875,
        "pinball": 0.9004622680623477,
        "rmse_median": 3.947328736524157
      }
    },
    "fgsm_2.0": {
      "before": {
        "picp": 0.3059424326833798,
        "mpiw": 6.5626108563356915,
        "mis": 41.01444140152956,
        "pinball": 1.5864083073093338,
        "rmse_median": 5.202499815547417
      },
      "after": {
        "picp": 0.8232358402971216,
        "mpiw": 16.477001798310084,
        "mis": 21.14411976763916,
        "pinball": 1.2409267272351194,
        "rmse_median": 5.202499815547417
      }
    },
    "fgsm_4.0": {
      "before": {
        "picp": 0.1888347260909935,
        "mpiw": 6.813202389462789,
        "mis": 79.46728744507641,
        "pinball": 2.618511602584275,
        "rmse_median": 7.568495830871667
      },
      "after": {
        "picp": 0.8284586815227484,
        "mpiw": 26.01380800524988,
        "mis": 32.4917417224662,
        "pinball": 1.8682066280630285,
        "rmse_median": 7.568495830871667
      }
    },
    "flatline_1.0": {
      "before": {
        "picp": 0.6988161559888579,
        "mpiw": 6.451788571304592,
        "mis": 17.146382589532042,
        "pinball": 0.7647036696412718,
        "rmse_median": 3.0669158775948695
      },
      "after": {
        "picp": 0.8897400185701021,
        "mpiw": 12.759510124672042,
        "mis": 15.734020145237638,
        "pinball": 0.7684839754563576,
        "rmse_median": 3.0669158775948695
      }
    },
    "flatline_2.0": {
      "before": {
        "picp": 0.6980037140204272,
        "mpiw": 6.401009475165303,
        "mis": 16.20468409622641,
        "pinball": 0.7433709932881101,
        "rmse_median": 2.995939781819276
      },
      "after": {
        "picp": 0.8732590529247911,
        "mpiw": 11.60297760696354,
        "mis": 14.942755533932205,
        "pinball": 0.7412485068238232,
        "rmse_median": 2.995939781819276
      }
    },
    "flatline_4.0": {
      "before": {
        "picp": 0.6666666666666666,
        "mpiw": 6.327690733721401,
        "mis": 18.3919782673124,
        "pinball": 0.8060794347214392,
        "rmse_median": 3.310003283486944
      },
      "after": {
        "picp": 0.8651346332404828,
        "mpiw": 10.602743006072338,
        "mis": 15.354926007692567,