{
  "model": "qtransformer",
  "method": "input_tau",
  "alpha": 0.1,
  "fit_on": [
    "clean",
    "contextual_outlier_1.0",
    "contextual_outlier_2.0",
    "contextual_outlier_4.0",
    "fgsm_1.0",
    "fgsm_2.0",
    "fgsm_4.0",
    "level_shift_1.0",
    "level_shift_2.0",
    "level_shift_4.0",
    "point_spike_1.0",
    "point_spike_2.0",
    "point_spike_4.0"
  ],
  "params": {
    "n_features": 6,
    "regressor": "HistGradientBoostingRegressor"
  },
  "settings": {
    "clean": {
      "before": {
        "picp": 0.9048282265552461,
        "mpiw": 7.486732339481373,
        "mis": 9.48621477978658,
        "pinball": 0.5110080486176924,
        "rmse_median": 2.430435930314456
      },
      "after": {
        "picp": 0.9579851439182916,
        "mpiw": 11.249319767563636,
        "mis": 12.038969302868894,
        "pinball": 0.5740525280145529,
        "rmse_median": 2.430435930314456
      }
    },
    "contextual_outlier_1.0": {
      "before": {
        "picp": 0.9041318477251625,
        "mpiw": 7.494835418722845,
        "mis": 9.48859764495551,
        "pinball": 0.5108354128250645,
        "rmse_median": 2.4312445432624323
      },
      "after": {
        "picp": 0.9607706592386258,
        "mpiw": 11.364260090366358,
        "mis": 12.134859104595012,
        "pinball": 0.5753508859239849,
        "rmse_median": 2.4312445432624323
      }
    },
    "contextual_outlier_2.0": {
      "before": {
        "picp": 0.9028551532033426,
        "mpiw": 7.519390736874552,
        "mis": 9.533278862475989,
        "pinball": 0.5140593688123631,
        "rmse_median": 2.4428348211945976
      },
      "after": {
        "picp": 0.963091922005571,
        "mpiw": 11.528793751746344,
        "mis": 12.219181290295442,
        "pinball": 0.5797227651073035,
        "rmse_median": 2.4428348211945976
      }
    },
    "contextual_outlier_4.0": {
      "before": {
        "picp": 0.8949628597957289,
        "mpiw": 7.639394723229318,
        "mis": 10.213721809895725,
        "pinball": 0.5385160643683254,
        "rmse_median": 2.55602516482187
      },
      "after": {
        "picp": 0.9639043639740018,
        "mpiw": 12.275633755387165,
        "mis": 12.896791779744028,
        "pinball": 0.610279267775992,
        "rmse_median": 2.55602516482187
      }
    },
    "fgsm_1.0": {
      "before": {
        "picp": 0.44962859795728877,
        "mpiw": 8.168773930745202,
        "mis": 35.12737902892163,
        "pinball": 1.4907979990154863,
        "rmse_median": 5.475822598906664
      },
      "after": {
        "picp": 0.8387883008356546,
        "mpiw": 18.05999030723408,
        "mis": 22.1294383857296,
        "pinball": 1.2545951545583947,
        "rmse_median": 5.475822598906664
      }
    },
    "fgsm_2.0": {
      "before": {
        "picp": 0.37058960074280406,
        "mpiw": 8.799568024625536,
        "mis": 57.424778079874315,
        "pinball": 2.1346619082629226,
        "rmse_median": 7.154523365296659
      },
      "after": {
        "picp": 0.8467966573816156,
        "mpiw": 25.92032923230185,
        "mis": 32.02501005203155,
        "pinball": 1.72937379559588,
        "rmse_median": 7.154523365296659
      }
    },
    "fgsm_4.0": {
      "before": {
        "picp": 0.3097725162488394,
        "mpiw": 9.40516746551645,
        "mis": 99.09648032519054,
        "pinball": 3.283980151273235,
        "rmse_median": 10.317281276081209
      },
      "after": {
        "picp": 0.8685004642525533,
        "mpiw": 38.120821715396886,
        "mis": 48.26512717465782,
        "pinball": 2.5331028217645177,
        "rmse_median": 10.317281276081209
      }
    },
    "level_shift_1.0": {
      "before": {
        "picp": 0.7226090993500465,
        "mpiw": 7.587511634860936,
        "mis": 15.671334648346551,
        "pinball": 0.7659457421171442,
        "rmse_median": 3.153982436357645
      },
      "after": {
        "picp": 0.8445914577530177,
        "mpiw": 11.948170970891706,
        "mis": 15.532993076590053,
        "pinball": 0.7748046673429023,
        "rmse_median": 3.153982436357645
      }
    },
    "level_shift_2.0": {
      "before": {
        "picp": 0.5217038068709378,
        "mpiw": 7.85610488749348,
        "mis": 33.03899725922048,
        "pinball": 1.3525995229753722,
        "rmse_median": 4.864999736263168
      },
      "after": {
        "picp": 0.7487233054781801,
        "mpiw": 16.035734692995348,
        "mis": 26.025827165303813,
        "pinball": 1.2584820164940402,
        "rmse_median": 4.864999736263168
      }
    },
    "level_shift_4.0": {
      "before": {
        "picp": 0.30176415970287834,
        "mpiw": 8.568466747154282,
        "mis": 80.23666700228378,
        "pinball": 2.7559937244497292,
        "rmse_median": 8.645996650145982
      },
      "after": {
        "picp": 0.7061281337047354,
        "mpiw": 26.134823623457418,
        "mis": 46.02644690083507,
        "pinball": 2.2283051798227334,
        "rmse_median": 8.645996650145982
      }
    },
    "point_spike_1.0": {
      "before": {
        "picp": 0.9035515320334262,
        "mpiw": 7.488598011445815,
        "mis": 9.516076169729974,
        "pinball": 0.5119078625253286,
        "rmse_median": 2.4337869907009786
      },
      "after": {
        "picp": 0.9594939647168059,
        "mpiw": 11.287582586988469,
        "mis": 12.075801781527261,
        "pinball": 0.5752206146211227,
        "rmse_median": 2.4337869907009786
      }
    },
    "point_spike_2.0": {
      "before": {
        "picp": 0.9021587743732591,
        "mpiw": 7.504786883164997,
        "mis": 9.562451323234242,
        "pinball": 0.5145040206716874,
        "rmse_median": 2.4456707761202185
      },
      "after": {
        "picp": 0.960422469823584,
        "mpiw": 11.46328273373809,
        "mis": 12.249909011545448,
        "pinball": 0.581136721787793,
        "rmse_median": 2.4456707761202185
      }
    },
    "point_spike_4.0": {
      "before": {
        "picp": 0.8974001857010213,
        "mpiw": 7.594215620074975,
        "mis": 10.044009781993624,
        "pinball": 0.5327570405409783,
        "rmse_median": 2.5270697941577738
      },
      "after": {
        "picp": 0.9610027855153204,
        "mpiw": 11.797400999368454,
        "mis": 12.647471663253214,
        "pinball": 0.5987823251340684,
        "rmse_median": 2.5270697941577738
      }
    }
  }
}