{
  "model": "qtransformer_multi",
  "method": "input_tau",
  "alpha": 0.1,
  "fit_on": [
    "clean",
    "contextual_outlier_1.0",
    "contextual_outlier_2.0",
    "contextual_outlier_4.0",
    "fgsm_1.0",
    "fgsm_2.0",
    "fgsm_4.0",
    "level_shift_1.0",
    "level_shift_2.0",
    "level_shift_4.0",
    "point_spike_1.0",
    "point_spike_2.0",
    "point_spike_4.0"
  ],
  "params": {
    "n_features": 6,
    "regressor": "HistGradientBoostingRegressor"
  },
  "settings": {
    "clean": {
      "before": {
        "picp": 0.8986768802228412,
        "mpiw": 6.49100251094512,
        "mis": 8.605050339566715,
        "pinball": 0.46686468286658295,
        "rmse_median": 2.2052987426703727
      },
      "after": {
        "picp": 0.9441736304549675,
        "mpiw": 8.878131573719486,
        "mis": 10.035660026969675,
        "pinball": 0.4982572847306863,
        "rmse_median": 2.2052987426703727
      }
    },
    "contextual_outlier_1.0": {
      "before": {
        "picp": 0.8994893221912721,
        "mpiw": 6.490364294843892,
        "mis": 8.60185402695461,
        "pinball": 0.4667948536589378,
        "rmse_median": 2.205132686520122
      },
      "after": {
        "picp": 0.9433611884865367,
        "mpiw": 8.826034575990876,
        "mis": 10.010953450174505,
        "pinball": 0.4978027069012671,
        "rmse_median": 2.205132686520122
      }
    },
    "contextual_outlier_2.0": {
      "before": {
        "picp": 0.9000696378830083,
        "mpiw": 6.489117003933148,
        "mis": 8.600866083066927,
        "pinball": 0.4668514050962394,
        "rmse_median": 2.204753028792516
      },
      "after": {
        "picp": 0.9447539461467038,
        "mpiw": 8.958681124559678,
        "mis": 10.079443342574791,
        "pinball": 0.5001546688987781,
        "rmse_median": 2.204753028792516
      }
    },
    "contextual_outlier_4.0": {
      "before": {
        "picp": 0.9003017641597029,
        "mpiw": 6.48770748011995,
        "mis": 8.640712126644322,
        "pinball": 0.4675175703024173,
        "rmse_median": 2.206514332711958
      },
      "after": {
        "picp": 0.9484679665738162,
        "mpiw": 9.430266770650512,
        "mis": 10.504467207608105,
        "pinball": 0.5106247933747843,
        "rmse_median": 2.206514332711958
      }
    },
    "fgsm_1.0": {
      "before": {
        "picp": 0.49396471680594245,
        "mpiw": 6.503648022213402,
        "mis": 22.35297638412007,
        "pinball": 1.0389658968837336,
        "rmse_median": 3.947328736524157
      },
      "after": {
        "picp": 0.8680362116991643,
        "mpiw": 12.514960848216734,
        "mis": 15.25712398029462,
        "pinball": 0.8959173624316046,
        "rmse_median": 3.947328736524157
      }
    },
    "fgsm_2.0": {
      "before": {
        "picp": 0.3059424326833798,
        "mpiw": 6.5626108563356915,
        "mis": 41.01444140152956,
        "pinball": 1.5864083073093338,
        "rmse_median": 5.202499815547417
      },
      "after": {
        "picp": 0.8477251624883937,
        "mpiw": 17.27710564644318,
        "mis": 20.91267778858943,
        "pinball": 1.2342432186362393,
        "rmse_median": 5.202499815547417
      }
    },
    "fgsm_4.0": {
      "before": {
        "picp": 0.1888347260909935,
        "mpiw": 6.813202389462789,
        "mis": 79.46728744507641,
        "pinball": 2.618511602584275,
        "rmse_median": 7.568495830871667
      },
      "after": {
        "picp": 0.846564531104921,
        "mpiw": 26.529670027360208,
        "mis": 32.199551533532805,
        "pinball": 1.8607013294634527,
        "rmse_median": 7.568495830871667
      }
    },
    "level_shift_1.0": {
      "before": {
        "picp": 0.7761142061281338,
        "mpiw": 6.487142055141214,
        "mis": 11.153912365425041,
        "pinball": 0.5801308949761131,
        "rmse_median": 2.4865480360444185
      },
      "after": {
        "picp": 0.8694289693593314,
        "mpiw": 9.309491623913713,
        "mis": 11.689098952782354,
        "pinball": 0.5972669319478624,
        "rmse_median": 2.4865480360444185
      }
    },
    "level_shift_2.0": {
      "before": {
        "picp": 0.6086350974930362,
        "mpiw": 6.506217204616189,
        "mis": 19.8358900026837,
        "pinball": 0.8747004179293798,
        "rmse_median": 3.300207776565128
      },
      "after": {
        "picp": 0.7786675951717734,
        "mpiw": 11.732408486805122,
        "mis": 17.797283264406282,
        "pinball": 0.8655696773015199,
        "rmse_median": 3.300207776565128
      }
    },
    "level_shift_4.0": {
      "before": {
        "picp": 0.36803621169916434,
        "mpiw": 6.651420064082923,
        "mis": 48.815377204262006,
        "pinball": 1.7440851932477286,
        "rmse_median": 5.610062060598982
      },
      "after": {
        "picp": 0.7275998142989787,
        "mpiw": 18.452914017667407,
        "mis": 31.088728840834566,
        "pinball": 1.493642444232359,
        "rmse_median": 5.610062060598982
      }
    },
    "point_spike_1.0": {
      "before": {
        "picp": 0.8987929433611885,
        "mpiw": 6.4915782419236585,
        "mis": 8.615161430513698,
        "pinball": 0.4673930736448645,
        "rmse_median": 2.2067094002702
      },
      "after": {
        "picp": 0.9441736304549675,
        "mpiw": 8.85821740351589,
        "mis": 10.033736171754652,
        "pinball": 0.4984342777536423,
        "rmse_median": 2.2067094002702
      }
    },
    "point_spike_2.0": {
      "before": {
        "picp": 0.8979805013927576,
        "mpiw": 6.492854804215968,
        "mis": 8.6439274166201,
        "pinball": 0.46875083609298324,
        "rmse_median": 2.2117918724407613
      },
      "after": {
        "picp": 0.9442896935933147,
        "mpiw": 8.944088173666803,
        "mis": 10.096985931223228,
        "pinball": 0.5012642063500766,
        "rmse_median": 2.2117918724407613
      }
    },
    "point_spike_4.0": {
      "before": {
        "picp": 0.8971680594243269,
        "mpiw": 6.493973468875096,
        "mis": 8.729455871458516,
        "pinball": 0.472006230047803,
        "rmse_median": 2.2254465131083228
      },
      "after": {
        "picp": 0.9447539461467038,
        "mpiw": 9.177821075440379,
        "mis": 10.326286508727796,
        "pinball": 0.5090766688775331,
        "rmse_median": 2.2254465131083228
      }
    }
  }
}