{
  "model": "qtransformer",
  "method": "input_tau",
  "alpha": 0.1,
  "fit_on": [
    "clean",
    "clock_skew_1.0",
    "clock_skew_2.0",
    "clock_skew_4.0",
    "contextual_outlier_1.0",
    "contextual_outlier_2.0",
    "contextual_outlier_4.0",
    "drift_1.0",
    "drift_2.0",
    "drift_4.0",
    "fgsm_1.0",
    "fgsm_2.0",
    "fgsm_4.0",
    "flatline_1.0",
    "flatline_2.0",
    "flatline_4.0",
    "gap_imputation_1.0",
    "gap_imputation_2.0",
    "gap_imputation_4.0",
    "level_shift_1.0",
    "level_shift_2.0",
    "level_shift_4.0",
    "noise_burst_1.0",
    "noise_burst_2.0",
    "noise_burst_4.0",
    "point_spike_1.0",
    "point_spike_2.0",
    "point_spike_4.0"
  ],
  "params": {
    "n_features": 6,
    "regressor": "HistGradientBoostingRegressor"
  },
  "settings": {
    "clean": {
      "before": {
        "picp": 0.9048282265552461,
        "mpiw": 7.486732339481373,
        "mis": 9.48621477978658,
        "pinball": 0.5110080486176924,
        "rmse_median": 2.430435930314456
      },
      "after": {
        "picp": 0.9741179201485608,
        "mpiw": 11.344243957794964,
        "mis": 11.828847927717412,
        "pinball": 0.5666341076823513,
        "rmse_median": 2.430435930314456
      }
    },
    "clock_skew_1.0": {
      "before": {
        "picp": 0.8003714020427113,
        "mpiw": 7.4998238545265945,
        "mis": 12.52791587131813,
        "pinball": 0.6377007679429921,
        "rmse_median": 2.8123687006016853
      },
      "after": {
        "picp": 0.9188718662952646,
        "mpiw": 11.511150873476636,
        "mis": 13.061534448206766,
        "pinball": 0.6608495880503049,
        "rmse_median": 2.8123687006016853
      }
    },
    "clock_skew_2.0": {
      "before": {
        "picp": 0.6954503249767874,
        "mpiw": 7.622361792831592,
        "mis": 19.439482727230168,
        "pinball": 0.8840334879457085,
        "rmse_median": 3.5950634185873795
      },
      "after": {
        "picp": 0.8584029712163417,
        "mpiw": 12.878376193138752,
        "mis": 16.914621501244564,
        "pinball": 0.859008671461118,
        "rmse_median": 3.5950634185873795
      }
    },
    "clock_skew_4.0": {
      "before": {
        "picp": 0.5567548746518106,
        "mpiw": 7.6748018636261515,
        "mis": 36.541924083432185,
        "pinball": 1.4047835643869477,
        "rmse_median": 5.1250120892802515
      },
      "after": {
        "picp": 0.7653203342618384,
        "mpiw": 14.508512931534966,
        "mis": 25.436279859111846,
        "pinball": 1.248887478223915,
        "rmse_median": 5.1250120892802515
      }
    },
    "contextual_outlier_1.0": {
      "before": {
        "picp": 0.9041318477251625,
        "mpiw": 7.494835418722845,
        "mis": 9.48859764495551,
        "pinball": 0.5108354128250645,
        "rmse_median": 2.4312445432624323
      },
      "after": {
        "picp": 0.9750464252553389,
        "mpiw": 11.353040234325002,
        "mis": 11.789613611302812,
        "pinball": 0.5654848993014726,
        "rmse_median": 2.4312445432624323
      }
    },
    "contextual_outlier_2.0": {
      "before": {
        "picp": 0.9028551532033426,
        "mpiw": 7.519390736874552,
        "mis": 9.533278862475989,
        "pinball": 0.5140593688123631,
        "rmse_median": 2.4428348211945976
      },
      "after": {
        "picp": 0.9745821727019499,
        "mpiw": 11.41179374201686,
        "mis": 11.839619200142373,
        "pinball": 0.5687779987004055,
        "rmse_median": 2.4428348211945976
      }
    },
    "contextual_outlier_4.0": {
      "before": {
        "picp": 0.8949628597957289,
        "mpiw": 7.639394723229318,
        "mis": 10.213721809895725,
        "pinball": 0.5385160643683254,
        "rmse_median": 2.55602516482187
      },
      "after": {
        "picp": 0.9728412256267409,
        "mpiw": 11.92978334316684,
        "mis": 12.39697352718448,
        "pinball": 0.596258545236689,
        "rmse_median": 2.55602516482187
      }
    },
    "drift_1.0": {
      "before": {
        "picp": 0.7058960074280408,
        "mpiw": 7.541105231605287,
        "mis": 16.193474001429927,
        "pinball": 0.7922337634642231,
        "rmse_median": 3.281283967129143
      },
      "after": {
        "picp": 0.8488857938718662,
        "mpiw": 12.456911150093083,
        "mis": 15.845416477249993,
        "pinball": 0.7963392208360852,
        "rmse_median": 3.281283967129143
      }
    },
    "drift_2.0": {
      "before": {
        "picp": 0.49419684308263695,
        "mpiw": 7.763959094396725,
        "mis": 33.60622374996942,
        "pinball": 1.3821601851905425,
        "rmse_median": 4.943593025803568
      },
      "after": {
        "picp": 0.7590529247910863,
        "mpiw": 16.192973623005127,
        "mis": 25.607387319197123,
        "pinball": 1.2641853865383001,
        "rmse_median": 4.943593025803568
      }
    },
    "drift_4.0": {
      "before": {
        "picp": 0.2720519962859796,
        "mpiw": 8.613078684538811,
        "mis": 77.76351071999721,
        "pinball": 2.7262520010829228,
        "rmse_median": 8.47151536030615
      },
      "after": {
        "picp": 0.7091457753017641,
        "mpiw": 25.93265155112265,
        "mis": 45.79555635625012,
        "pinball": 2.2177065095429223,
        "rmse_median": 8.47151536030615
      }
    },
    "fgsm_1.0": {
      "before": {
        "picp": 0.44962859795728877,
        "mpiw": 8.168773930745202,
        "mis": 35.12737902892163,
        "pinball": 1.4907979990154863,
        "rmse_median": 5.475822598906664
      },
      "after": {
        "picp": 0.8218430826369545,
        "mpiw": 17.000336400657105,
        "mis": 21.828342317140503,
        "pinball": 1.251189735435459,
        "rmse_median": 5.475822598906664
      }
    },
    "fgsm_2.0": {
      "before": {
        "picp": 0.37058960074280406,
        "mpiw": 8.799568024625536,
        "mis": 57.424778079874315,
        "pinball": 2.1346619082629226,
        "rmse_median": 7.154523365296659
      },
      "after": {
        "picp": 0.8243964716805943,
        "mpiw": 24.749421867348737,
        "mis": 31.667015143730808,
        "pinball": 1.7228456854190235,
        "rmse_median": 7.154523365296659
      }
    },
    "fgsm_4.0": {
      "before": {
        "picp": 0.3097725162488394,
        "mpiw": 9.40516746551645,
        "mis": 99.09648032519054,
        "pinball": 3.283980151273235,
        "rmse_median": 10.317281276081209
      },
      "after": {
        "picp": 0.85677808727948,
        "mpiw": 37.59723578799866,
        "mis": 48.4675204270979,
        "pinball": 2.5382749316861664,
        "rmse_median": 10.317281276081209
      }
    },
    "flatline_1.0": {
      "before": {
        "picp": 0.6646935933147632,
        "mpiw": 7.894759368632623,
        "mis": 25.278451851934115,
        "pinball": 1.0512486336367757,
        "rmse_median": 4.041702640193585
      },
      "after": {
        "picp": 0.8768570102135562,
        "mpiw": 19.074689589997597,
        "mis": 24.144837209812575,
        "pinball": 1.0979760479272067,
        "rmse_median": 4.041702640193585
      }
    },
    "flatline_2.0": {
      "before": {
        "picp": 0.6471680594243269,
        "mpiw": 7.648051784682649,
        "mis": 23.75712775641287,
        "pinball": 1.0113721339582387,
        "rmse_median": 3.849551549714123
      },
      "after": {
        "picp": 0.8577065923862581,
        "mpiw": 16.45488229197416,
        "mis": 22.00220002854509,
        "pinball": 1.024894203608617,
        "rmse_median": 3.849551549714123
      }
    },
    "flatline_4.0": {
      "before": {
        "picp": 0.5892525533890436,
        "mpiw": 6.896331957741235,
        "mis": 26.422522513408484,
        "pinball": 1.0874002864748744,
        "rmse_median": 4.240591204223851
      },
      "after": {
        "picp": 0.8515552460538532,
        "mpiw": 13.384219846510137,
        "mis": 19.40681773750946,