{
  "model": "deepar",
  "method": "detect_clean",
  "alpha": 0.1,
  "filter": "hampel(window=12, n_sigmas=3.0)",
  "settings": {
    "clean": {
      "before": {
        "picp": 0.8523676880222841,
        "mpiw": 7.4989793694948,
        "mis": 10.980776207339314,
        "pinball": 0.5834213258533655,
        "rmse_median": 2.69082310748601
      },
      "after": {
        "picp": 0.790041782729805,
        "mpiw": 7.772813705159109,
        "mis": 17.690774173100074,
        "pinball": 0.7889846790616495,
        "rmse_median": 3.502499019818107
      }
    },
    "contextual_outlier_1.0": {
      "before": {
        "picp": 0.8510909935004642,
        "mpiw": 7.499779695811349,
        "mis": 10.981093111160702,
        "pinball": 0.5840339905818126,
        "rmse_median": 2.693126591084596
      },
      "after": {
        "picp": 0.791782729805014,
        "mpiw": 7.7497914852291805,
        "mis": 17.5487463717272,
        "pinball": 0.7836969809345351,
        "rmse_median": 3.4811978636858254
      }
    },
    "contextual_outlier_2.0": {
      "before": {
        "picp": 0.8479572887650882,
        "mpiw": 7.504398324705928,
        "mis": 11.022412385423674,
        "pinball": 0.5864521403258376,
        "rmse_median": 2.7022816262844502
      },
      "after": {
        "picp": 0.7910863509749304,
        "mpiw": 7.751830748737982,
        "mis": 17.46988706857417,
        "pinball": 0.7819767881384233,
        "rmse_median": 3.4770330478675957
      }
    },
    "contextual_outlier_4.0": {
      "before": {
        "picp": 0.8442432683379758,
        "mpiw": 7.538632625958382,
        "mis": 11.176260598509453,
        "pinball": 0.5928598601485121,
        "rmse_median": 2.7309673858053474
      },
      "after": {
        "picp": 0.791782729805014,
        "mpiw": 7.764966425556372,
        "mis": 17.463507064650152,
        "pinball": 0.782825299983779,
        "rmse_median": 3.4839406708604614
      }
    },
    "fgsm_1.0": {
      "before": {
        "picp": 0.4803853296193129,
        "mpiw": 9.155429754449937,
        "mis": 44.19821832761063,
        "pinball": 1.6919061184672053,
        "rmse_median": 6.001582472582778
      },
      "after": {
        "picp": 0.48978644382544106,
        "mpiw": 8.895528271639936,
        "mis": 41.78692465839959,
        "pinball": 1.6266544872666382,
        "rmse_median": 5.880953201048614
      }
    },
    "fgsm_2.0": {
      "before": {
        "picp": 0.4174791086350975,
        "mpiw": 10.705278524401384,
        "mis": 67.91706445990634,
        "pinball": 2.4903554010407563,
        "rmse_median": 8.543424175818656
      },
      "after": {
        "picp": 0.4034354688950789,
        "mpiw": 9.61285309165644,
        "mis": 59.06270161778707,
        "pinball": 2.2059787552862344,
        "rmse_median": 7.680023509218083
      }
    },
    "fgsm_4.0": {
      "before": {
        "picp": 0.4213091922005571,
        "mpiw": 13.279499973276977,
        "mis": 92.65428668797679,
        "pinball": 3.295389942004868,
        "rmse_median": 11.266126546487897
      },
      "after": {
        "picp": 0.28702414113277624,
        "mpiw": 9.780551729532286,
        "mis": 91.881237596431,
        "pinball": 3.1326950612866655,
        "rmse_median": 9.901474234298338
      }
    },
    "level_shift_1.0": {
      "before": {
        "picp": 0.666782729805014,
        "mpiw": 7.618884152067678,
        "mis": 17.742559924183723,
        "pinball": 0.8417449479078883,
        "rmse_median": 3.3989197336940697
      },
      "after": {
        "picp": 0.6499535747446611,
        "mpiw": 7.8432937174279616,
        "mis": 23.13895963531016,
        "pinball": 0.9946630460092406,
        "rmse_median": 4.016096038722964
      }
    },
    "level_shift_2.0": {
      "before": {
        "picp": 0.4726090993500464,
        "mpiw": 7.799976211734117,
        "mis": 35.244689691016056,
        "pinball": 1.4167452285833144,
        "rmse_median": 5.015969806681605
      },
      "after": {
        "picp": 0.48920612813370473,
        "mpiw": 7.950860390488298,
        "mis": 37.62468283810264,
        "pinball": 1.4752121342856939,
        "rmse_median": 5.300789537898483
      }
    },
    "level_shift_4.0": {
      "before": {
        "picp": 0.2675255338904364,
        "mpiw": 7.90788102747504,
        "mis": 85.11371984111433,
        "pinball": 2.8061472066759916,
        "rmse_median": 8.472085129942935
      },
      "after": {
        "picp": 0.2867920148560817,
        "mpiw": 7.92364060070613,
        "mis": 83.11971292636638,
        "pinball": 2.7463238502444383,
        "rmse_median": 8.431105357598927
      }
    },
    "point_spike_1.0": {
      "before": {
        "picp": 0.8512070566388115,
        "mpiw": 7.4976162842566065,
        "mis": 10.999809766513494,
        "pinball": 0.5838124787616444,
        "rmse_median": 2.690246709408183
      },
      "after": {
        "picp": 0.7920148560817084,
        "mpiw": 7.738649728971633,
        "mis": 17.417339514469074,
        "pinball": 0.7799236798574195,
        "rmse_median": 3.4716450228805473
      }
    },
    "point_spike_2.0": {
      "before": {
        "picp": 0.8503946146703807,
        "mpiw": 7.508237208001722,
        "mis": 11.088845375709314,
        "pinball": 0.5869701736016684,
        "rmse_median": 2.7026977107019796
      },
      "after": {
        "picp": 0.7915506035283194,
        "mpiw": 7.757248926969701,
        "mis": 17.602407500426846,
        "pinball": 0.7858539695277091,
        "rmse_median": 3.489176366495946
      }
    },
    "point_spike_4.0": {
      "before": {
        "picp": 0.8448235840297121,
        "mpiw": 7.529113480053638,
        "mis": 11.434329265983532,
        "pinball": 0.5993773813748663,
        "rmse_median": 2.7866816293180734
      },
      "after": {
        "picp": 0.7903899721448467,
        "mpiw": 7.755347371868875,
        "mis": 17.73953082734903,
        "pinball": 0.7906265618672356,
        "rmse_median": 3.5273152784713897
      }
    }
  }
}