{
  "model": "deepar",
  "method": "detect_clean",
  "alpha": 0.1,
  "filter": "hampel(window=12, n_sigmas=3.0)",
  "settings": {
    "clean": {
      "before": {
        "picp": 0.8523676880222841,
        "mpiw": 7.4989793694948,
        "mis": 10.980776207339314,
        "pinball": 0.5834213258533655,
        "rmse_median": 2.69082310748601
      },
      "after": {
        "picp": 0.790041782729805,
        "mpiw": 7.772813705159109,
        "mis": 17.690774173100074,
        "pinball": 0.7889846790616495,
        "rmse_median": 3.502499019818107
      }
    },
    "clock_skew_1.0": {
      "before": {
        "picp": 0.7372330547818013,
        "mpiw": 7.437789401920475,
        "mis": 14.473733906128714,
        "pinball": 0.7216667400957846,
        "rmse_median": 3.103611585956773
      },
      "after": {
        "picp": 0.7084493964716806,
        "mpiw": 7.552856921875273,
        "mis": 18.21774785822822,
        "pinball": 0.8348177028817069,
        "rmse_median": 3.5055988548583916
      }
    },
    "clock_skew_2.0": {
      "before": {
        "picp": 0.6384633240482822,
        "mpiw": 7.435332429447479,
        "mis": 21.75728312002152,
        "pinball": 0.9578058470339359,
        "rmse_median": 3.8152871463003084
      },
      "after": {
        "picp": 0.6296425255338904,
        "mpiw": 7.457230052880581,
        "mis": 23.038750275829358,
        "pinball": 0.9952708137912396,
        "rmse_median": 3.9380075890766384
      }
    },
    "clock_skew_4.0": {
      "before": {
        "picp": 0.5193825441039925,
        "mpiw": 7.620558315637449,
        "mis": 39.040250428394266,
        "pinball": 1.467941743755834,
        "rmse_median": 5.262499164618364
      },
      "after": {
        "picp": 0.5111420612813371,
        "mpiw": 7.6229230688119465,
        "mis": 39.50677184869756,
        "pinball": 1.484212338096224,
        "rmse_median": 5.3132713517584085
      }
    },
    "contextual_outlier_1.0": {
      "before": {
        "picp": 0.8510909935004642,
        "mpiw": 7.499779695811349,
        "mis": 10.981093111160702,
        "pinball": 0.5840339905818126,
        "rmse_median": 2.693126591084596
      },
      "after": {
        "picp": 0.791782729805014,
        "mpiw": 7.7497914852291805,
        "mis": 17.5487463717272,
        "pinball": 0.7836969809345351,
        "rmse_median": 3.4811978636858254
      }
    },
    "contextual_outlier_2.0": {
      "before": {
        "picp": 0.8479572887650882,
        "mpiw": 7.504398324705928,
        "mis": 11.022412385423674,
        "pinball": 0.5864521403258376,
        "rmse_median": 2.7022816262844502
      },
      "after": {
        "picp": 0.7910863509749304,
        "mpiw": 7.751830748737982,
        "mis": 17.46988706857417,
        "pinball": 0.7819767881384233,
        "rmse_median": 3.4770330478675957
      }
    },
    "contextual_outlier_4.0": {
      "before": {
        "picp": 0.8442432683379758,
        "mpiw": 7.538632625958382,
        "mis": 11.176260598509453,
        "pinball": 0.5928598601485121,
        "rmse_median": 2.7309673858053474
      },
      "after": {
        "picp": 0.791782729805014,
        "mpiw": 7.764966425556372,
        "mis": 17.463507064650152,
        "pinball": 0.782825299983779,
        "rmse_median": 3.4839406708604614
      }
    },
    "drift_1.0": {
      "before": {
        "picp": 0.6494893221912721,
        "mpiw": 7.592371970532737,
        "mis": 18.153302285304513,
        "pinball": 0.8532464510020185,
        "rmse_median": 3.42492644432495
      },
      "after": {
        "picp": 0.63347260909935,
        "mpiw": 7.849185810226835,
        "mis": 23.247570042999186,
        "pinball": 0.9971487393634408,
        "rmse_median": 3.967866431935887
      }
    },
    "drift_2.0": {
      "before": {
        "picp": 0.4794568245125348,
        "mpiw": 7.817011649520292,
        "mis": 35.470956802688654,
        "pinball": 1.4131357469573458,
        "rmse_median": 4.9821632316685
      },
      "after": {
        "picp": 0.5067316620241411,
        "mpiw": 7.9829723085779145,
        "mis": 34.78928369120422,
        "pinball": 1.3821994376061977,
        "rmse_median": 4.967813332998261
      }
    },
    "drift_4.0": {
      "before": {
        "picp": 0.276230269266481,
        "mpiw": 8.32930346705678,
        "mis": 80.7579906774699,
        "pinball": 2.735322407898042,
        "rmse_median": 8.401375689496637
      },
      "after": {
        "picp": 0.31963788300835655,
        "mpiw": 8.305075284366415,
        "mis": 70.69333117653272,
        "pinball": 2.4538849860225693,
        "rmse_median": 7.795617383345766
      }
    },
    "fgsm_1.0": {
      "before": {
        "picp": 0.4803853296193129,
        "mpiw": 9.155429754449937,
        "mis": 44.19821832761063,
        "pinball": 1.6919061184672053,
        "rmse_median": 6.001582472582778
      },
      "after": {
        "picp": 0.48978644382544106,
        "mpiw": 8.895528271639936,
        "mis": 41.78692465839959,
        "pinball": 1.6266544872666382,
        "rmse_median": 5.880953201048614
      }
    },
    "fgsm_2.0": {
      "before": {
        "picp": 0.4174791086350975,
        "mpiw": 10.705278524401384,
        "mis": 67.91706445990634,
        "pinball": 2.4903554010407563,
        "rmse_median": 8.543424175818656
      },
      "after": {
        "picp": 0.4034354688950789,
        "mpiw": 9.61285309165644,
        "mis": 59.06270161778707,
        "pinball": 2.2059787552862344,
        "rmse_median": 7.680023509218083
      }
    },
    "fgsm_4.0": {
      "before": {
        "picp": 0.4213091922005571,
        "mpiw": 13.279499973276977,
        "mis": 92.65428668797679,
        "pinball": 3.295389942004868,
        "rmse_median": 11.266126546487897
      },
      "after": {
        "picp": 0.28702414113277624,
        "mpiw": 9.780551729532286,
        "mis": 91.881237596431,
        "pinball": 3.1326950612866655,
        "rmse_median": 9.901474234298338
      }
    },
    "flatline_1.0": {
      "before": {
        "picp": 0.5870473537604457,
        "mpiw": 8.171318429897562,
        "mis": 30.36408217412327,
        "pinball": 1.201192191471774,
        "rmse_median": 4.37728233155306
      },
      "after": {
        "picp": 0.5870473537604457,
        "mpiw": 8.17153287815216,
        "mis": 30.341742996460898,
        "pinball": 1.2002670233884494,
        "rmse_median": 4.374508237564334
      }
    },
    "flatline_2.0": {
      "before": {
        "picp": 0.5930826369545033,
        "mpiw": 8.005875149426988,
        "mis": 28.41622520086718,
        "pinball": 1.138462365071033,
        "rmse_median": 4.1708010925985075
      },
      "after": {
        "picp": 0.5927344475394615,
        "mpiw": 8.010895558282652,
        "mis": 28.455412377940558,
        "pinball": 1.13971813070775,
        "rmse_median": 4.17391686181791
      }
    },
    "flatline_4.0": {
      "before": {
        "picp": 0.5891364902506964,
        "mpiw": 7.371619206356257,
        "mis": 25.64577034121266,
        "pinball": 1.0694032398962514,
        "rmse_median": 4.155645848539142
      },
      "after": {
        "picp": 0.5896007428040855,
        "mpiw": 7.3744173963332305,
        "mis": 25.632943966407396,
        "pinball": 1.06907438649763,
        "rmse_median": 4.154939901951435
      }
    },
    "gap_imputation_1.0": {
      "before": {
        "picp": 0.8531801299907149,
        "mpiw": 7.494911342040774,
        "mis": 10.949659456244019,
        "pinball": 0.5821273279639091,
        "rmse_median": 2.684807939152627
      },
      "after": {
        "picp": 0.792246982358403,
        "mpiw": 7.7307451785667265,
        "mis": 17.14708440036242,
        "pinball": 0.7727647166748798,
        "rmse_median": 3.4425168847042724
      }
    },
    "gap_imputation_2.0": {
      "before": {
        "picp": 0.8519034354688951,
        "mpiw": 7.489946208167193,
        "mis": 11.040965768803538,