{
  "model": "dlinear",
  "method": "detect_clean",
  "alpha": 0.1,
  "filter": "hampel(window=12, n_sigmas=3.0)",
  "settings": {
    "clean": {
      "before": {
        "rmse": 2.514738590825486,
        "mae": 1.8821021037386032
      },
      "after": {
        "rmse": 2.8862612115418047,
        "mae": 2.159253799207569
      }
    },
    "contextual_outlier_1.0": {
      "before": {
        "rmse": 2.5244895884826244,
        "mae": 1.8930909105773805
      },
      "after": {
        "rmse": 2.867208994426276,
        "mae": 2.1471603685424157
      }
    },
    "contextual_outlier_2.0": {
      "before": {
        "rmse": 2.5449058712029333,
        "mae": 1.913394071483051
      },
      "after": {
        "rmse": 2.873883162803304,
        "mae": 2.1544211597105978
      }
    },
    "contextual_outlier_4.0": {
      "before": {
        "rmse": 2.616605468711889,
        "mae": 1.974072789808887
      },
      "after": {
        "rmse": 2.8977561724774854,
        "mae": 2.1676667504109703
      }
    },
    "fgsm_1.0": {
      "before": {
        "rmse": 7.415645368437803,
        "mae": 6.132121562389847
      },
      "after": {
        "rmse": 7.155860688492236,
        "mae": 5.876144708669345
      }
    },
    "fgsm_2.0": {
      "before": {
        "rmse": 12.791389921503717,
        "mae": 10.539913886163372
      },
      "after": {
        "rmse": 11.800591382697183,
        "mae": 9.722509944868037
      }
    },
    "fgsm_4.0": {
      "before": {
        "rmse": 23.680272531921176,
        "mae": 19.385159433401416
      },
      "after": {
        "rmse": 19.837073303688282,
        "mae": 16.406274815508993
      }
    },
    "level_shift_1.0": {
      "before": {
        "rmse": 3.2933938011847506,
        "mae": 2.6508370802076033
      },
      "after": {
        "rmse": 3.565642436465106,
        "mae": 2.816566177533149
      }
    },
    "level_shift_2.0": {
      "before": {
        "rmse": 5.098433550950239,
        "mae": 4.263426928652877
      },
      "after": {
        "rmse": 5.249229771966082,
        "mae": 4.306652404128499
      }
    },
    "level_shift_4.0": {
      "before": {
        "rmse": 9.389586649155563,
        "mae": 8.138013698899837
      },
      "after": {
        "rmse": 9.418415784653439,
        "mae": 8.039094192555678
      }
    },
    "point_spike_1.0": {
      "before": {
        "rmse": 2.5192951828088606,
        "mae": 1.8883291396336521
      },
      "after": {
        "rmse": 2.8544973315903612,
        "mae": 2.1379517366549305
      }
    },
    "point_spike_2.0": {
      "before": {
        "rmse": 2.5298752977821493,
        "mae": 1.9000306076851878
      },
      "after": {
        "rmse": 2.861050409297795,
        "mae": 2.1416187637390225
      }
    },
    "point_spike_4.0": {
      "before": {
        "rmse": 2.568766095833711,
        "mae": 1.9368546298683045
      },
      "after": {
        "rmse": 2.8711672739676395,
        "mae": 2.1521748836420755
      }
    }
  }
}