{
  "model": "gru",
  "method": "detect_clean",
  "alpha": 0.1,
  "filter": "hampel(window=12, n_sigmas=3.0)",
  "settings": {
    "clean": {
      "before": {
        "rmse": 2.385688904004174,
        "mae": 1.7710868720678465
      },
      "after": {
        "rmse": 2.698420889395302,
        "mae": 2.012545061930635
      }
    },
    "contextual_outlier_1.0": {
      "before": {
        "rmse": 2.3851942397477353,
        "mae": 1.7698592723921973
      },
      "after": {
        "rmse": 2.686567469338587,
        "mae": 2.001738309106962
      }
    },
    "contextual_outlier_2.0": {
      "before": {
        "rmse": 2.3914124476125154,
        "mae": 1.7740896880747634
      },
      "after": {
        "rmse": 2.686067697464412,
        "mae": 1.9979851088457319
      }
    },
    "contextual_outlier_4.0": {
      "before": {
        "rmse": 2.425809233994077,
        "mae": 1.7964036816792923
      },
      "after": {
        "rmse": 2.6913276461051665,
        "mae": 1.9991819223937815
      }
    },
    "fgsm_1.0": {
      "before": {
        "rmse": 5.416768389804388,
        "mae": 4.531596768163315
      },
      "after": {
        "rmse": 5.299659290462121,
        "mae": 4.445633813941064
      }
    },
    "fgsm_2.0": {
      "before": {
        "rmse": 7.618147849295862,
        "mae": 6.567045997554651
      },
      "after": {
        "rmse": 7.325897572518519,
        "mae": 6.3149105436383515
      }
    },
    "fgsm_4.0": {
      "before": {
        "rmse": 10.61480291561881,
        "mae": 9.343070757933463
      },
      "after": {
        "rmse": 10.749044613534855,
        "mae": 9.441047516067917
      }
    },
    "level_shift_1.0": {
      "before": {
        "rmse": 3.1304532037935107,
        "mae": 2.537710777218541
      },
      "after": {
        "rmse": 3.336848598800734,
        "mae": 2.673415254193358
      }
    },
    "level_shift_2.0": {
      "before": {
        "rmse": 4.7753619281943696,
        "mae": 4.038861206968213
      },
      "after": {
        "rmse": 4.830325025328112,
        "mae": 4.038119222702008
      }
    },
    "level_shift_4.0": {
      "before": {
        "rmse": 8.475684710972143,
        "mae": 7.42098342140445
      },
      "after": {
        "rmse": 8.392530174889563,
        "mae": 7.281411913374908
      }
    },
    "point_spike_1.0": {
      "before": {
        "rmse": 2.3853719264775792,
        "mae": 1.7713291996080751
      },
      "after": {
        "rmse": 2.679363972283937,
        "mae": 1.9973928756688857
      }
    },
    "point_spike_2.0": {
      "before": {
        "rmse": 2.3879363680524888,
        "mae": 1.7730261281271813
      },
      "after": {
        "rmse": 2.682227247408009,
        "mae": 1.9984511883120086
      }
    },
    "point_spike_4.0": {
      "before": {
        "rmse": 2.4020373587730504,
        "mae": 1.7809304364092935
      },
      "after": {
        "rmse": 2.6913252868704363,
        "mae": 2.004852300601851
      }
    }
  }
}