{
  "model": "lgbm",
  "method": "detect_clean",
  "alpha": 0.1,
  "filter": "hampel(window=12, n_sigmas=3.0)",
  "settings": {
    "clean": {
      "before": {
        "picp": 0.8657149489322191,
        "mpiw": 8.261693284259573,
        "mis": 11.631704378735073,
        "pinball": 0.5960347446030304,
        "rmse_median": 2.7314739466889137
      },
      "after": {
        "picp": 0.8221912720519963,
        "mpiw": 8.250358721856724,
        "mis": 14.454344456843852,
        "pinball": 0.6933194859686908,
        "rmse_median": 3.065640807726762
      }
    },
    "contextual_outlier_1.0": {
      "before": {
        "picp": 0.8650185701021356,
        "mpiw": 8.266536265899754,
        "mis": 11.633888757136214,
        "pinball": 0.5959835702070435,
        "rmse_median": 2.730626389621464
      },
      "after": {
        "picp": 0.822539461467038,
        "mpiw": 8.243928229854653,
        "mis": 14.387508246717607,
        "pinball": 0.6899893721909522,
        "rmse_median": 3.0485067475242285
      }
    },
    "contextual_outlier_2.0": {
      "before": {
        "picp": 0.8638579387186629,
        "mpiw": 8.290271353029905,
        "mis": 11.648193142856933,
        "pinball": 0.5978980337391074,
        "rmse_median": 2.733405062075704
      },
      "after": {
        "picp": 0.8234679665738162,
        "mpiw": 8.248785025654913,
        "mis": 14.3479097259291,
        "pinball": 0.688087972981626,
        "rmse_median": 3.039356716466861
      }
    },
    "contextual_outlier_4.0": {
      "before": {
        "picp": 0.8645543175487466,
        "mpiw": 8.37514384050172,
        "mis": 11.742865535730248,
        "pinball": 0.6025465177460616,
        "rmse_median": 2.7497976317788027
      },
      "after": {
        "picp": 0.8254410399257196,
        "mpiw": 8.239615730068103,
        "mis": 14.355897516282615,
        "pinball": 0.6858598373720233,
        "rmse_median": 3.028124665998466
      }
    },
    "level_shift_1.0": {
      "before": {
        "picp": 0.7435004642525533,
        "mpiw": 8.43875764356541,
        "mis": 16.681296130526082,
        "pinball": 0.800539618102141,
        "rmse_median": 3.299152374264573
      },
      "after": {
        "picp": 0.7212163416898792,
        "mpiw": 8.39438182305277,
        "mis": 18.817743319051317,
        "pinball": 0.8738401159771328,
        "rmse_median": 3.5856888220626475
      }
    },
    "level_shift_2.0": {
      "before": {
        "picp": 0.5579155060352832,
        "mpiw": 8.559400814080124,
        "mis": 31.001919737757778,
        "pinball": 1.30638869995445,
        "rmse_median": 4.8383274941291505
      },
      "after": {
        "picp": 0.5550139275766016,
        "mpiw": 8.466201751858208,
        "mis": 31.94488780466166,
        "pinball": 1.3307188050134038,
        "rmse_median": 4.959121673486105
      }
    },
    "level_shift_4.0": {
      "before": {
        "picp": 0.3386722376973073,
        "mpiw": 9.196047625229708,
        "mis": 71.12894676612994,
        "pinball": 2.521075744565081,
        "rmse_median": 8.20495464406828
      },
      "after": {
        "picp": 0.34052924791086353,
        "mpiw": 9.005095945770362,
        "mis": 70.24577798692015,
        "pinball": 2.482427910594519,
        "rmse_median": 8.134995447461513
      }
    },
    "point_spike_1.0": {
      "before": {
        "picp": 0.8646703806870938,
        "mpiw": 8.261966682117915,
        "mis": 11.635412477567805,
        "pinball": 0.5962508012372517,
        "rmse_median": 2.7283782926027462
      },
      "after": {
        "picp": 0.8246285979572887,
        "mpiw": 8.243137019534045,
        "mis": 14.32732259029655,
        "pinball": 0.6872107173766414,
        "rmse_median": 3.038963225854493
      }
    },
    "point_spike_2.0": {
      "before": {
        "picp": 0.864786443825441,
        "mpiw": 8.282637274329018,
        "mis": 11.661349636971249,
        "pinball": 0.5975946416186156,
        "rmse_median": 2.7314471006451
      },
      "after": {
        "picp": 0.8227715877437326,
        "mpiw": 8.249425847976928,
        "mis": 14.402246185344818,
        "pinball": 0.6893997570289498,
        "rmse_median": 3.04336004506924
      }
    },
    "point_spike_4.0": {
      "before": {
        "picp": 0.8651346332404828,
        "mpiw": 8.316309192994485,
        "mis": 11.699595971631007,
        "pinball": 0.5999606436295387,
        "rmse_median": 2.748599416336183
      },
      "after": {
        "picp": 0.8246285979572887,
        "mpiw": 8.248985532633204,
        "mis": 14.395230386409251,
        "pinball": 0.6893549902762542,
        "rmse_median": 3.0532336518037977
      }
    }
  }
}