{
  "model": "lgbm",
  "method": "detect_clean",
  "alpha": 0.1,
  "filter": "hampel(window=12, n_sigmas=3.0)",
  "settings": {
    "clean": {
      "before": {
        "picp": 0.8657149489322191,
        "mpiw": 8.261693284259573,
        "mis": 11.631704378735073,
        "pinball": 0.5960347446030304,
        "rmse_median": 2.7314739466889137
      },
      "after": {
        "picp": 0.8221912720519963,
        "mpiw": 8.250358721856724,
        "mis": 14.454344456843852,
        "pinball": 0.6933194859686908,
        "rmse_median": 3.065640807726762
      }
    },
    "clock_skew_1.0": {
      "before": {
        "picp": 0.7886490250696379,
        "mpiw": 8.199411643507243,
        "mis": 13.792766809566778,
        "pinball": 0.6846814878025954,
        "rmse_median": 2.972726545005999
      },
      "after": {
        "picp": 0.76822191272052,
        "mpiw": 8.17620058874535,
        "mis": 15.384396975423394,
        "pinball": 0.7396456371097662,
        "rmse_median": 3.154882612406602
      }
    },
    "clock_skew_2.0": {
      "before": {
        "picp": 0.6951021355617456,
        "mpiw": 7.993913122371861,
        "mis": 19.441927799494024,
        "pinball": 0.8831660751737186,
        "rmse_median": 3.584184620620548
      },
      "after": {
        "picp": 0.689066852367688,
        "mpiw": 7.964792568613453,
        "mis": 20.169292110759674,
        "pinball": 0.9040693592416679,
        "rmse_median": 3.645462370694543
      }
    },
    "clock_skew_4.0": {
      "before": {
        "picp": 0.5908774373259053,
        "mpiw": 7.813483853022531,
        "mis": 30.84596458380513,
        "pinball": 1.2976185816901806,
        "rmse_median": 4.9484386501705995
      },
      "after": {
        "picp": 0.5756731662024142,
        "mpiw": 7.71638682865563,
        "mis": 32.171261292028305,
        "pinball": 1.3394771054368124,
        "rmse_median": 5.081229689245662
      }
    },
    "contextual_outlier_1.0": {
      "before": {
        "picp": 0.8650185701021356,
        "mpiw": 8.266536265899754,
        "mis": 11.633888757136214,
        "pinball": 0.5959835702070435,
        "rmse_median": 2.730626389621464
      },
      "after": {
        "picp": 0.822539461467038,
        "mpiw": 8.243928229854653,
        "mis": 14.387508246717607,
        "pinball": 0.6899893721909522,
        "rmse_median": 3.0485067475242285
      }
    },
    "contextual_outlier_2.0": {
      "before": {
        "picp": 0.8638579387186629,
        "mpiw": 8.290271353029905,
        "mis": 11.648193142856933,
        "pinball": 0.5978980337391074,
        "rmse_median": 2.733405062075704
      },
      "after": {
        "picp": 0.8234679665738162,
        "mpiw": 8.248785025654913,
        "mis": 14.3479097259291,
        "pinball": 0.688087972981626,
        "rmse_median": 3.039356716466861
      }
    },
    "contextual_outlier_4.0": {
      "before": {
        "picp": 0.8645543175487466,
        "mpiw": 8.37514384050172,
        "mis": 11.742865535730248,
        "pinball": 0.6025465177460616,
        "rmse_median": 2.7497976317788027
      },
      "after": {
        "picp": 0.8254410399257196,
        "mpiw": 8.239615730068103,
        "mis": 14.355897516282615,
        "pinball": 0.6858598373720233,
        "rmse_median": 3.028124665998466
      }
    },
    "drift_1.0": {
      "before": {
        "picp": 0.7389740018570102,
        "mpiw": 8.314399167580863,
        "mis": 16.129027861609202,
        "pinball": 0.8024030314741776,
        "rmse_median": 3.384433313547297
      },
      "after": {
        "picp": 0.7166898792943361,
        "mpiw": 8.249170882867231,
        "mis": 17.80709583307939,
        "pinball": 0.8579309729530212,
        "rmse_median": 3.5304107398418836
      }
    },
    "drift_2.0": {
      "before": {
        "picp": 0.590761374187558,
        "mpiw": 8.673402567458309,
        "mis": 27.8409306006422,
        "pinball": 1.252677753221769,
        "rmse_median": 4.750928599299942
      },
      "after": {
        "picp": 0.5979572887650882,
        "mpiw": 8.489033902539163,
        "mis": 26.90249623063982,
        "pinball": 1.2126783971898554,
        "rmse_median": 4.592460202859485
      }
    },
    "drift_4.0": {
      "before": {
        "picp": 0.3797585886722377,
        "mpiw": 9.699387912568387,
        "mis": 58.03004237505565,
        "pinball": 2.2513549543267497,
        "rmse_median": 7.445655296759896
      },
      "after": {
        "picp": 0.4022748375116063,
        "mpiw": 9.257583610958365,
        "mis": 53.64039904617149,
        "pinball": 2.0969741295482316,
        "rmse_median": 7.064903399820886
      }
    },
    "flatline_1.0": {
      "before": {
        "picp": 0.7006731662024142,
        "mpiw": 8.20308540919096,
        "mis": 21.51668021689513,
        "pinball": 0.9618155411916965,
        "rmse_median": 3.783552720887296
      },
      "after": {
        "picp": 0.6988161559888579,
        "mpiw": 8.167038606696766,
        "mis": 21.596135204104378,
        "pinball": 0.9619807182873815,
        "rmse_median": 3.7779132982460446
      }
    },
    "flatline_2.0": {
      "before": {
        "picp": 0.664113277623027,
        "mpiw": 7.933075723691707,
        "mis": 22.052254571306438,
        "pinball": 0.9750572804633096,
        "rmse_median": 3.7866886385338274
      },
      "after": {
        "picp": 0.6588904363974002,
        "mpiw": 7.918447426496521,
        "mis": 22.208998945104703,
        "pinball": 0.9787454063436484,
        "rmse_median": 3.786528984855138
      }
    },
    "flatline_4.0": {
      "before": {
        "picp": 0.5096332404828227,
        "mpiw": 6.313214886835688,
        "mis": 33.70651099782251,
        "pinball": 1.2517575579651687,
        "rmse_median": 4.602392943406315
      },
      "after": {
        "picp": 0.5095171773444754,
        "mpiw": 6.311305571864696,
        "mis": 33.7158342462597,
        "pinball": 1.2518744859329858,
        "rmse_median": 4.602901524048696
      }
    },
    "gap_imputation_1.0": {
      "before": {
        "picp": 0.8624651810584958,
        "mpiw": 8.255455557382135,
        "mis": 11.673591987292388,
        "pinball": 0.5970089282792646,
        "rmse_median": 2.727422587777997
      },
      "after": {
        "picp": 0.8212627669452182,
        "mpiw": 8.239817229645048,
        "mis": 14.294546007516448,
        "pinball": 0.6875105735172286,
        "rmse_median": 3.0384485828594725
      }
    },
    "gap_imputation_2.0": {
      "before": {
        "picp": 0.8471448467966574,
        "mpiw": 8.190479579730459,
        "mis": 12.34767738765764,
        "pinball": 0.6222001950044601,
        "rmse_median": 2.8340875764824203
      },
      "after": {
        "picp": 0.8068709377901578,
        "mpiw": 8.135948461142515,
        "mis": 14.94865278377776,
        "pinball": 0.707716641365859,
        "rmse_median": 3.1012169296982823
      }
    },
    "gap_imputation_4.0": {
      "before": {
        "picp": 0.834958217270195,
        "mpiw": 8.197253286781388,
        "mis": 12.819183611719536,
        "pinball": 0.6477457548290283,
        "rmse_median": 2.9491581122863044
      },
      "after": {
        "picp": 0.7903899721448467,
        "mpiw": 8.084199040415236,
        "mis": 16.31302677398173,
        "pinball": 0.7539323633994345,
        "rmse_median": 3.2736554556273925
      }
    },
    "level_shift_1.0": {
      "before": {
        "picp": 0.7435004642525533,
        "mpiw": 8.43875764356541,
        "mis": 16.681296130526082,
        "pinball": 0.800539618102141,
        "rmse_median": 3.299152374264573
      },
      "after": {
        "picp": 0.7212163416898792,
        "mpiw": 8.39438182305277,
        "mis": 18.817743319051317,
        "pinball": 0.8738401159771328,
        "rmse_median": 3.5856888220626475
      }
    },
    "level_shift_2.0": {
      "before": {
        "picp": 0.5579155060352832,
        "mpiw": 8.559400814080124,
        "mis": 31.001919737757778,