{
  "model": "lstm",
  "method": "detect_clean",
  "alpha": 0.1,
  "filter": "hampel(window=12, n_sigmas=3.0)",
  "settings": {
    "clean": {
      "before": {
        "rmse": 2.429427885924916,
        "mae": 1.8085464754426905
      },
      "after": {
        "rmse": 2.783362758594677,
        "mae": 2.0762201043661213
      }
    },
    "clock_skew_1.0": {
      "before": {
        "rmse": 2.806304680556021,
        "mae": 2.1675044644937786
      },
      "after": {
        "rmse": 2.9580774217039343,
        "mae": 2.2853083635832303
      }
    },
    "clock_skew_2.0": {
      "before": {
        "rmse": 3.6635124496262557,
        "mae": 2.8972087795189116
      },
      "after": {
        "rmse": 3.71292747676422,
        "mae": 2.9365917595092896
      }
    },
    "clock_skew_4.0": {
      "before": {
        "rmse": 5.227456615354992,
        "mae": 4.185827873861708
      },
      "after": {
        "rmse": 5.409402850905795,
        "mae": 4.308074350692099
      }
    },
    "contextual_outlier_1.0": {
      "before": {
        "rmse": 2.427753860629163,
        "mae": 1.806938841190623
      },
      "after": {
        "rmse": 2.759569708266894,
        "mae": 2.0607594403614002
      }
    },
    "contextual_outlier_2.0": {
      "before": {
        "rmse": 2.4328317533054125,
        "mae": 1.811094909083934
      },
      "after": {
        "rmse": 2.7598077980741644,
        "mae": 2.059551567506897
      }
    },
    "contextual_outlier_4.0": {
      "before": {
        "rmse": 2.4610086177645294,
        "mae": 1.8299268341377255
      },
      "after": {
        "rmse": 2.76325992424277,
        "mae": 2.062829929924695
      }
    },
    "drift_1.0": {
      "before": {
        "rmse": 3.3132682151679513,
        "mae": 2.6869358974041444
      },
      "after": {
        "rmse": 3.422409600497172,
        "mae": 2.774376622313461
      }
    },
    "drift_2.0": {
      "before": {
        "rmse": 4.993413644436023,
        "mae": 4.252469111690612
      },
      "after": {
        "rmse": 4.739591911044603,
        "mae": 3.996403297225807
      }
    },
    "drift_4.0": {
      "before": {
        "rmse": 8.718065815973155,
        "mae": 7.745080276305521
      },
      "after": {
        "rmse": 8.05622615489218,
        "mae": 7.06346231119248
      }
    },
    "fgsm_1.0": {
      "before": {
        "rmse": 5.3643992177404485,
        "mae": 4.528409931473489
      },
      "after": {
        "rmse": 5.351622332440243,
        "mae": 4.497109889610348
      }
    },
    "fgsm_2.0": {
      "before": {
        "rmse": 7.452586543154293,
        "mae": 6.499985187841725
      },
      "after": {
        "rmse": 7.273069140869863,
        "mae": 6.288047952382825
      }
    },
    "fgsm_4.0": {
      "before": {
        "rmse": 10.545252007684086,
        "mae": 9.358995807052109
      },
      "after": {
        "rmse": 10.27385132040145,
        "mae": 9.004846080214618
      }
    },
    "flatline_1.0": {
      "before": {
        "rmse": 3.938517483075912,
        "mae": 3.1488909965282716
      },
      "after": {
        "rmse": 3.9314797307512515,
        "mae": 3.1407565486937554
      }
    },
    "flatline_2.0": {
      "before": {
        "rmse": 3.770710524189133,
        "mae": 3.034962159691304
      },
      "after": {
        "rmse": 3.773301221562408,
        "mae": 3.039344118229337
      }
    },
    "flatline_4.0": {
      "before": {
        "rmse": 4.12675561052076,
        "mae": 3.2028375774816906
      },
      "after": {
        "rmse": 4.1290245743356735,
        "mae": 3.203853430155844
      }
    },
    "gap_imputation_1.0": {
      "before": {
        "rmse": 2.435321393964893,
        "mae": 1.812965293364682
      },
      "after": {
        "rmse": 2.770952667166986,
        "mae": 2.068765055343084
      }
    },
    "gap_imputation_2.0": {
      "before": {
        "rmse": 2.4681071469295017,
        "mae": 1.83500838667736
      },
      "after": {
        "rmse": 2.7845829057092852,
        "mae": 2.0708912836513194
      }
    },
    "gap_imputation_4.0": {
      "before": {
        "rmse": 2.4847621381823832,
        "mae": 1.8405469014818623
      },
      "after": {
        "rmse": 2.9097061604263383,
        "mae": 2.162444231640436
      }
    },
    "level_shift_1.0": {
      "before": {
        "rmse": 3.193681178917759,
        "mae": 2.604385057014605
      },
      "after": {
        "rmse": 3.4314294459591945,
        "mae": 2.7445574921044695
      }
    },
    "level_shift_2.0": {
      "before": {
        "rmse": 4.935117730681384,
        "mae": 4.189704393322378
      },
      "after": {
        "rmse": 5.0299554532456225,
        "mae": 4.210226203188539
      }
    },
    "level_shift_4.0": {
      "before": {
        "rmse": 8.903531241800483,
        "mae": 7.806179543713662
      },
      "after": {
        "rmse": 8.831853515549735,
        "mae": 7.676957236891631
      }
    },
    "noise_burst_1.0": {
      "before": {
        "rmse": 2.456794934774484,
        "mae": 1.8281346046078177
      },
      "after": {
        "rmse": 2.686480218887366,
        "mae": 1.99296652120858
      }
    },
    "noise_burst_2.0": {
      "before": {
        "rmse": 2.5215879452381906,
        "mae": 1.8761842768213335
      },
      "after": {
        "rmse": 2.718839250848533,
        "mae": 2.016333464564194
      }
    },
    "noise_burst_4.0": {
      "before": {
        "rmse": 2.7345244037053793,
        "mae": 2.018737096712815
      },
      "after": {
        "rmse": 2.8092186678285995,
        "mae": 2.085346411899
      }
    },
    "point_spike_1.0": {
      "before": {
        "rmse": 2.4307338617313863,
        "mae": 1.8098566109987733
      },
      "after": {
        "rmse": 2.7548868779951743,
        "mae": 2.0561993635726554
      }
    },
    "point_spike_2.0": {
      "before": {
        "rmse": 2.4343400954953083,
        "mae": 1.8133012452519237
      },
      "after": {
        "rmse": 2.7572899765750813,
        "mae": 2.058171168457632
      }
    },
    "point_spike_4.0": {
      "before": {
        "rmse": 2.4473895383182245,
        "mae": 1.8241377090588016
      },
      "after": {
        "rmse": 2.7643528906445827,
        "mae": 2.0647805207659333
      }
    }
  }
}