{
  "model": "lstm",
  "method": "detect_clean",
  "alpha": 0.1,
  "filter": "hampel(window=12, n_sigmas=3.0)",
  "settings": {
    "clean": {
      "before": {
        "rmse": 2.429427885924916,
        "mae": 1.8085464754426905
      },
      "after": {
        "rmse": 2.783362758594677,
        "mae": 2.0762201043661213
      }
    },
    "contextual_outlier_1.0": {
      "before": {
        "rmse": 2.427753860629163,
        "mae": 1.806938841190623
      },
      "after": {
        "rmse": 2.759569708266894,
        "mae": 2.0607594403614002
      }
    },
    "contextual_outlier_2.0": {
      "before": {
        "rmse": 2.4328317533054125,
        "mae": 1.811094909083934
      },
      "after": {
        "rmse": 2.7598077980741644,
        "mae": 2.059551567506897
      }
    },
    "contextual_outlier_4.0": {
      "before": {
        "rmse": 2.4610086177645294,
        "mae": 1.8299268341377255
      },
      "after": {
        "rmse": 2.76325992424277,
        "mae": 2.062829929924695
      }
    },
    "fgsm_1.0": {
      "before": {
        "rmse": 5.3643992177404485,
        "mae": 4.528409931473489
      },
      "after": {
        "rmse": 5.351622332440243,
        "mae": 4.497109889610348
      }
    },
    "fgsm_2.0": {
      "before": {
        "rmse": 7.452586543154293,
        "mae": 6.499985187841725
      },
      "after": {
        "rmse": 7.273069140869863,
        "mae": 6.288047952382825
      }
    },
    "fgsm_4.0": {
      "before": {
        "rmse": 10.545252007684086,
        "mae": 9.358995807052109
      },
      "after": {
        "rmse": 10.27385132040145,
        "mae": 9.004846080214618
      }
    },
    "level_shift_1.0": {
      "before": {
        "rmse": 3.193681178917759,
        "mae": 2.604385057014605
      },
      "after": {
        "rmse": 3.4314294459591945,
        "mae": 2.7445574921044695
      }
    },
    "level_shift_2.0": {
      "before": {
        "rmse": 4.935117730681384,
        "mae": 4.189704393322378
      },
      "after": {
        "rmse": 5.0299554532456225,
        "mae": 4.210226203188539
      }
    },
    "level_shift_4.0": {
      "before": {
        "rmse": 8.903531241800483,
        "mae": 7.806179543713662
      },
      "after": {
        "rmse": 8.831853515549735,
        "mae": 7.676957236891631
      }
    },
    "point_spike_1.0": {
      "before": {
        "rmse": 2.4307338617313863,
        "mae": 1.8098566109987733
      },
      "after": {
        "rmse": 2.7548868779951743,
        "mae": 2.0561993635726554
      }
    },
    "point_spike_2.0": {
      "before": {
        "rmse": 2.4343400954953083,
        "mae": 1.8133012452519237
      },
      "after": {
        "rmse": 2.7572899765750813,
        "mae": 2.058171168457632
      }
    },
    "point_spike_4.0": {
      "before": {
        "rmse": 2.4473895383182245,
        "mae": 1.8241377090588016
      },
      "after": {
        "rmse": 2.7643528906445827,
        "mae": 2.0647805207659333
      }
    }
  }
}