{
  "model": "naive_seasonal",
  "method": "detect_clean",
  "alpha": 0.1,
  "filter": "hampel(window=12, n_sigmas=3.0)",
  "settings": {
    "clean": {
      "before": {
        "rmse": 3.214942036827393,
        "mae": 2.4496002477751966
      },
      "after": {
        "rmse": 3.2698048562970787,
        "mae": 2.4898798619526694
      }
    },
    "clock_skew_1.0": {
      "before": {
        "rmse": 3.610765670279204,
        "mae": 2.789901527522967
      },
      "after": {
        "rmse": 3.6389290385553923,
        "mae": 2.8111759969026817
      }
    },
    "clock_skew_2.0": {
      "before": {
        "rmse": 4.324913868449082,
        "mae": 3.3840683289419187
      },
      "after": {
        "rmse": 4.330641677686397,
        "mae": 3.389681417642234
      }
    },
    "clock_skew_4.0": {
      "before": {
        "rmse": 5.65203090061783,
        "mae": 4.480248296159054
      },
      "after": {
        "rmse": 5.656037000720863,
        "mae": 4.47686560891228
      }
    },
    "contextual_outlier_1.0": {
      "before": {
        "rmse": 3.2295669086211007,
        "mae": 2.462013003586713
      },
      "after": {
        "rmse": 3.2830764900276352,
        "mae": 2.5008064775706935
      }
    },
    "contextual_outlier_2.0": {
      "before": {
        "rmse": 3.2683805492300917,
        "mae": 2.485344881679562
      },
      "after": {
        "rmse": 3.3046862427004404,
        "mae": 2.514098953949452
      }
    },
    "contextual_outlier_4.0": {
      "before": {
        "rmse": 3.4147629576872602,
        "mae": 2.539343045444635
      },
      "after": {
        "rmse": 3.3471575176782014,
        "mae": 2.5291264668810065
      }
    },
    "drift_1.0": {
      "before": {
        "rmse": 3.583649859788471,
        "mae": 2.789100665376647
      },
      "after": {
        "rmse": 3.610275985865428,
        "mae": 2.806117361563423
      }
    },
    "drift_2.0": {
      "before": {
        "rmse": 4.486704754787559,
        "mae": 3.552265090632236
      },
      "after": {
        "rmse": 4.452626003345813,
        "mae": 3.5216774743447252
      }
    },
    "drift_4.0": {
      "before": {
        "rmse": 7.003592220479442,
        "mae": 5.570706562328022
      },
      "after": {
        "rmse": 6.832879355771549,
        "mae": 5.444131296340473
      }
    },
    "flatline_1.0": {
      "before": {
        "rmse": 3.5927055550924907,
        "mae": 2.7345308614178094
      },
      "after": {
        "rmse": 3.597699482076943,
        "mae": 2.739811250710918
      }
    },
    "flatline_2.0": {
      "before": {
        "rmse": 3.662948149400534,
        "mae": 2.814001216760581
      },
      "after": {
        "rmse": 3.676451601065791,
        "mae": 2.828736592677704
      }
    },
    "flatline_4.0": {
      "before": {
        "rmse": 4.714403040288877,
        "mae": 3.6531472101355984
      },
      "after": {
        "rmse": 4.714403040288877,
        "mae": 3.6531472101355984
      }
    },
    "gap_imputation_1.0": {
      "before": {
        "rmse": 3.2103940265253144,
        "mae": 2.450832342356919
      },
      "after": {
        "rmse": 3.265669811133938,
        "mae": 2.491528968739876
      }
    },
    "gap_imputation_2.0": {
      "before": {
        "rmse": 3.304717254763551,
        "mae": 2.5444671793339495
      },
      "after": {
        "rmse": 3.3512158257834326,
        "mae": 2.5806477189539847
      }
    },
    "gap_imputation_4.0": {
      "before": {
        "rmse": 3.562872877946914,
        "mae": 2.7239161232209
      },
      "after": {
        "rmse": 3.6363207327529152,
        "mae": 2.7859810319740608
      }
    },
    "level_shift_1.0": {
      "before": {
        "rmse": 3.9433085001644983,
        "mae": 3.1139344466441234
      },
      "after": {
        "rmse": 3.9855990043628244,
        "mae": 3.141929298564204
      }
    },
    "level_shift_2.0": {
      "before": {
        "rmse": 5.777276452203017,
        "mae": 4.724962112327351
      },
      "after": {
        "rmse": 5.785767648268611,
        "mae": 4.717120323821767
      }
    },
    "level_shift_4.0": {
      "before": {
        "rmse": 10.337874070727072,
        "mae": 8.685699212914407
      },
      "after": {
        "rmse": 10.320958710116203,
        "mae": 8.649098845265565
      }
    },
    "noise_burst_1.0": {
      "before": {
        "rmse": 3.52313344412699,
        "mae": 2.6563715565692796
      },
      "after": {
        "rmse": 3.5323734590480975,
        "mae": 2.6691094478938444
      }
    },
    "noise_burst_2.0": {
      "before": {
        "rmse": 4.300318737263539,
        "mae": 3.0502274403249365
      },
      "after": {
        "rmse": 4.0026335897621195,
        "mae": 2.92218535769605
      }
    },
    "noise_burst_4.0": {
      "before": {
        "rmse": 6.531787710232367,
        "mae": 3.9580015924526943
      },
      "after": {
        "rmse": 4.727942812622957,
        "mae": 3.2531712048501253
      }
    },
    "point_spike_1.0": {
      "before": {
        "rmse": 3.220431561698866,
        "mae": 2.4537731811326187
      },
      "after": {
        "rmse": 3.2704440022455468,
        "mae": 2.4897355128834353
      }
    },
    "point_spike_2.0": {
      "before": {
        "rmse": 3.2344737017408853,
        "mae": 2.4610562800706908
      },
      "after": {
        "rmse": 3.2774958679561452,
        "mae": 2.493128376543572
      }
    },
    "point_spike_4.0": {
      "before": {
        "rmse": 3.287710764303159,
        "mae": 2.4801413098832477
      },
      "after": {
        "rmse": 3.28023216017912,
        "mae": 2.4958319735004
      }
    }
  }
}