{
  "model": "naive_seasonal",
  "method": "detect_clean",
  "alpha": 0.1,
  "filter": "hampel(window=12, n_sigmas=3.0)",
  "settings": {
    "clean": {
      "before": {
        "rmse": 3.214942036827393,
        "mae": 2.4496002477751966
      },
      "after": {
        "rmse": 3.2698048562970787,
        "mae": 2.4898798619526694
      }
    },
    "contextual_outlier_1.0": {
      "before": {
        "rmse": 3.2295669086211007,
        "mae": 2.462013003586713
      },
      "after": {
        "rmse": 3.2830764900276352,
        "mae": 2.5008064775706935
      }
    },
    "contextual_outlier_2.0": {
      "before": {
        "rmse": 3.2683805492300917,
        "mae": 2.485344881679562
      },
      "after": {
        "rmse": 3.3046862427004404,
        "mae": 2.514098953949452
      }
    },
    "contextual_outlier_4.0": {
      "before": {
        "rmse": 3.4147629576872602,
        "mae": 2.539343045444635
      },
      "after": {
        "rmse": 3.3471575176782014,
        "mae": 2.5291264668810065
      }
    },
    "level_shift_1.0": {
      "before": {
        "rmse": 3.9433085001644983,
        "mae": 3.1139344466441234
      },
      "after": {
        "rmse": 3.9855990043628244,
        "mae": 3.141929298564204
      }
    },
    "level_shift_2.0": {
      "before": {
        "rmse": 5.777276452203017,
        "mae": 4.724962112327351
      },
      "after": {
        "rmse": 5.785767648268611,
        "mae": 4.717120323821767
      }
    },
    "level_shift_4.0": {
      "before": {
        "rmse": 10.337874070727072,
        "mae": 8.685699212914407
      },
      "after": {
        "rmse": 10.320958710116203,
        "mae": 8.649098845265565
      }
    },
    "point_spike_1.0": {
      "before": {
        "rmse": 3.220431561698866,
        "mae": 2.4537731811326187
      },
      "after": {
        "rmse": 3.2704440022455468,
        "mae": 2.4897355128834353
      }
    },
    "point_spike_2.0": {
      "before": {
        "rmse": 3.2344737017408853,
        "mae": 2.4610562800706908
      },
      "after": {
        "rmse": 3.2774958679561452,
        "mae": 2.493128376543572
      }
    },
    "point_spike_4.0": {
      "before": {
        "rmse": 3.287710764303159,
        "mae": 2.4801413098832477
      },
      "after": {
        "rmse": 3.28023216017912,
        "mae": 2.4958319735004
      }
    }
  }
}