{
  "model": "qdlinear",
  "method": "detect_clean",
  "alpha": 0.1,
  "filter": "hampel(window=12, n_sigmas=3.0)",
  "settings": {
    "clean": {
      "before": {
        "picp": 0.9352367688022284,
        "mpiw": 8.765989356887285,
        "mis": 10.126463160649795,
        "pinball": 0.5374340360426174,
        "rmse_median": 2.482866401228869
      },
      "after": {
        "picp": 0.8867223769730733,
        "mpiw": 8.760652237637942,
        "mis": 12.534941695481697,
        "pinball": 0.6458604320613676,
        "rmse_median": 2.936672667248204
      }
    },
    "contextual_outlier_1.0": {
      "before": {
        "picp": 0.9339600742804085,
        "mpiw": 8.765224909298032,
        "mis": 10.137533114123672,
        "pinball": 0.5391597235357882,
        "rmse_median": 2.490479154870323
      },
      "after": {
        "picp": 0.8896239554317549,
        "mpiw": 8.76398039499733,
        "mis": 12.431207092130963,
        "pinball": 0.6403256984784286,
        "rmse_median": 2.907344344080366
      }
    },
    "contextual_outlier_2.0": {
      "before": {
        "picp": 0.9297818012999072,
        "mpiw": 8.769826172744136,
        "mis": 10.221530096902363,
        "pinball": 0.5441721654247097,
        "rmse_median": 2.509144299337053
      },
      "after": {
        "picp": 0.8859099350046425,
        "mpiw": 8.772520884056144,
        "mis": 12.475953048802138,
        "pinball": 0.6420677657197453,
        "rmse_median": 2.914696633081121
      }
    },
    "contextual_outlier_4.0": {
      "before": {
        "picp": 0.9168987929433612,
        "mpiw": 8.805491093865774,
        "mis": 10.586228815261691,
        "pinball": 0.5618040530498657,
        "rmse_median": 2.577698959836301
      },
      "after": {
        "picp": 0.8828922934076138,
        "mpiw": 8.790840439934867,
        "mis": 12.612437914627135,
        "pinball": 0.6478114715442272,
        "rmse_median": 2.9401352236539733
      }
    },
    "fgsm_1.0": {
      "before": {
        "picp": 0.5431754874651811,
        "mpiw": 9.698598999830148,
        "mis": 39.74580684091296,
        "pinball": 1.8190360999462634,
        "rmse_median": 6.867371951543804
      },
      "after": {
        "picp": 0.5544336118848654,
        "mpiw": 9.629478545064641,
        "mis": 37.363695126888786,
        "pinball": 1.7371029827336102,
        "rmse_median": 6.692444834814563
      }
    },
    "fgsm_2.0": {
      "before": {
        "picp": 0.38614206128133705,
        "mpiw": 11.585111431799481,
        "mis": 84.01785487953906,
        "pinball": 3.3270167792716876,
        "rmse_median": 11.417083287477594
      },
      "after": {
        "picp": 0.39136490250696376,
        "mpiw": 11.295185072627778,
        "mis": 73.37883995402733,
        "pinball": 3.004618504558405,
        "rmse_median": 10.481309290646587
      }
    },
    "fgsm_4.0": {
      "before": {
        "picp": 0.27158774373259054,
        "mpiw": 16.547034467678333,
        "mis": 177.29067093276498,
        "pinball": 6.36300934356241,
        "rmse_median": 20.48180667616563
      },
      "after": {
        "picp": 0.26474001857010215,
        "mpiw": 14.908586986386167,
        "mis": 141.5772538656335,
        "pinball": 5.2187491872991005,
        "rmse_median": 16.727888495859418
      }
    },
    "level_shift_1.0": {
      "before": {
        "picp": 0.7634633240482822,
        "mpiw": 8.768496334041469,
        "mis": 15.836222463493849,
        "pinball": 0.7959124415154052,
        "rmse_median": 3.3441396197511857
      },
      "after": {
        "picp": 0.7464020427112349,
        "mpiw": 8.764515261741606,
        "mis": 17.805548396648234,
        "pinball": 0.8739350150350501,
        "rmse_median": 3.6728452597074255
      }
    },
    "level_shift_2.0": {
      "before": {
        "picp": 0.566736304549675,
        "mpiw": 8.77538993441673,
        "mis": 33.256078194969184,
        "pinball": 1.4135901828697086,
        "rmse_median": 5.249369009033942
      },
      "after": {
        "picp": 0.5723073351903436,
        "mpiw": 8.767342745729103,
        "mis": 34.36505119822162,
        "pinball": 1.4462425443444011,
        "rmse_median": 5.438221236701414
      }
    },
    "level_shift_4.0": {
      "before": {
        "picp": 0.2711234911792015,
        "mpiw": 8.808945194513072,
        "mis": 91.02197777094041,
        "pinball": 3.1301323975271917,
        "rmse_median": 9.707215454109956
      },
      "after": {
        "picp": 0.28725626740947074,
        "mpiw": 8.797049990143586,
        "mis": 90.22200386107092,
        "pinball": 3.09997068818321,
        "rmse_median": 9.75184239406893
      }
    },
    "point_spike_1.0": {
      "before": {
        "picp": 0.9333797585886723,
        "mpiw": 8.766477908716068,
        "mis": 10.137122022197348,
        "pinball": 0.5387495960805743,
        "rmse_median": 2.487787298138669
      },
      "after": {
        "picp": 0.8896239554317549,
        "mpiw": 8.764730334101705,
        "mis": 12.34203350537066,
        "pinball": 0.6368277398491765,
        "rmse_median": 2.8962673532585734
      }
    },
    "point_spike_2.0": {
      "before": {
        "picp": 0.9316388115134633,
        "mpiw": 8.773127625152318,
        "mis": 10.180834447864592,
        "pinball": 0.5415056615311303,
        "rmse_median": 2.4988093581600364
      },
      "after": {
        "picp": 0.8882311977715878,
        "mpiw": 8.772865448310167,
        "mis": 12.439424890177923,
        "pinball": 0.6394020809252288,
        "rmse_median": 2.9034505443413523
      }
    },
    "point_spike_4.0": {
      "before": {
        "picp": 0.9259517177344475,
        "mpiw": 8.815360083821846,
        "mis": 10.36768214741863,
        "pinball": 0.5505286554563658,
        "rmse_median": 2.537149148024459
      },
      "after": {
        "picp": 0.8870705663881151,
        "mpiw": 8.783205132722035,
        "mis": 12.477466129155932,
        "pinball": 0.6409253087712398,
        "rmse_median": 2.9111537925616364
      }
    }
  }
}