{
  "model": "qlstm_robust",
  "method": "detect_clean",
  "alpha": 0.1,
  "filter": "hampel(window=12, n_sigmas=3.0)",
  "settings": {
    "clean": {
      "before": {
        "picp": 0.9381383472609099,
        "mpiw": 9.690840537432262,
        "mis": 11.01424247260947,
        "pinball": 0.5766848644254241,
        "rmse_median": 2.5967538650795152
      },
      "after": {
        "picp": 0.9193361188486536,
        "mpiw": 9.7093147359319,
        "mis": 11.698091190916527,
        "pinball": 0.6144016380003006,
        "rmse_median": 2.7573423829093575
      }
    },
    "clock_skew_1.0": {
      "before": {
        "picp": 0.898560817084494,
        "mpiw": 9.68021464660257,
        "mis": 11.90969099094491,
        "pinball": 0.646411279655018,
        "rmse_median": 2.897622397941662
      },
      "after": {
        "picp": 0.8833565459610028,
        "mpiw": 9.67536825988388,
        "mis": 12.581646320912364,
        "pinball": 0.6747078460224286,
        "rmse_median": 3.012374527735729
      }
    },
    "clock_skew_2.0": {
      "before": {
        "picp": 0.7989786443825441,
        "mpiw": 9.614942953662853,
        "mis": 15.64330606004732,
        "pinball": 0.8348129518484837,
        "rmse_median": 3.6612293330967014
      },
      "after": {
        "picp": 0.7928272980501393,
        "mpiw": 9.604991169672328,
        "mis": 16.013952582237074,
        "pinball": 0.8475637003781845,
        "rmse_median": 3.7041850604818545
      }
    },
    "clock_skew_4.0": {
      "before": {
        "picp": 0.630803156917363,
        "mpiw": 9.41073352498213,
        "mis": 29.34665671002338,
        "pinball": 1.3102420137124737,
        "rmse_median": 5.151629963074855
      },
      "after": {
        "picp": 0.6297585886722377,
        "mpiw": 9.38807275768283,
        "mis": 29.397501725256287,
        "pinball": 1.3152562654008,
        "rmse_median": 5.189914071873425
      }
    },
    "contextual_outlier_1.0": {
      "before": {
        "picp": 0.9381383472609099,
        "mpiw": 9.689577782119496,
        "mis": 10.9992425201165,
        "pinball": 0.5755385374870698,
        "rmse_median": 2.5891029802381618
      },
      "after": {
        "picp": 0.9206128133704735,
        "mpiw": 9.703368451304012,
        "mis": 11.656237041605984,
        "pinball": 0.6116721940000076,
        "rmse_median": 2.742436814132014
      }
    },
    "contextual_outlier_2.0": {
      "before": {
        "picp": 0.9372098421541318,
        "mpiw": 9.700533516767946,
        "mis": 11.015913616119388,
        "pinball": 0.57681735721816,
        "rmse_median": 2.594671945441758
      },
      "after": {
        "picp": 0.9208449396471681,
        "mpiw": 9.705455722437504,
        "mis": 11.6421438452265,
        "pinball": 0.6108179192530896,
        "rmse_median": 2.740081621819977
      }
    },
    "contextual_outlier_4.0": {
      "before": {
        "picp": 0.9353528319405757,
        "mpiw": 9.740946291422391,
        "mis": 11.106268361136571,
        "pinball": 0.5840623781391628,
        "rmse_median": 2.634448621236022
      },
      "after": {
        "picp": 0.916782729805014,
        "mpiw": 9.70445172828976,
        "mis": 11.7050188994526,
        "pinball": 0.6148483184207547,
        "rmse_median": 2.760636025152182
      }
    },
    "drift_1.0": {
      "before": {
        "picp": 0.8899721448467967,
        "mpiw": 9.732770542584312,
        "mis": 12.429644744473984,
        "pinball": 0.693495723782229,
        "rmse_median": 3.1127431638036533
      },
      "after": {
        "picp": 0.8782497678737233,
        "mpiw": 9.759008702651256,
        "mis": 12.851980700619796,
        "pinball": 0.7158237575962584,
        "rmse_median": 3.1923503492961127
      }
    },
    "drift_2.0": {
      "before": {
        "picp": 0.7718198700092851,
        "mpiw": 9.934375277463552,
        "mis": 17.133271893232727,
        "pinball": 0.9734025003587591,
        "rmse_median": 4.173416950356212
      },
      "after": {
        "picp": 0.7841225626740947,
        "mpiw": 9.94549743281223,
        "mis": 16.711957291072316,
        "pinball": 0.9496008121317415,
        "rmse_median": 4.095103636836449
      }
    },
    "drift_4.0": {
      "before": {
        "picp": 0.583217270194986,
        "mpiw": 10.860149477562617,
        "mis": 31.62770944445218,
        "pinball": 1.6075039787986645,
        "rmse_median": 6.24425784449165
      },
      "after": {
        "picp": 0.606313834726091,
        "mpiw": 10.76203436768039,
        "mis": 29.41171138212717,
        "pinball": 1.5114337737486692,
        "rmse_median": 5.960090117427351
      }
    },
    "fgsm_1.0": {
      "before": {
        "picp": 0.6876740947075209,
        "mpiw": 10.612826882231,
        "mis": 24.32969499227435,
        "pinball": 1.2611339097098018,
        "rmse_median": 5.281581451042129
      },
      "after": {
        "picp": 0.6855849582172702,
        "mpiw": 10.632331282976708,
        "mis": 24.713049057672674,
        "pinball": 1.275912913209145,
        "rmse_median": 5.3318284665140805
      }
    },
    "fgsm_2.0": {
      "before": {
        "picp": 0.5509517177344475,
        "mpiw": 11.891156409209774,
        "mis": 39.9245677896767,
        "pinball": 1.8701674579135177,
        "rmse_median": 7.246740160582534
      },
      "after": {
        "picp": 0.5545496750232126,
        "mpiw": 11.81950043411909,
        "mis": 39.715685722001474,
        "pinball": 1.8587944450839535,
        "rmse_median": 7.213689459666411
      }
    },
    "fgsm_4.0": {
      "before": {
        "picp": 0.4964020427112349,
        "mpiw": 14.099420409924516,
        "mis": 57.9814509443834,
        "pinball": 2.519309481114337,
        "rmse_median": 9.358244859203504
      },
      "after": {
        "picp": 0.4854921077065924,
        "mpiw": 13.74809785213038,
        "mis": 56.6545779783498,
        "pinball": 2.4553404605742886,
        "rmse_median": 9.045683935290702
      }
    },
    "flatline_1.0": {
      "before": {
        "picp": 0.8470287836583101,
        "mpiw": 10.109491785008775,
        "mis": 15.184167004731265,
        "pinball": 0.8097833423074329,
        "rmse_median": 3.527189357829367
      },
      "after": {
        "picp": 0.8473769730733519,
        "mpiw": 10.101849280996195,
        "mis": 15.192214642859186,
        "pinball": 0.8098885876424303,
        "rmse_median": 3.5272084653109834
      }
    },
    "flatline_2.0": {
      "before": {
        "picp": 0.8291550603528319,
        "mpiw": 9.865498183143457,
        "mis": 15.416294793328914,
        "pinball": 0.8182924536720019,
        "rmse_median": 3.516398171567762
      },
      "after": {
        "picp": 0.8289229340761374,
        "mpiw": 9.859701055742716,
        "mis": 15.44073913168555,
        "pinball": 0.8191904808768625,
        "rmse_median": 3.516750591199514
      }
    },
    "flatline_4.0": {
      "before": {
        "picp": 0.7289925719591458,
        "mpiw": 8.79996445062907,
        "mis": 20.492740066935923,
        "pinball": 0.9786995481589995,
        "rmse_median": 4.116338868179901
      },
      "after": {
        "picp": 0.7277158774373259,
        "mpiw": 8.795585192481273,
        "mis": 20.55980820873498,
        "pinball": 0.9808468480444853,
        "rmse_median": 4.123411625548631
      }
    },
    "gap_imputation_1.0": {
      "before": {
        "picp": 0.9374419684308264,
        "mpiw": 9.673840630878368,
        "mis": 10.994682522384403,
        "pinball": 0.5758996698819203,
        "rmse_median": 2.592765361918651
      },
      "after": {
        "picp": 0.9198003714020427,
        "mpiw": 9.688328784148514,
        "mis": 11.635857938542365,
        "pinball": 0.6127754874882095,
        "rmse_median": 2.7488724730147007
      }
    },
    "gap_imputation_2.0": {
      "before": {
        "picp": 0.9330315691736305,
        "mpiw": 9.613807399126664,
        "mis": 11.124852557271266,