{
  "model": "qlstm",
  "method": "detect_clean",
  "alpha": 0.1,
  "filter": "hampel(window=12, n_sigmas=3.0)",
  "settings": {
    "clean": {
      "before": {
        "picp": 0.9267641597028784,
        "mpiw": 7.958277904222903,
        "mis": 9.573381288930426,
        "pinball": 0.50772775644057,
        "rmse_median": 2.3842137592553656
      },
      "after": {
        "picp": 0.8673398328690808,
        "mpiw": 7.886192975208033,
        "mis": 13.62944139809737,
        "pinball": 0.6433081856864453,
        "rmse_median": 2.910968744957033
      }
    },
    "contextual_outlier_1.0": {
      "before": {
        "picp": 0.9268802228412256,
        "mpiw": 7.957181403249642,
        "mis": 9.56093500247654,
        "pinball": 0.5072872373962368,
        "rmse_median": 2.3811987712484326
      },
      "after": {
        "picp": 0.8711699164345403,
        "mpiw": 7.886709706021058,
        "mis": 13.409719715206359,
        "pinball": 0.6358239167017252,
        "rmse_median": 2.8817948175098045
      }
    },
    "contextual_outlier_2.0": {
      "before": {
        "picp": 0.9249071494893222,
        "mpiw": 7.956666782660626,
        "mis": 9.582121939535753,
        "pinball": 0.5086639034891636,
        "rmse_median": 2.3861040069644064
      },
      "after": {
        "picp": 0.8703574744661096,
        "mpiw": 7.885636384102531,
        "mis": 13.390881838697766,
        "pinball": 0.6348835651620736,
        "rmse_median": 2.879353136497641
      }
    },
    "contextual_outlier_4.0": {
      "before": {
        "picp": 0.9211931290622098,
        "mpiw": 7.9598727960642295,
        "mis": 9.749259920838561,
        "pinball": 0.5156898376067172,
        "rmse_median": 2.4175152522574277
      },
      "after": {
        "picp": 0.870125348189415,
        "mpiw": 7.882738292953674,
        "mis": 13.476400344546404,
        "pinball": 0.6366989175953491,
        "rmse_median": 2.8905324222329134
      }
    },
    "fgsm_1.0": {
      "before": {
        "picp": 0.44428969359331477,
        "mpiw": 8.254984234489667,
        "mis": 35.58863626547293,
        "pinball": 1.5109626699498426,
        "rmse_median": 5.5184595238472465
      },
      "after": {
        "picp": 0.4670380687093779,
        "mpiw": 8.174883843351747,
        "mis": 34.29198931583588,
        "pinball": 1.47114711596082,
        "rmse_median": 5.408495439990387
      }
    },
    "fgsm_2.0": {
      "before": {
        "picp": 0.29863045496750235,
        "mpiw": 8.708559868917039,
        "mis": 61.32002724878881,
        "pinball": 2.277264467437958,
        "rmse_median": 7.4802013039653055
      },
      "after": {
        "picp": 0.3266016713091922,
        "mpiw": 8.524625365809557,
        "mis": 55.891481580964815,
        "pinball": 2.130364119057387,
        "rmse_median": 7.135192949856695
      }
    },
    "fgsm_4.0": {
      "before": {
        "picp": 0.2502321262766945,
        "mpiw": 9.626352119367342,
        "mis": 87.64793737930867,
        "pinball": 3.043963199185837,
        "rmse_median": 9.513827817122982
      },
      "after": {
        "picp": 0.26253481894150416,
        "mpiw": 9.325672637349145,
        "mis": 88.51512829469316,
        "pinball": 3.0619005424736714,
        "rmse_median": 9.689860872981118
      }
    },
    "level_shift_1.0": {
      "before": {
        "picp": 0.746866295264624,
        "mpiw": 7.966754961011448,
        "mis": 14.997371090233345,
        "pinball": 0.7617472023177021,
        "rmse_median": 3.200716860900026
      },
      "after": {
        "picp": 0.7141364902506964,
        "mpiw": 7.9008685075678065,
        "mis": 18.468622183170375,
        "pinball": 0.862824627450449,
        "rmse_median": 3.574545646846529
      }
    },
    "level_shift_2.0": {
      "before": {
        "picp": 0.5110259981429898,
        "mpiw": 8.011848852878186,
        "mis": 32.824084481352756,
        "pinball": 1.3775551796701926,
        "rmse_median": 4.991992793231031
      },
      "after": {
        "picp": 0.5189182915506035,
        "mpiw": 7.942004610933621,
        "mis": 34.21077024437046,
        "pinball": 1.4044810697334744,
        "rmse_median": 5.124920211158536
      }
    },
    "level_shift_4.0": {
      "before": {
        "picp": 0.23676880222841226,
        "mpiw": 8.277009134250727,
        "mis": 89.40899028847352,
        "pinball": 2.9956335495622803,
        "rmse_median": 9.031598323312847
      },
      "after": {
        "picp": 0.2562674094707521,
        "mpiw": 8.18905517152138,
        "mis": 87.4026355229208,
        "pinball": 2.928382793497885,
        "rmse_median": 8.924705203839387
      }
    },
    "point_spike_1.0": {
      "before": {
        "picp": 0.9264159702878366,
        "mpiw": 7.95690237261212,
        "mis": 9.586269330949786,
        "pinball": 0.508369709043407,
        "rmse_median": 2.38508388734072
      },
      "after": {
        "picp": 0.8719823584029712,
        "mpiw": 7.888728151265033,
        "mis": 13.31272763222374,
        "pinball": 0.6331382938880382,
        "rmse_median": 2.8733855350186452
      }
    },
    "point_spike_2.0": {
      "before": {
        "picp": 0.9259517177344475,
        "mpiw": 7.955357946129351,
        "mis": 9.615416339319273,
        "pinball": 0.5096308973104159,
        "rmse_median": 2.3905389519871196
      },
      "after": {
        "picp": 0.8709377901578459,
        "mpiw": 7.886452020042982,
        "mis": 13.388981451920793,
        "pinball": 0.6358077425355988,
        "rmse_median": 2.8822381903732706
      }
    },
    "point_spike_4.0": {
      "before": {
        "picp": 0.9227019498607242,
        "mpiw": 7.952965239995363,
        "mis": 9.709876577952107,
        "pinball": 0.5133256998230082,
        "rmse_median": 2.4097913459080376
      },
      "after": {
        "picp": 0.8694289693593314,
        "mpiw": 7.88610895674032,
        "mis": 13.438598638064228,
        "pinball": 0.6374532239255274,
        "rmse_median": 2.8929593607104436
      }
    }
  }
}