{
  "model": "qlstm",
  "method": "detect_clean",
  "alpha": 0.1,
  "filter": "hampel(window=12, n_sigmas=3.0)",
  "settings": {
    "clean": {
      "before": {
        "picp": 0.9267641597028784,
        "mpiw": 7.958277904222903,
        "mis": 9.573381288930426,
        "pinball": 0.50772775644057,
        "rmse_median": 2.3842137592553656
      },
      "after": {
        "picp": 0.8673398328690808,
        "mpiw": 7.886192975208033,
        "mis": 13.62944139809737,
        "pinball": 0.6433081856864453,
        "rmse_median": 2.910968744957033
      }
    },
    "clock_skew_1.0": {
      "before": {
        "picp": 0.8315923862581244,
        "mpiw": 7.886506634017992,
        "mis": 11.78510232199338,
        "pinball": 0.6298024239224737,
        "rmse_median": 2.8139357558872202
      },
      "after": {
        "picp": 0.7972376973073352,
        "mpiw": 7.871684451432994,
        "mis": 13.761404792347838,
        "pinball": 0.697257237021592,
        "rmse_median": 3.0491140925058327
      }
    },
    "clock_skew_2.0": {
      "before": {
        "picp": 0.7255106778087279,
        "mpiw": 8.015343494634584,
        "mis": 17.61384984518194,
        "pinball": 0.8722094944216016,
        "rmse_median": 3.6637921385101904
      },
      "after": {
        "picp": 0.716225626740947,
        "mpiw": 8.01201158965782,
        "mis": 18.414031585775593,
        "pinball": 0.896452462964783,
        "rmse_median": 3.735579478271554
      }
    },
    "clock_skew_4.0": {
      "before": {
        "picp": 0.5692896935933147,
        "mpiw": 7.968943945223723,
        "mis": 34.75861845721397,
        "pinball": 1.4062392806284494,
        "rmse_median": 5.1984153534125115
      },
      "after": {
        "picp": 0.5538532961931291,
        "mpiw": 7.939735108605391,
        "mis": 36.4126616343026,
        "pinball": 1.4567399338348184,
        "rmse_median": 5.359572461652578
      }
    },
    "contextual_outlier_1.0": {
      "before": {
        "picp": 0.9268802228412256,
        "mpiw": 7.957181403249642,
        "mis": 9.56093500247654,
        "pinball": 0.5072872373962368,
        "rmse_median": 2.3811987712484326
      },
      "after": {
        "picp": 0.8711699164345403,
        "mpiw": 7.886709706021058,
        "mis": 13.409719715206359,
        "pinball": 0.6358239167017252,
        "rmse_median": 2.8817948175098045
      }
    },
    "contextual_outlier_2.0": {
      "before": {
        "picp": 0.9249071494893222,
        "mpiw": 7.956666782660626,
        "mis": 9.582121939535753,
        "pinball": 0.5086639034891636,
        "rmse_median": 2.3861040069644064
      },
      "after": {
        "picp": 0.8703574744661096,
        "mpiw": 7.885636384102531,
        "mis": 13.390881838697766,
        "pinball": 0.6348835651620736,
        "rmse_median": 2.879353136497641
      }
    },
    "contextual_outlier_4.0": {
      "before": {
        "picp": 0.9211931290622098,
        "mpiw": 7.9598727960642295,
        "mis": 9.749259920838561,
        "pinball": 0.5156898376067172,
        "rmse_median": 2.4175152522574277
      },
      "after": {
        "picp": 0.870125348189415,
        "mpiw": 7.882738292953674,
        "mis": 13.476400344546404,
        "pinball": 0.6366989175953491,
        "rmse_median": 2.8905324222329134
      }
    },
    "drift_1.0": {
      "before": {
        "picp": 0.723769730733519,
        "mpiw": 7.9466102609561995,
        "mis": 15.509292535773849,
        "pinball": 0.7885880519053549,
        "rmse_median": 3.3059915810541454
      },
      "after": {
        "picp": 0.7012534818941504,
        "mpiw": 7.878920457046265,
        "mis": 18.07170960971556,
        "pinball": 0.8607190425710458,
        "rmse_median": 3.536871577249125
      }
    },
    "drift_2.0": {
      "before": {
        "picp": 0.4914113277623027,
        "mpiw": 7.959102688349563,
        "mis": 34.11676516613688,
        "pinball": 1.4255528611662538,
        "rmse_median": 5.1171961667513575
      },
      "after": {
        "picp": 0.5264623955431755,
        "mpiw": 7.88664817805692,
        "mis": 30.832072128829267,
        "pinball": 1.3171468514566829,
        "rmse_median": 4.842485787775931
      }
    },
    "drift_4.0": {
      "before": {
        "picp": 0.2226090993500464,
        "mpiw": 8.20936578711239,
        "mis": 89.20040348740056,
        "pinball": 3.0241353162360247,
        "rmse_median": 9.087868169369507
      },
      "after": {
        "picp": 0.25963324048282266,
        "mpiw": 8.119305205869402,
        "mis": 76.78571324181388,
        "pinball": 2.6816875598860683,
        "rmse_median": 8.338310903661682
      }
    },
    "fgsm_1.0": {
      "before": {
        "picp": 0.44428969359331477,
        "mpiw": 8.254984234489667,
        "mis": 35.58863626547293,
        "pinball": 1.5109626699498426,
        "rmse_median": 5.5184595238472465
      },
      "after": {
        "picp": 0.4670380687093779,
        "mpiw": 8.174883843351747,
        "mis": 34.29198931583588,
        "pinball": 1.47114711596082,
        "rmse_median": 5.408495439990387
      }
    },
    "fgsm_2.0": {
      "before": {
        "picp": 0.29863045496750235,
        "mpiw": 8.708559868917039,
        "mis": 61.32002724878881,
        "pinball": 2.277264467437958,
        "rmse_median": 7.4802013039653055
      },
      "after": {
        "picp": 0.3266016713091922,
        "mpiw": 8.524625365809557,
        "mis": 55.891481580964815,
        "pinball": 2.130364119057387,
        "rmse_median": 7.135192949856695
      }
    },
    "fgsm_4.0": {
      "before": {
        "picp": 0.2502321262766945,
        "mpiw": 9.626352119367342,
        "mis": 87.64793737930867,
        "pinball": 3.043963199185837,
        "rmse_median": 9.513827817122982
      },
      "after": {
        "picp": 0.26253481894150416,
        "mpiw": 9.325672637349145,
        "mis": 88.51512829469316,
        "pinball": 3.0619005424736714,
        "rmse_median": 9.689860872981118
      }
    },
    "flatline_1.0": {
      "before": {
        "picp": 0.6780408542246983,
        "mpiw": 7.908731903255426,
        "mis": 23.836641236449438,
        "pinball": 1.019573889439059,
        "rmse_median": 4.011121047966083
      },
      "after": {
        "picp": 0.6811745589600743,
        "mpiw": 7.911449162828219,
        "mis": 23.79796966584009,
        "pinball": 1.0174776813704376,
        "rmse_median": 4.005293731356911
      }
    },
    "flatline_2.0": {
      "before": {
        "picp": 0.662372330547818,
        "mpiw": 7.777774654048925,
        "mis": 22.445346796295983,
        "pinball": 0.9839362004010498,
        "rmse_median": 3.839123919389295
      },
      "after": {
        "picp": 0.662372330547818,
        "mpiw": 7.7768393834613585,
        "mis": 22.493688484981373,
        "pinball": 0.9849722291580371,
        "rmse_median": 3.8412606197298866
      }
    },
    "flatline_4.0": {
      "before": {
        "picp": 0.6431058495821727,
        "mpiw": 7.380796621101747,
        "mis": 23.430941077792546,
        "pinball": 1.0226999223259094,
        "rmse_median": 4.109948481851731
      },
      "after": {
        "picp": 0.6431058495821727,
        "mpiw": 7.38369224084233,
        "mis": 23.46984413343253,
        "pinball": 1.024273127190254,
        "rmse_median": 4.116339940562208
      }
    },
    "gap_imputation_1.0": {
      "before": {
        "picp": 0.9268802228412256,
        "mpiw": 7.948017004086878,
        "mis": 9.577295578505932,
        "pinball": 0.5088254642501929,
        "rmse_median": 2.3886028791834044
      },
      "after": {
        "picp": 0.8698932219127206,
        "mpiw": 7.882990763652558,
        "mis": 13.29130485603155,
        "pinball": 0.6336556187643,
        "rmse_median": 2.8731392690521
      }
    },
    "gap_imputation_2.0": {
      "before": {
        "picp": 0.9175951717734447,
        "mpiw": 7.919357215205987,
        "mis": 9.737612056729994,