{
  "model": "qrf",
  "method": "detect_clean",
  "alpha": 0.1,
  "filter": "hampel(window=12, n_sigmas=3.0)",
  "settings": {
    "clean": {
      "before": {
        "picp": 0.9163184772516249,
        "mpiw": 9.552883334225584,
        "mis": 11.540408787163111,
        "pinball": 0.6075446440592157,
        "rmse_median": 2.779588744997803
      },
      "after": {
        "picp": 0.8795264623955432,
        "mpiw": 9.658078358961228,
        "mis": 13.548152502435398,
        "pinball": 0.6839567530714094,
        "rmse_median": 3.0384034093877514
      }
    },
    "contextual_outlier_1.0": {
      "before": {
        "picp": 0.9149257195914577,
        "mpiw": 9.56236796950614,
        "mis": 11.565234081825382,
        "pinball": 0.608342360557866,
        "rmse_median": 2.779031629121241
      },
      "after": {
        "picp": 0.8794103992571959,
        "mpiw": 9.659441481843247,
        "mis": 13.563953321186602,
        "pinball": 0.6843274928934614,
        "rmse_median": 3.039514594657947
      }
    },
    "contextual_outlier_2.0": {
      "before": {
        "picp": 0.9173630454967502,
        "mpiw": 9.611742105028231,
        "mis": 11.601561324008738,
        "pinball": 0.6083851429463463,
        "rmse_median": 2.7764749071846078
      },
      "after": {
        "picp": 0.880338904363974,
        "mpiw": 9.689575531605774,
        "mis": 13.53018028061416,
        "pinball": 0.6821311441466442,
        "rmse_median": 3.030388103656375
      }
    },
    "contextual_outlier_4.0": {
      "before": {
        "picp": 0.9180594243268339,
        "mpiw": 9.707073807512616,
        "mis": 11.69967234744433,
        "pinball": 0.6107353419408905,
        "rmse_median": 2.782205994674017
      },
      "after": {
        "picp": 0.8806870937790158,
        "mpiw": 9.704148953594991,
        "mis": 13.574838448047304,
        "pinball": 0.683891078272089,
        "rmse_median": 3.037948411175315
      }
    },
    "level_shift_1.0": {
      "before": {
        "picp": 0.8176648096564532,
        "mpiw": 9.751256669265004,
        "mis": 15.10783954885148,
        "pinball": 0.793036313402144,
        "rmse_median": 3.3777347189560922
      },
      "after": {
        "picp": 0.8038532961931291,
        "mpiw": 9.813098780120015,
        "mis": 16.388134553311318,
        "pinball": 0.8393350911913736,
        "rmse_median": 3.5591095885337385
      }
    },
    "level_shift_2.0": {
      "before": {
        "picp": 0.6379990714948932,
        "mpiw": 10.043579965830768,
        "mis": 26.85977163246677,
        "pinball": 1.2580317827952656,
        "rmse_median": 4.911240029033307
      },
      "after": {
        "picp": 0.6414809656453111,
        "mpiw": 10.062617427824685,
        "mis": 26.942787369831333,
        "pinball": 1.260089889018998,
        "rmse_median": 4.947792993147733
      }
    },
    "level_shift_4.0": {
      "before": {
        "picp": 0.390552460538533,
        "mpiw": 10.748860263999346,
        "mis": 64.06841355407589,
        "pinball": 2.424550165708088,
        "rmse_median": 8.21163693995998
      },
      "after": {
        "picp": 0.39496285979572887,
        "mpiw": 10.70796018585798,
        "mis": 62.698705994337956,
        "pinball": 2.385303886179295,
        "rmse_median": 8.116857343651445
      }
    },
    "point_spike_1.0": {
      "before": {
        "picp": 0.9158542246982359,
        "mpiw": 9.560686051492846,
        "mis": 11.547834682902783,
        "pinball": 0.6076404764554211,
        "rmse_median": 2.77733053692079
      },
      "after": {
        "picp": 0.8799907149489322,
        "mpiw": 9.644547472843367,
        "mis": 13.496060827761363,
        "pinball": 0.6821706175649863,
        "rmse_median": 3.035417270981895
      }
    },
    "point_spike_2.0": {
      "before": {
        "picp": 0.9157381615598886,
        "mpiw": 9.574711195980683,
        "mis": 11.590748718282196,
        "pinball": 0.6095256879851852,
        "rmse_median": 2.783427961580521
      },
      "after": {
        "picp": 0.8801067780872794,
        "mpiw": 9.656128523577399,
        "mis": 13.541964811942334,
        "pinball": 0.6844931285776136,
        "rmse_median": 3.0439716380350634
      }
    },
    "point_spike_4.0": {
      "before": {
        "picp": 0.9179433611884865,
        "mpiw": 9.618411635188073,
        "mis": 11.612512047989014,
        "pinball": 0.6091845422268574,
        "rmse_median": 2.7784522722514198
      },
      "after": {
        "picp": 0.8810352831940576,
        "mpiw": 9.664617939246538,
        "mis": 13.552357125101752,
        "pinball": 0.683918840711401,
        "rmse_median": 3.044661841571919
      }
    }
  }
}