{
  "model": "qtransformer_robust",
  "method": "detect_clean",
  "alpha": 0.1,
  "filter": "hampel(window=12, n_sigmas=3.0)",
  "settings": {
    "clean": {
      "before": {
        "picp": 0.915041782729805,
        "mpiw": 9.053371700903112,
        "mis": 10.878096698103198,
        "pinball": 0.5786078752660051,
        "rmse_median": 2.6628302056593456
      },
      "after": {
        "picp": 0.8971680594243269,
        "mpiw": 9.34767049337834,
        "mis": 12.413584358834262,
        "pinball": 0.6424840821917456,
        "rmse_median": 2.8946696023484715
      }
    },
    "clock_skew_1.0": {
      "before": {
        "picp": 0.8661792014856081,
        "mpiw": 8.873828447366073,
        "mis": 11.901649841934253,
        "pinball": 0.6424202783517554,
        "rmse_median": 2.8403515104569523
      },
      "after": {
        "picp": 0.8477251624883937,
        "mpiw": 8.961312101676048,
        "mis": 12.912250676216475,
        "pinball": 0.6880495175899467,
        "rmse_median": 3.016398694849351
      }
    },
    "clock_skew_2.0": {
      "before": {
        "picp": 0.7671773444753947,
        "mpiw": 8.828719781855852,
        "mis": 16.486467590068443,
        "pinball": 0.8366944284515526,
        "rmse_median": 3.51200491939256
      },
      "after": {
        "picp": 0.7598653667595172,
        "mpiw": 8.840255116466736,
        "mis": 16.944485589732253,
        "pinball": 0.8544431741305856,
        "rmse_median": 3.57313940563288
      }
    },
    "clock_skew_4.0": {
      "before": {
        "picp": 0.6107242339832869,
        "mpiw": 8.953100281305595,
        "mis": 31.51437610293095,
        "pinball": 1.3374692160574537,
        "rmse_median": 5.085408225661218
      },
      "after": {
        "picp": 0.604108635097493,
        "mpiw": 8.953508259079983,
        "mis": 31.859975729232552,
        "pinball": 1.3593123041888358,
        "rmse_median": 5.183861686855536
      }
    },
    "contextual_outlier_1.0": {
      "before": {
        "picp": 0.916782729805014,
        "mpiw": 9.066440134039272,
        "mis": 10.86494053555887,
        "pinball": 0.5779417862522004,
        "rmse_median": 2.65898578402024
      },
      "after": {
        "picp": 0.8979805013927576,
        "mpiw": 9.336336024937346,
        "mis": 12.384737654402468,
        "pinball": 0.6414606436971525,
        "rmse_median": 2.890762750920182
      }
    },
    "contextual_outlier_2.0": {
      "before": {
        "picp": 0.9144614670380687,
        "mpiw": 9.109787700024349,
        "mis": 10.920061738281804,
        "pinball": 0.5810137889327207,
        "rmse_median": 2.6739293028520166
      },
      "after": {
        "picp": 0.8987929433611885,
        "mpiw": 9.35806508136627,
        "mis": 12.35151361075494,
        "pinball": 0.6400263294740061,
        "rmse_median": 2.888389021676335
      }
    },
    "contextual_outlier_4.0": {
      "before": {
        "picp": 0.9094707520891365,
        "mpiw": 9.298485234690803,
        "mis": 11.460375073146817,
        "pinball": 0.6041414203886637,
        "rmse_median": 2.776072126681067
      },
      "after": {
        "picp": 0.8951949860724234,
        "mpiw": 9.390949027150508,
        "mis": 12.598794070295265,
        "pinball": 0.645876964000174,
        "rmse_median": 2.9149584071531813
      }
    },
    "drift_1.0": {
      "before": {
        "picp": 0.8444753946146704,
        "mpiw": 9.282956695494093,
        "mis": 13.15911036114268,
        "pinball": 0.7341549663128785,
        "rmse_median": 3.233312914714045
      },
      "after": {
        "picp": 0.8337975858867224,
        "mpiw": 9.548311106365183,
        "mis": 14.313271462369556,
        "pinball": 0.7756436799713136,
        "rmse_median": 3.357767965575972
      }
    },
    "drift_2.0": {
      "before": {
        "picp": 0.752669452181987,
        "mpiw": 10.028455532469957,
        "mis": 18.51627071844055,
        "pinball": 1.005761614568679,
        "rmse_median": 4.174118350551718
      },
      "after": {
        "picp": 0.7597493036211699,
        "mpiw": 10.148686466679894,
        "mis": 18.632739128436516,
        "pinball": 0.9951897194452082,
        "rmse_median": 4.139696749669404
      }
    },
    "drift_4.0": {
      "before": {
        "picp": 0.7094939647168059,
        "mpiw": 11.976124525388238,
        "mis": 25.650590810335707,
        "pinball": 1.3091417696874543,
        "rmse_median": 5.208820865435916
      },
      "after": {
        "picp": 0.7114670380687094,
        "mpiw": 11.792800930230735,
        "mis": 25.918552924685358,
        "pinball": 1.2984022697780788,
        "rmse_median": 5.1847804002914435
      }
    },
    "fgsm_1.0": {
      "before": {
        "picp": 0.5972609099350047,
        "mpiw": 10.675570515008081,
        "mis": 29.344155792711224,
        "pinball": 1.4493191529794303,
        "rmse_median": 5.727617385335387
      },
      "after": {
        "picp": 0.6263927576601671,
        "mpiw": 10.9409176697261,
        "mis": 28.13861824417713,
        "pinball": 1.38092911590855,
        "rmse_median": 5.501297981972067
      }
    },
    "fgsm_2.0": {
      "before": {
        "picp": 0.5749767873723306,
        "mpiw": 12.642217250613815,
        "mis": 37.55172851662934,
        "pinball": 1.7604429527570857,
        "rmse_median": 6.772621743923386
      },
      "after": {
        "picp": 0.5808960074280408,
        "mpiw": 12.533024877056972,
        "mis": 38.05858733173913,
        "pinball": 1.727092841351465,
        "rmse_median": 6.64650022687038
      }
    },
    "fgsm_4.0": {
      "before": {
        "picp": 0.6100278551532033,
        "mpiw": 14.963637424594305,
        "mis": 45.48575190897888,
        "pinball": 2.0564708700800143,
        "rmse_median": 7.957553700458646
      },
      "after": {
        "picp": 0.5951717734447539,
        "mpiw": 14.626642546616687,
        "mis": 47.75048627879943,
        "pinball": 2.0773074009279524,
        "rmse_median": 7.959450998132481
      }
    },
    "flatline_1.0": {
      "before": {
        "picp": 0.8147632311977716,
        "mpiw": 10.253088147661563,
        "mis": 17.339790405843484,
        "pinball": 0.8824021165938615,
        "rmse_median": 3.665364930492439
      },
      "after": {
        "picp": 0.8156917363045497,
        "mpiw": 10.252468916098335,
        "mis": 17.325516355138426,
        "pinball": 0.8815539411417859,
        "rmse_median": 3.662275125134012
      }
    },
    "flatline_2.0": {
      "before": {
        "picp": 0.7968895078922934,
        "mpiw": 9.97905846245833,
        "mis": 17.112945559362306,
        "pinball": 0.8887942458731806,
        "rmse_median": 3.6751593678342154
      },
      "after": {
        "picp": 0.7967734447539462,
        "mpiw": 9.981802108822716,
        "mis": 17.125175482503387,
        "pinball": 0.8890185979590234,
        "rmse_median": 3.6745316726707196
      }
    },
    "flatline_4.0": {
      "before": {
        "picp": 0.6826833797585887,
        "mpiw": 8.46035721876855,
        "mis": 22.98124431477763,
        "pinball": 1.0529863870036023,
        "rmse_median": 4.321905222730603
      },
      "after": {
        "picp": 0.6821030640668524,
        "mpiw": 8.458142328848773,
        "mis": 23.100170730363974,
        "pinball": 1.0562762517915965,
        "rmse_median": 4.331911474860957
      }
    },
    "gap_imputation_1.0": {
      "before": {
        "picp": 0.9155060352831941,
        "mpiw": 9.041117902214937,
        "mis": 10.852885900850673,
        "pinball": 0.579696146722819,
        "rmse_median": 2.6669694192639968
      },
      "after": {
        "picp": 0.8949628597957289,
        "mpiw": 9.293990587661197,
        "mis": 12.311578812154082,
        "pinball": 0.6403234900609441,
        "rmse_median": 2.8851463950290874
      }
    },
    "gap_imputation_2.0": {
      "before": {
        "picp": 0.9080779944289693,
        "mpiw": 9.01593227327324,
        "mis": 10.941874462046515,