{
  "model": "qtransformer",
  "method": "detect_clean",
  "alpha": 0.1,
  "filter": "hampel(window=12, n_sigmas=3.0)",
  "settings": {
    "clean": {
      "before": {
        "picp": 0.9048282265552461,
        "mpiw": 7.486732339481373,
        "mis": 9.48621477978658,
        "pinball": 0.5110080486176924,
        "rmse_median": 2.430435930314456
      },
      "after": {
        "picp": 0.8502785515320335,
        "mpiw": 7.559334631104198,
        "mis": 13.621417421675162,
        "pinball": 0.646268198606034,
        "rmse_median": 2.9155678478338602
      }
    },
    "contextual_outlier_1.0": {
      "before": {
        "picp": 0.9041318477251625,
        "mpiw": 7.494835418722845,
        "mis": 9.48859764495551,
        "pinball": 0.5108354128250645,
        "rmse_median": 2.4312445432624323
      },
      "after": {
        "picp": 0.8549210770659239,
        "mpiw": 7.5593700543847335,
        "mis": 13.42623970490863,
        "pinball": 0.6385728352788665,
        "rmse_median": 2.887681369794898
      }
    },
    "contextual_outlier_2.0": {
      "before": {
        "picp": 0.9028551532033426,
        "mpiw": 7.519390736874552,
        "mis": 9.533278862475989,
        "pinball": 0.5140593688123631,
        "rmse_median": 2.4428348211945976
      },
      "after": {
        "picp": 0.8542246982358404,
        "mpiw": 7.569440640321818,
        "mis": 13.352658045703768,
        "pinball": 0.6383319962695843,
        "rmse_median": 2.888995470176924
      }
    },
    "contextual_outlier_4.0": {
      "before": {
        "picp": 0.8949628597957289,
        "mpiw": 7.639394723229318,
        "mis": 10.213721809895725,
        "pinball": 0.5385160643683254,
        "rmse_median": 2.55602516482187
      },
      "after": {
        "picp": 0.8556174558960075,
        "mpiw": 7.605809063465208,
        "mis": 13.455887792617581,
        "pinball": 0.6396595344328126,
        "rmse_median": 2.8989900332425793
      }
    },
    "fgsm_1.0": {
      "before": {
        "picp": 0.44962859795728877,
        "mpiw": 8.168773930745202,
        "mis": 35.12737902892163,
        "pinball": 1.4907979990154863,
        "rmse_median": 5.475822598906664
      },
      "after": {
        "picp": 0.467966573816156,
        "mpiw": 8.186145088098076,
        "mis": 33.85095345096866,
        "pinball": 1.4503900548027082,
        "rmse_median": 5.360003309491001
      }
    },
    "fgsm_2.0": {
      "before": {
        "picp": 0.37058960074280406,
        "mpiw": 8.799568024625536,
        "mis": 57.424778079874315,
        "pinball": 2.1346619082629226,
        "rmse_median": 7.154523365296659
      },
      "after": {
        "picp": 0.38730269266480966,
        "mpiw": 8.815495975495638,
        "mis": 54.065353318725236,
        "pinball": 2.0483247329369143,
        "rmse_median": 6.9759113254334775
      }
    },
    "fgsm_4.0": {
      "before": {
        "picp": 0.3097725162488394,
        "mpiw": 9.40516746551645,
        "mis": 99.09648032519054,
        "pinball": 3.283980151273235,
        "rmse_median": 10.317281276081209
      },
      "after": {
        "picp": 0.3476090993500464,
        "mpiw": 9.492884405987866,
        "mis": 89.23398426064715,
        "pinball": 3.035863172925128,
        "rmse_median": 9.81234610089039
      }
    },
    "level_shift_1.0": {
      "before": {
        "picp": 0.7226090993500465,
        "mpiw": 7.587511634860936,
        "mis": 15.671334648346551,
        "pinball": 0.7659457421171442,
        "rmse_median": 3.153982436357645
      },
      "after": {
        "picp": 0.7014856081708449,
        "mpiw": 7.652932589938473,
        "mis": 18.926445724948852,
        "pinball": 0.8627485553159782,
        "rmse_median": 3.522103197799378
      }
    },
    "level_shift_2.0": {
      "before": {
        "picp": 0.5217038068709378,
        "mpiw": 7.85610488749348,
        "mis": 33.03899725922048,
        "pinball": 1.3525995229753722,
        "rmse_median": 4.864999736263168
      },
      "after": {
        "picp": 0.532033426183844,
        "mpiw": 7.888506362554766,
        "mis": 34.388822720096215,
        "pinball": 1.3855083722624515,
        "rmse_median": 5.049414247717759
      }
    },
    "level_shift_4.0": {
      "before": {
        "picp": 0.30176415970287834,
        "mpiw": 8.568466747154282,
        "mis": 80.23666700228378,
        "pinball": 2.7559937244497292,
        "rmse_median": 8.645996650145982
      },
      "after": {
        "picp": 0.3125580315691736,
        "mpiw": 8.535534155727868,
        "mis": 79.64310872192017,
        "pinball": 2.737108984149436,
        "rmse_median": 8.714331985149268
      }
    },
    "point_spike_1.0": {
      "before": {
        "picp": 0.9035515320334262,
        "mpiw": 7.488598011445815,
        "mis": 9.516076169729974,
        "pinball": 0.5119078625253286,
        "rmse_median": 2.4337869907009786
      },
      "after": {
        "picp": 0.8544568245125348,
        "mpiw": 7.550451634725592,
        "mis": 13.356758780861488,
        "pinball": 0.6369446645825126,
        "rmse_median": 2.8838362248382463
      }
    },
    "point_spike_2.0": {
      "before": {
        "picp": 0.9021587743732591,
        "mpiw": 7.504786883164997,
        "mis": 9.562451323234242,
        "pinball": 0.5145040206716874,
        "rmse_median": 2.4456707761202185
      },
      "after": {
        "picp": 0.8527158774373259,
        "mpiw": 7.558683693418003,
        "mis": 13.423928420790908,
        "pinball": 0.6398126403084212,
        "rmse_median": 2.892952880305595
      }
    },
    "point_spike_4.0": {
      "before": {
        "picp": 0.8974001857010213,
        "mpiw": 7.594215620074975,
        "mis": 10.044009781993624,
        "pinball": 0.5327570405409783,
        "rmse_median": 2.5270697941577738
      },
      "after": {
        "picp": 0.8565459610027855,
        "mpiw": 7.577837360276129,
        "mis": 13.445842165132412,
        "pinball": 0.6374348152053095,
        "rmse_median": 2.8834737713922114
      }
    }
  }
}