{
  "model": "qtransformer_multi",
  "method": "detect_clean",
  "alpha": 0.1,
  "filter": "hampel(window=12, n_sigmas=3.0)",
  "settings": {
    "clean": {
      "before": {
        "picp": 0.8986768802228412,
        "mpiw": 6.49100251094512,
        "mis": 8.605050339566715,
        "pinball": 0.46686468286658295,
        "rmse_median": 2.2052987426703727
      },
      "after": {
        "picp": 0.8542246982358404,
        "mpiw": 6.4859770790372435,
        "mis": 10.542791357293972,
        "pinball": 0.5338726757684648,
        "rmse_median": 2.4232260570123287
      }
    },
    "clock_skew_1.0": {
      "before": {
        "picp": 0.841225626740947,
        "mpiw": 6.4484959904310735,
        "mis": 9.710569210780841,
        "pinball": 0.5155676977212573,
        "rmse_median": 2.363191499495479
      },
      "after": {
        "picp": 0.8155756731662024,
        "mpiw": 6.444619574793536,
        "mis": 10.924503843005155,
        "pinball": 0.5586389623334602,
        "rmse_median": 2.5073556991673613
      }
    },
    "clock_skew_2.0": {
      "before": {
        "picp": 0.7631151346332404,
        "mpiw": 6.396282823663878,
        "mis": 12.869125954459518,
        "pinball": 0.6246839508025879,
        "rmse_median": 2.674942320878047
      },
      "after": {
        "picp": 0.7552228412256268,
        "mpiw": 6.394686416627659,
        "mis": 13.389629641648325,
        "pinball": 0.6413054376819662,
        "rmse_median": 2.728400729546647
      }
    },
    "clock_skew_4.0": {
      "before": {
        "picp": 0.6642293407613742,
        "mpiw": 6.243796791177663,
        "mis": 19.971063618687026,
        "pinball": 0.8417524257463261,
        "rmse_median": 3.2766778148204727
      },
      "after": {
        "picp": 0.6547121634168988,
        "mpiw": 6.2961631675897,
        "mis": 20.618847027110274,
        "pinball": 0.8649993305686859,
        "rmse_median": 3.384734512097701
      }
    },
    "contextual_outlier_1.0": {
      "before": {
        "picp": 0.8994893221912721,
        "mpiw": 6.490364294843892,
        "mis": 8.60185402695461,
        "pinball": 0.4667948536589378,
        "rmse_median": 2.205132686520122
      },
      "after": {
        "picp": 0.8577065923862581,
        "mpiw": 6.484315762734362,
        "mis": 10.459690334042804,
        "pinball": 0.5299436450819665,
        "rmse_median": 2.40872284837243
      }
    },
    "contextual_outlier_2.0": {
      "before": {
        "picp": 0.9000696378830083,
        "mpiw": 6.489117003933148,
        "mis": 8.600866083066927,
        "pinball": 0.4668514050962394,
        "rmse_median": 2.204753028792516
      },
      "after": {
        "picp": 0.858983286908078,
        "mpiw": 6.483704340709631,
        "mis": 10.437332617656551,
        "pinball": 0.5289156572678706,
        "rmse_median": 2.4058964683375303
      }
    },
    "contextual_outlier_4.0": {
      "before": {
        "picp": 0.9003017641597029,
        "mpiw": 6.48770748011995,
        "mis": 8.640712126644322,
        "pinball": 0.4675175703024173,
        "rmse_median": 2.206514332711958
      },
      "after": {
        "picp": 0.8614206128133705,
        "mpiw": 6.4806849798438115,
        "mis": 10.382198550401553,
        "pinball": 0.525102813566762,
        "rmse_median": 2.389003184819747
      }
    },
    "drift_1.0": {
      "before": {
        "picp": 0.7464020427112349,
        "mpiw": 6.496647944866894,
        "mis": 11.926266341083158,
        "pinball": 0.6146784480867665,
        "rmse_median": 2.6156150681504533
      },
      "after": {
        "picp": 0.7375812441968431,
        "mpiw": 6.494702772808624,
        "mis": 13.0066938555503,
        "pinball": 0.649018776121194,
        "rmse_median": 2.7276642807866796
      }
    },
    "drift_2.0": {
      "before": {
        "picp": 0.5558263695450325,
        "mpiw": 6.530661219143237,
        "mis": 21.994533997839824,
        "pinball": 0.9565647881406443,
        "rmse_median": 3.5430866213699015
      },
      "after": {
        "picp": 0.5878597957288765,
        "mpiw": 6.52462024238718,
        "mis": 20.329313202771438,
        "pinball": 0.902315808440444,
        "rmse_median": 3.420871654100471
      }
    },
    "drift_4.0": {
      "before": {
        "picp": 0.30779944289693595,
        "mpiw": 6.709061052379753,
        "mis": 55.01315243938459,
        "pinball": 1.9368345061549486,
        "rmse_median": 6.024711666650385
      },
      "after": {
        "picp": 0.3503946146703807,
        "mpiw": 6.656254186494157,
        "mis": 48.41140034244995,
        "pinball": 1.7491944437975657,
        "rmse_median": 5.627151967281144
      }
    },
    "fgsm_1.0": {
      "before": {
        "picp": 0.49396471680594245,
        "mpiw": 6.503648022213402,
        "mis": 22.35297638412007,
        "pinball": 1.0389658968837336,
        "rmse_median": 3.947328736524157
      },
      "after": {
        "picp": 0.5131151346332404,
        "mpiw": 6.500509117980849,
        "mis": 21.644554922439873,
        "pinball": 1.0114003122653745,
        "rmse_median": 3.894229937996528
      }
    },
    "fgsm_2.0": {
      "before": {
        "picp": 0.3059424326833798,
        "mpiw": 6.5626108563356915,
        "mis": 41.01444140152956,
        "pinball": 1.5864083073093338,
        "rmse_median": 5.202499815547417
      },
      "after": {
        "picp": 0.30896007428040856,
        "mpiw": 6.548467434524351,
        "mis": 40.39685926943478,
        "pinball": 1.572570761029627,
        "rmse_median": 5.220508614556253
      }
    },
    "fgsm_4.0": {
      "before": {
        "picp": 0.1888347260909935,
        "mpiw": 6.813202389462789,
        "mis": 79.46728744507641,
        "pinball": 2.618511602584275,
        "rmse_median": 7.568495830871667
      },
      "after": {
        "picp": 0.15448003714020428,
        "mpiw": 6.803051825344,
        "mis": 76.56691046424382,
        "pinball": 2.5699659811156472,
        "rmse_median": 7.465218442553776
      }
    },
    "flatline_1.0": {
      "before": {
        "picp": 0.6988161559888579,
        "mpiw": 6.451788571304592,
        "mis": 17.146382589532042,
        "pinball": 0.7647036696412718,
        "rmse_median": 3.0669158775948695
      },
      "after": {
        "picp": 0.6988161559888579,
        "mpiw": 6.447018984947816,
        "mis": 17.154819415686415,
        "pinball": 0.7647064421202074,
        "rmse_median": 3.0660325432250968
      }
    },
    "flatline_2.0": {
      "before": {
        "picp": 0.6980037140204272,
        "mpiw": 6.401009475165303,
        "mis": 16.20468409622641,
        "pinball": 0.7433709932881101,
        "rmse_median": 2.995939781819276
      },
      "after": {
        "picp": 0.697539461467038,
        "mpiw": 6.4015304244214954,
        "mis": 16.236038243786716,
        "pinball": 0.7443144083488084,
        "rmse_median": 2.9994460180592024
      }
    },
    "flatline_4.0": {
      "before": {
        "picp": 0.6666666666666666,
        "mpiw": 6.327690733721401,
        "mis": 18.3919782673124,
        "pinball": 0.8060794347214392,
        "rmse_median": 3.310003283486944
      },
      "after": {
        "picp": 0.6657381615598886,
        "mpiw": 6.330333947148946,
        "mis": 18.363448604274893,
        "pinball": 0.805504190882767,
        "rmse_median": 3.308318870269894
      }
    },
    "gap_imputation_1.0": {
      "before": {
        "picp": 0.8997214484679665,
        "mpiw": 6.489196589833121,
        "mis": 8.585196803827175,
        "pinball": 0.46513881584793537,
        "rmse_median": 2.1956217952939014
      },
      "after": {
        "picp": 0.8578226555246053,
        "mpiw": 6.482521518337828,
        "mis": 10.358987747547761,
        "pinball": 0.527669787996462,
        "rmse_median": 2.401520743771824
      }
    },
    "gap_imputation_2.0": {
      "before": {
        "picp": 0.8969359331476323,
        "mpiw": 6.483516808938184,
        "mis": 8.665817104651373,