{
  "model": "qtransformer_multi",
  "method": "detect_clean",
  "alpha": 0.1,
  "filter": "hampel(window=12, n_sigmas=3.0)",
  "settings": {
    "clean": {
      "before": {
        "picp": 0.8986768802228412,
        "mpiw": 6.49100251094512,
        "mis": 8.605050339566715,
        "pinball": 0.46686468286658295,
        "rmse_median": 2.2052987426703727
      },
      "after": {
        "picp": 0.8542246982358404,
        "mpiw": 6.4859770790372435,
        "mis": 10.542791357293972,
        "pinball": 0.5338726757684648,
        "rmse_median": 2.4232260570123287
      }
    },
    "contextual_outlier_1.0": {
      "before": {
        "picp": 0.8994893221912721,
        "mpiw": 6.490364294843892,
        "mis": 8.60185402695461,
        "pinball": 0.4667948536589378,
        "rmse_median": 2.205132686520122
      },
      "after": {
        "picp": 0.8577065923862581,
        "mpiw": 6.484315762734362,
        "mis": 10.459690334042804,
        "pinball": 0.5299436450819665,
        "rmse_median": 2.40872284837243
      }
    },
    "contextual_outlier_2.0": {
      "before": {
        "picp": 0.9000696378830083,
        "mpiw": 6.489117003933148,
        "mis": 8.600866083066927,
        "pinball": 0.4668514050962394,
        "rmse_median": 2.204753028792516
      },
      "after": {
        "picp": 0.858983286908078,
        "mpiw": 6.483704340709631,
        "mis": 10.437332617656551,
        "pinball": 0.5289156572678706,
        "rmse_median": 2.4058964683375303
      }
    },
    "contextual_outlier_4.0": {
      "before": {
        "picp": 0.9003017641597029,
        "mpiw": 6.48770748011995,
        "mis": 8.640712126644322,
        "pinball": 0.4675175703024173,
        "rmse_median": 2.206514332711958
      },
      "after": {
        "picp": 0.8614206128133705,
        "mpiw": 6.4806849798438115,
        "mis": 10.382198550401553,
        "pinball": 0.525102813566762,
        "rmse_median": 2.389003184819747
      }
    },
    "fgsm_1.0": {
      "before": {
        "picp": 0.49396471680594245,
        "mpiw": 6.503648022213402,
        "mis": 22.35297638412007,
        "pinball": 1.0389658968837336,
        "rmse_median": 3.947328736524157
      },
      "after": {
        "picp": 0.5131151346332404,
        "mpiw": 6.500509117980849,
        "mis": 21.644554922439873,
        "pinball": 1.0114003122653745,
        "rmse_median": 3.894229937996528
      }
    },
    "fgsm_2.0": {
      "before": {
        "picp": 0.3059424326833798,
        "mpiw": 6.5626108563356915,
        "mis": 41.01444140152956,
        "pinball": 1.5864083073093338,
        "rmse_median": 5.202499815547417
      },
      "after": {
        "picp": 0.30896007428040856,
        "mpiw": 6.548467434524351,
        "mis": 40.39685926943478,
        "pinball": 1.572570761029627,
        "rmse_median": 5.220508614556253
      }
    },
    "fgsm_4.0": {
      "before": {
        "picp": 0.1888347260909935,
        "mpiw": 6.813202389462789,
        "mis": 79.46728744507641,
        "pinball": 2.618511602584275,
        "rmse_median": 7.568495830871667
      },
      "after": {
        "picp": 0.15448003714020428,
        "mpiw": 6.803051825344,
        "mis": 76.56691046424382,
        "pinball": 2.5699659811156472,
        "rmse_median": 7.465218442553776
      }
    },
    "level_shift_1.0": {
      "before": {
        "picp": 0.7761142061281338,
        "mpiw": 6.487142055141214,
        "mis": 11.153912365425041,
        "pinball": 0.5801308949761131,
        "rmse_median": 2.4865480360444185
      },
      "after": {
        "picp": 0.7511606313834726,
        "mpiw": 6.48783012957897,
        "mis": 12.83346376477651,
        "pinball": 0.6336372801962288,
        "rmse_median": 2.6719355864465357
      }
    },
    "level_shift_2.0": {
      "before": {
        "picp": 0.6086350974930362,
        "mpiw": 6.506217204616189,
        "mis": 19.8358900026837,
        "pinball": 0.8747004179293798,
        "rmse_median": 3.300207776565128
      },
      "after": {
        "picp": 0.6061977715877437,
        "mpiw": 6.503386583592242,
        "mis": 20.69198628425471,
        "pinball": 0.8983139350917667,
        "rmse_median": 3.4027809102209194
      }
    },
    "level_shift_4.0": {
      "before": {
        "picp": 0.36803621169916434,
        "mpiw": 6.651420064082923,
        "mis": 48.815377204262006,
        "pinball": 1.7440851932477286,
        "rmse_median": 5.610062060598982
      },
      "after": {
        "picp": 0.38440111420612816,
        "mpiw": 6.637885194532096,
        "mis": 47.80213240358002,
        "pinball": 1.7103497680426027,
        "rmse_median": 5.57449859203931
      }
    },
    "point_spike_1.0": {
      "before": {
        "picp": 0.8987929433611885,
        "mpiw": 6.4915782419236585,
        "mis": 8.615161430513698,
        "pinball": 0.4673930736448645,
        "rmse_median": 2.2067094002702
      },
      "after": {
        "picp": 0.8586350974930362,
        "mpiw": 6.485175014460662,
        "mis": 10.421148355135928,
        "pinball": 0.5291560904940672,
        "rmse_median": 2.4078150871119384
      }
    },
    "point_spike_2.0": {
      "before": {
        "picp": 0.8979805013927576,
        "mpiw": 6.492854804215968,
        "mis": 8.6439274166201,
        "pinball": 0.46875083609298324,
        "rmse_median": 2.2117918724407613
      },
      "after": {
        "picp": 0.8571262766945218,
        "mpiw": 6.485496442124335,
        "mis": 10.465215843798356,
        "pinball": 0.5303398101310938,
        "rmse_median": 2.4107398550009735
      }
    },
    "point_spike_4.0": {
      "before": {
        "picp": 0.8971680594243269,
        "mpiw": 6.493973468875096,
        "mis": 8.729455871458516,
        "pinball": 0.472006230047803,
        "rmse_median": 2.2254465131083228
      },
      "after": {
        "picp": 0.8574744661095636,
        "mpiw": 6.480593482672716,
        "mis": 10.483078584081149,
        "pinball": 0.5301929885024566,
        "rmse_median": 2.4098985489656393
      }
    }
  }
}