{
  "model": "qtransformer_multi",
  "method": "detect_clean",
  "alpha": 0.1,
  "filter": "hampel(window=12, n_sigmas=3.0)",
  "settings": {
    "clean": {
      "before": {
        "picp": 0.8405292479108635,
        "mpiw": 5.857669942613792,
        "mis": 9.336848244892321,
        "pinball": 0.4928191104329348,
        "rmse_median": 2.2753392899579286
      },
      "after": {
        "picp": 0.7829619312906221,
        "mpiw": 5.905634561407453,
        "mis": 13.361450074517412,
        "pinball": 0.6191747038041078,
        "rmse_median": 2.7081895739100164
      }
    },
    "clock_skew_1.0": {
      "before": {
        "picp": 0.7466341689879294,
        "mpiw": 5.888613228839361,
        "mis": 12.115426847219318,
        "pinball": 0.5958915719741793,
        "rmse_median": 2.5505036931131433
      },
      "after": {
        "picp": 0.7170380687093779,
        "mpiw": 5.901044481214257,
        "mis": 14.187340209079393,
        "pinball": 0.6620809124002642,
        "rmse_median": 2.7649834962083135
      }
    },
    "clock_skew_2.0": {
      "before": {
        "picp": 0.637883008356546,
        "mpiw": 5.842919490743499,
        "mis": 19.573087048624302,
        "pinball": 0.8216744828807849,
        "rmse_median": 3.184633995394931
      },
      "after": {
        "picp": 0.6287140204271123,
        "mpiw": 5.841806340956068,
        "mis": 20.351031663997425,
        "pinball": 0.8453939155271806,
        "rmse_median": 3.2502145425799065
      }
    },
    "clock_skew_4.0": {
      "before": {
        "picp": 0.5009285051067781,
        "mpiw": 5.626536099949961,
        "mis": 33.83606122759058,
        "pinball": 1.228343478827376,
        "rmse_median": 4.2805072213936555
      },
      "after": {
        "picp": 0.5147400185701021,
        "mpiw": 5.674708457146094,
        "mis": 32.970122444473226,
        "pinball": 1.2057023854793947,
        "rmse_median": 4.244384165828576
      }
    },
    "contextual_outlier_1.0": {
      "before": {
        "picp": 0.841225626740947,
        "mpiw": 5.8572181390463625,
        "mis": 9.266356458180319,
        "pinball": 0.4916241898462367,
        "rmse_median": 2.2673973953283677
      },
      "after": {
        "picp": 0.7889972144846796,
        "mpiw": 5.902937883618197,
        "mis": 13.026192805264955,
        "pinball": 0.6090327536405187,
        "rmse_median": 2.669824370211369
      }
    },
    "contextual_outlier_2.0": {
      "before": {
        "picp": 0.8399489322191273,
        "mpiw": 5.85490204084039,
        "mis": 9.38757180240193,
        "pinball": 0.4947425489171448,
        "rmse_median": 2.2781112068402387
      },
      "after": {
        "picp": 0.7883008356545961,
        "mpiw": 5.902032919079615,
        "mis": 13.024098440057834,
        "pinball": 0.6084209272671688,
        "rmse_median": 2.668553775208092
      }
    },
    "contextual_outlier_4.0": {
      "before": {
        "picp": 0.8289229340761374,
        "mpiw": 5.875237024799904,
        "mis": 10.005691861670398,
        "pinball": 0.5198409468166011,
        "rmse_median": 2.393025553869286
      },
      "after": {
        "picp": 0.7807567316620242,
        "mpiw": 5.8983674499388465,
        "mis": 13.484046807722704,
        "pinball": 0.6245662295619802,
        "rmse_median": 2.737086836348889
      }
    },
    "drift_1.0": {
      "before": {
        "picp": 0.5842618384401114,
        "mpiw": 5.867681165083122,
        "mis": 17.90237760890129,
        "pinball": 0.8067068283710553,
        "rmse_median": 3.1052895905127573
      },
      "after": {
        "picp": 0.5768337975858867,
        "mpiw": 5.924358844076342,
        "mis": 20.1386332036706,
        "pinball": 0.8685885271268586,
        "rmse_median": 3.317072157448274
      }
    },
    "drift_2.0": {
      "before": {
        "picp": 0.38057103064066855,
        "mpiw": 5.930244012015863,
        "mis": 39.521080729690375,
        "pinball": 1.4432631755330836,
        "rmse_median": 4.729675907043296
      },
      "after": {
        "picp": 0.4133008356545961,
        "mpiw": 5.981362241487206,
        "mis": 36.12252684390629,
        "pinball": 1.3484869503013328,
        "rmse_median": 4.550140998731368
      }
    },
    "drift_4.0": {
      "before": {
        "picp": 0.1882544103992572,
        "mpiw": 6.206732919054284,
        "mis": 92.36213571551227,
        "pinball": 2.885269302770267,
        "rmse_median": 8.215214816200389
      },
      "after": {
        "picp": 0.21332404828226556,
        "mpiw": 6.220080669516505,
        "mis": 83.58416897889141,
        "pinball": 2.656377295856894,
        "rmse_median": 7.8004701086151655
      }
    },
    "fgsm_1.0": {
      "before": {
        "picp": 0.3412256267409471,
        "mpiw": 5.83777796929569,
        "mis": 33.490651571400214,
        "pinball": 1.3161760096063448,
        "rmse_median": 4.46372471223288
      },
      "after": {
        "picp": 0.3366991643454039,
        "mpiw": 5.927910396638087,
        "mis": 39.7627362972741,
        "pinball": 1.4812671679821465,
        "rmse_median": 5.021243510923236
      }
    },
    "fgsm_2.0": {
      "before": {
        "picp": 0.2292246982358403,
        "mpiw": 5.851248316012904,
        "mis": 59.80353326113434,
        "pinball": 2.0141054056109633,
        "rmse_median": 6.026460975085918
      },
      "after": {
        "picp": 0.2012534818941504,
        "mpiw": 6.00241013675154,
        "mis": 68.982959650454,
        "pinball": 2.272581368382421,
        "rmse_median": 6.8282912344937206
      }
    },
    "fgsm_4.0": {
      "before": {
        "picp": 0.16434540389972144,
        "mpiw": 6.0842844855889835,
        "mis": 104.6469880400888,
        "pinball": 3.198658797727741,
        "rmse_median": 8.82262228907024
      },
      "after": {
        "picp": 0.09900185701021355,
        "mpiw": 6.271367596696848,
        "mis": 117.66420814927135,
        "pinball": 3.568768295460807,
        "rmse_median": 9.655300107034385
      }
    },
    "flatline_1.0": {
      "before": {
        "picp": 0.552460538532962,
        "mpiw": 6.03072206818569,
        "mis": 28.536571255213172,
        "pinball": 1.1053951104855817,
        "rmse_median": 4.036080314937436
      },
      "after": {
        "picp": 0.5516480965645311,
        "mpiw": 6.0256616590204235,
        "mis": 28.555432965633713,
        "pinball": 1.1055469720469582,
        "rmse_median": 4.03397718613722
      }
    },
    "flatline_2.0": {
      "before": {
        "picp": 0.5587279480037141,
        "mpiw": 5.9509888415258985,
        "mis": 25.46133779888095,
        "pinball": 1.0111520433733312,
        "rmse_median": 3.7156195771900773
      },
      "after": {
        "picp": 0.5586118848653667,
        "mpiw": 5.948179347789725,
        "mis": 25.453632518674382,
        "pinball": 1.0106590518460616,
        "rmse_median": 3.7130935454110405
      }
    },
    "flatline_4.0": {
      "before": {
        "picp": 0.5518802228412256,
        "mpiw": 5.643398740470274,
        "mis": 25.948959907347227,
        "pinball": 1.008482664094749,
        "rmse_median": 3.8090006864790196
      },
      "after": {
        "picp": 0.5521123491179202,
        "mpiw": 5.642745599622048,
        "mis": 25.94244759477869,
        "pinball": 1.0080258676855762,
        "rmse_median": 3.8081640920952915
      }
    },
    "gap_imputation_1.0": {
      "before": {
        "picp": 0.8420380687093779,
        "mpiw": 5.856277818065911,
        "mis": 9.305441649527836,
        "pinball": 0.49127942382933615,
        "rmse_median": 2.2675575663554066
      },
      "after": {
        "picp": 0.7887650882079852,
        "mpiw": 5.895312083119639,
        "mis": 12.944547853438074,
        "pinball": 0.6061155735316202,
        "rmse_median": 2.660869627028468
      }
    },
    "gap_imputation_2.0": {
      "before": {
        "picp": 0.8378597957288765,
        "mpiw": 5.844118987188396,
        "mis": 9.38519924244089,