{
  "model": "qtransformer",
  "method": "detect_clean",
  "alpha": 0.1,
  "filter": "hampel(window=12, n_sigmas=3.0)",
  "settings": {
    "clean": {
      "before": {
        "picp": 0.9048282265552461,
        "mpiw": 7.486732339481373,
        "mis": 9.48621477978658,
        "pinball": 0.5110080486176924,
        "rmse_median": 2.430435930314456
      },
      "after": {
        "picp": 0.8502785515320335,
        "mpiw": 7.559334631104198,
        "mis": 13.621417421675162,
        "pinball": 0.646268198606034,
        "rmse_median": 2.9155678478338602
      }
    },
    "clock_skew_1.0": {
      "before": {
        "picp": 0.8003714020427113,
        "mpiw": 7.4998238545265945,
        "mis": 12.52791587131813,
        "pinball": 0.6377007679429921,
        "rmse_median": 2.8123687006016853
      },
      "after": {
        "picp": 0.7741411327762303,
        "mpiw": 7.519921004982318,
        "mis": 14.550057355517275,
        "pinball": 0.7034333562753391,
        "rmse_median": 3.039020038388686
      }
    },
    "clock_skew_2.0": {
      "before": {
        "picp": 0.6954503249767874,
        "mpiw": 7.622361792831592,
        "mis": 19.439482727230168,
        "pinball": 0.8840334879457085,
        "rmse_median": 3.5950634185873795
      },
      "after": {
        "picp": 0.6891829155060353,
        "mpiw": 7.629968640310792,
        "mis": 20.21338636205248,
        "pinball": 0.9060489558333661,
        "rmse_median": 3.6652792295104204
      }
    },
    "clock_skew_4.0": {
      "before": {
        "picp": 0.5567548746518106,
        "mpiw": 7.6748018636261515,
        "mis": 36.541924083432185,
        "pinball": 1.4047835643869477,
        "rmse_median": 5.1250120892802515
      },
      "after": {
        "picp": 0.5453806870937791,
        "mpiw": 7.647096673809671,
        "mis": 38.12400361459893,
        "pinball": 1.4502113682115632,
        "rmse_median": 5.281025499383335
      }
    },
    "contextual_outlier_1.0": {
      "before": {
        "picp": 0.9041318477251625,
        "mpiw": 7.494835418722845,
        "mis": 9.48859764495551,
        "pinball": 0.5108354128250645,
        "rmse_median": 2.4312445432624323
      },
      "after": {
        "picp": 0.8549210770659239,
        "mpiw": 7.5593700543847335,
        "mis": 13.42623970490863,
        "pinball": 0.6385728352788665,
        "rmse_median": 2.887681369794898
      }
    },
    "contextual_outlier_2.0": {
      "before": {
        "picp": 0.9028551532033426,
        "mpiw": 7.519390736874552,
        "mis": 9.533278862475989,
        "pinball": 0.5140593688123631,
        "rmse_median": 2.4428348211945976
      },
      "after": {
        "picp": 0.8542246982358404,
        "mpiw": 7.569440640321818,
        "mis": 13.352658045703768,
        "pinball": 0.6383319962695843,
        "rmse_median": 2.888995470176924
      }
    },
    "contextual_outlier_4.0": {
      "before": {
        "picp": 0.8949628597957289,
        "mpiw": 7.639394723229318,
        "mis": 10.213721809895725,
        "pinball": 0.5385160643683254,
        "rmse_median": 2.55602516482187
      },
      "after": {
        "picp": 0.8556174558960075,
        "mpiw": 7.605809063465208,
        "mis": 13.455887792617581,
        "pinball": 0.6396595344328126,
        "rmse_median": 2.8989900332425793
      }
    },
    "drift_1.0": {
      "before": {
        "picp": 0.7058960074280408,
        "mpiw": 7.541105231605287,
        "mis": 16.193474001429927,
        "pinball": 0.7922337634642231,
        "rmse_median": 3.281283967129143
      },
      "after": {
        "picp": 0.6963788300835655,
        "mpiw": 7.620895738910833,
        "mis": 18.5252586706261,
        "pinball": 0.8578255021553397,
        "rmse_median": 3.486686237883406
      }
    },
    "drift_2.0": {
      "before": {
        "picp": 0.49419684308263695,
        "mpiw": 7.763959094396725,
        "mis": 33.60622374996942,
        "pinball": 1.3821601851905425,
        "rmse_median": 4.943593025803568
      },
      "after": {
        "picp": 0.5362116991643454,
        "mpiw": 7.816649832649135,
        "mis": 30.206814475215193,
        "pinball": 1.2780098986137367,
        "rmse_median": 4.6924475240743435
      }
    },
    "drift_4.0": {
      "before": {
        "picp": 0.2720519962859796,
        "mpiw": 8.613078684538811,
        "mis": 77.76351071999721,
        "pinball": 2.7262520010829228,
        "rmse_median": 8.47151536030615
      },
      "after": {
        "picp": 0.3100046425255339,
        "mpiw": 8.510071656983685,
        "mis": 68.33378540745232,
        "pinball": 2.462624273575043,
        "rmse_median": 7.91438702264668
      }
    },
    "fgsm_1.0": {
      "before": {
        "picp": 0.44962859795728877,
        "mpiw": 8.168773930745202,
        "mis": 35.12737902892163,
        "pinball": 1.4907979990154863,
        "rmse_median": 5.475822598906664
      },
      "after": {
        "picp": 0.467966573816156,
        "mpiw": 8.186145088098076,
        "mis": 33.85095345096866,
        "pinball": 1.4503900548027082,
        "rmse_median": 5.360003309491001
      }
    },
    "fgsm_2.0": {
      "before": {
        "picp": 0.37058960074280406,
        "mpiw": 8.799568024625536,
        "mis": 57.424778079874315,
        "pinball": 2.1346619082629226,
        "rmse_median": 7.154523365296659
      },
      "after": {
        "picp": 0.38730269266480966,
        "mpiw": 8.815495975495638,
        "mis": 54.065353318725236,
        "pinball": 2.0483247329369143,
        "rmse_median": 6.9759113254334775
      }
    },
    "fgsm_4.0": {
      "before": {
        "picp": 0.3097725162488394,
        "mpiw": 9.40516746551645,
        "mis": 99.09648032519054,
        "pinball": 3.283980151273235,
        "rmse_median": 10.317281276081209
      },
      "after": {
        "picp": 0.3476090993500464,
        "mpiw": 9.492884405987866,
        "mis": 89.23398426064715,
        "pinball": 3.035863172925128,
        "rmse_median": 9.81234610089039
      }
    },
    "flatline_1.0": {
      "before": {
        "picp": 0.6646935933147632,
        "mpiw": 7.894759368632623,
        "mis": 25.278451851934115,
        "pinball": 1.0512486336367757,
        "rmse_median": 4.041702640193585
      },
      "after": {
        "picp": 0.6646935933147632,
        "mpiw": 7.887486263753691,
        "mis": 25.247655183799697,
        "pinball": 1.0497433034502006,
        "rmse_median": 4.037052750571785
      }
    },
    "flatline_2.0": {
      "before": {
        "picp": 0.6471680594243269,
        "mpiw": 7.648051784682649,
        "mis": 23.75712775641287,
        "pinball": 1.0113721339582387,
        "rmse_median": 3.849551549714123
      },
      "after": {
        "picp": 0.6449628597957289,
        "mpiw": 7.646736890745814,
        "mis": 23.783441807995803,
        "pinball": 1.0118921618644385,
        "rmse_median": 3.8501635921106243
      }
    },
    "flatline_4.0": {
      "before": {
        "picp": 0.5892525533890436,
        "mpiw": 6.896331957741235,
        "mis": 26.422522513408484,
        "pinball": 1.0874002864748744,
        "rmse_median": 4.240591204223851
      },
      "after": {
        "picp": 0.5878597957288765,
        "mpiw": 6.896022292329441,
        "mis": 26.479775752263265,
        "pinball": 1.0893452163158035,
        "rmse_median": 4.2470857119941945
      }
    },
    "gap_imputation_1.0": {
      "before": {
        "picp": 0.9029712163416899,
        "mpiw": 7.47689214333979,
        "mis": 9.487117624273552,
        "pinball": 0.511371153638516,
        "rmse_median": 2.4293654079530573
      },
      "after": {
        "picp": 0.8510909935004642,
        "mpiw": 7.5394162429634894,
        "mis": 13.262594011325305,
        "pinball": 0.6361271034647863,
        "rmse_median": 2.876653072707082
      }
    },
    "gap_imputation_2.0": {
      "before": {
        "picp": 0.8950789229340761,
        "mpiw": 7.456840252346641,
        "mis": 9.66288753201122,