{
  "model": "deepar_robust",
  "method": "static",
  "alpha": 0.1,
  "fit_on": [
    "clean"
  ],
  "params": {
    "tau": 1.15
  },
  "settings": {
    "clean": {
      "before": {
        "picp": 0.838091922005571,
        "mpiw": 12.834369218216116,
        "mis": 18.026890448393033,
        "pinball": 0.9898605412505601,
        "rmse_median": 4.403040904666402
      },
      "after": {
        "picp": 0.9018105849582173,
        "mpiw": 14.75952460094853,
        "mis": 17.788077641715123,
        "pinball": 0.9830518437425264,
        "rmse_median": 4.403040904666402
      }
    },
    "clock_skew_1.0": {
      "before": {
        "picp": 0.7804085422469823,
        "mpiw": 12.755677615197898,
        "mis": 19.538092210778824,
        "pinball": 1.034218019643027,
        "rmse_median": 4.417207169131119
      },
      "after": {
        "picp": 0.84830547818013,
        "mpiw": 14.669029257477582,
        "mis": 18.832531985882405,
        "pinball": 1.0220905746787388,
        "rmse_median": 4.417207169131119
      }
    },
    "clock_skew_2.0": {
      "before": {
        "picp": 0.6939415041782729,
        "mpiw": 12.736833844204616,
        "mis": 27.056842294933983,
        "pinball": 1.253925842344188,
        "rmse_median": 5.043060377562938
      },
      "after": {
        "picp": 0.7523212627669452,
        "mpiw": 14.647358920835307,
        "mis": 25.132028608011645,
        "pinball": 1.227912329622675,
        "rmse_median": 5.043060377562938
      }
    },
    "clock_skew_4.0": {
      "before": {
        "picp": 0.5576833797585887,
        "mpiw": 12.443638751107207,
        "mis": 44.94313024035355,
        "pinball": 1.7953167538768062,
        "rmse_median": 6.60417311421293
      },
      "after": {
        "picp": 0.6194289693593314,
        "mpiw": 14.310184563773287,
        "mis": 40.99764322482859,
        "pinball": 1.7398206843081685,
        "rmse_median": 6.60417311421293
      }
    },
    "contextual_outlier_1.0": {
      "before": {
        "picp": 0.8389043639740018,
        "mpiw": 12.847359369594818,
        "mis": 18.036713792578265,
        "pinball": 0.9906682112634188,
        "rmse_median": 4.4039054005651455
      },
      "after": {
        "picp": 0.9028551532033426,
        "mpiw": 14.774463275034039,
        "mis": 17.819642000381464,
        "pinball": 0.9840684277459626,
        "rmse_median": 4.4039054005651455
      }
    },
    "contextual_outlier_2.0": {
      "before": {
        "picp": 0.8398328690807799,
        "mpiw": 12.868547240033186,
        "mis": 18.111408620519025,
        "pinball": 0.9931179299382743,
        "rmse_median": 4.409439106325014
      },
      "after": {
        "picp": 0.9022748375116063,
        "mpiw": 14.798829326038161,
        "mis": 17.9042792534756,
        "pinball": 0.9867283317257424,
        "rmse_median": 4.409439106325014
      }
    },
    "contextual_outlier_4.0": {
      "before": {
        "picp": 0.8371634168987929,
        "mpiw": 12.905542494742956,
        "mis": 18.43899192034886,
        "pinball": 1.0035374875547265,
        "rmse_median": 4.444598269486002
      },
      "after": {
        "picp": 0.8978644382544104,
        "mpiw": 14.841373868954397,
        "mis": 18.1612622065129,
        "pinball": 0.9964582149242664,
        "rmse_median": 4.444598269486002
      }
    },
    "drift_1.0": {
      "before": {
        "picp": 0.7096100278551533,
        "mpiw": 13.08713414462081,
        "mis": 24.16587208154775,
        "pinball": 1.1970769524546994,
        "rmse_median": 4.9351441613362175
      },
      "after": {
        "picp": 0.773560817084494,
        "mpiw": 15.050204266313932,
        "mis": 22.817959247700735,
        "pinball": 1.1755709489017807,
        "rmse_median": 4.9351441613362175
      }
    },
    "drift_2.0": {
      "before": {
        "picp": 0.6279015784586816,
        "mpiw": 13.841065223823414,
        "mis": 36.51396841931045,
        "pinball": 1.604387032617058,
        "rmse_median": 6.146188758770905
      },
      "after": {
        "picp": 0.6862813370473537,
        "mpiw": 15.917225007396922,
        "mis": 33.877394938925654,
        "pinball": 1.5636267415343574,
        "rmse_median": 6.146188758770905
      }
    },
    "drift_4.0": {
      "before": {
        "picp": 0.5509517177344475,
        "mpiw": 15.47534641332706,
        "mis": 59.95378702239191,
        "pinball": 2.398168796939995,
        "rmse_median": 8.70921895191547
      },
      "after": {
        "picp": 0.6133936861652739,
        "mpiw": 17.796648375326118,
        "mis": 55.147743431096636,
        "pinball": 2.321433044772322,
        "rmse_median": 8.70921895191547
      }
    },
    "fgsm_1.0": {
      "before": {
        "picp": 0.6316155988857939,
        "mpiw": 15.302300383058208,
        "mis": 39.11407557860771,
        "pinball": 1.6686709644927586,
        "rmse_median": 6.285583312059705
      },
      "after": {
        "picp": 0.6769962859795728,
        "mpiw": 17.597645440516935,
        "mis": 36.59486831198275,
        "pinball": 1.6386224740356732,
        "rmse_median": 6.285583312059705
      }
    },
    "fgsm_2.0": {
      "before": {
        "picp": 0.6061977715877437,
        "mpiw": 17.363792959253992,
        "mis": 50.52565983604643,
        "pinball": 2.091183479860181,
        "rmse_median": 7.752970376516917
      },
      "after": {
        "picp": 0.6530872794800371,
        "mpiw": 19.96836190314209,
        "mis": 46.93143179747373,
        "pinball": 2.046850015627384,
        "rmse_median": 7.752970376516917
      }
    },
    "fgsm_4.0": {
      "before": {
        "picp": 0.63347260909935,
        "mpiw": 20.19737261995415,
        "mis": 55.15324825983201,
        "pinball": 2.420777443185479,
        "rmse_median": 9.324889145884116
      },
      "after": {
        "picp": 0.6867455896007428,
        "mpiw": 23.226978512947273,
        "mis": 50.68985250256028,
        "pinball": 2.35881987108842,
        "rmse_median": 9.324889145884116
      }
    },
    "flatline_1.0": {
      "before": {
        "picp": 0.7829619312906221,
        "mpiw": 12.161943120074898,
        "mis": 21.691741643463345,
        "pinball": 1.048862760072388,
        "rmse_median": 4.326228381079499
      },
      "after": {
        "picp": 0.8347260909935005,
        "mpiw": 13.986234588086132,
        "mis": 21.420962247622022,
        "pinball": 1.0432259128756827,
        "rmse_median": 4.326228381079499
      }
    },
    "flatline_2.0": {
      "before": {
        "picp": 0.7350278551532033,
        "mpiw": 11.93782284855082,
        "mis": 23.624334716530537,
        "pinball": 1.154296521292293,
        "rmse_median": 4.785787035828674
      },
      "after": {
        "picp": 0.7938718662952646,
        "mpiw": 13.728496275833441,
        "mis": 22.464569789149305,
        "pinball": 1.132940809448445,
        "rmse_median": 4.785787035828674
      }
    },
    "flatline_4.0": {
      "before": {
        "picp": 0.515552460538533,
        "mpiw": 11.435616674958009,
        "mis": 41.56059040573709,
        "pinball": 1.7979394541474996,
        "rmse_median": 6.871216654748618
      },
      "after": {
        "picp": 0.596100278551532,
        "mpiw": 13.150959176201708,
        "mis": 36.39548824733552,
        "pinball": 1.7154701566248682,
        "rmse_median": 6.871216654748618
      }
    },
    "gap_imputation_1.0": {
      "before": {
        "picp": 0.8356545961002786,
        "mpiw": 12.7916238699112,
        "mis": 18.109438148984953,
        "pinball": 0.99652753154011,
        "rmse_median": 4.438361806490847
      },
      "after": {
        "picp": 0.8998375116063139,
        "mpiw": 14.71036745039788,
        "mis": 17.80639485996924,
        "pinball": 0.9884270266703136,
        "rmse_median": 4.438361806490847
      }
    },
    "gap_imputation_2.0": {
      "before": {
        "picp": 0.819870009285051,
        "mpiw": 12.676198130487005,
        "mis": 18.872554758015287,