{
  "model": "deepar",
  "method": "static",
  "alpha": 0.1,
  "fit_on": [
    "clean"
  ],
  "params": {
    "tau": 1.2000000000000002
  },
  "settings": {
    "clean": {
      "before": {
        "picp": 0.8523676880222841,
        "mpiw": 7.4989793694948,
        "mis": 10.980776207339314,
        "pinball": 0.5834213258533655,
        "rmse_median": 2.69082310748601
      },
      "after": {
        "picp": 0.9155060352831941,
        "mpiw": 8.998775243393762,
        "mis": 10.862406311364033,
        "pinball": 0.5826336845197474,
        "rmse_median": 2.69082310748601
      }
    },
    "contextual_outlier_1.0": {
      "before": {
        "picp": 0.8510909935004642,
        "mpiw": 7.499779695811349,
        "mis": 10.981093111160702,
        "pinball": 0.5840339905818126,
        "rmse_median": 2.693126591084596
      },
      "after": {
        "picp": 0.9152739090064995,
        "mpiw": 8.99973563497362,
        "mis": 10.85950075295145,
        "pinball": 0.5831092674459338,
        "rmse_median": 2.693126591084596
      }
    },
    "contextual_outlier_2.0": {
      "before": {
        "picp": 0.8479572887650882,
        "mpiw": 7.504398324705928,
        "mis": 11.022412385423674,
        "pinball": 0.5864521403258376,
        "rmse_median": 2.7022816262844502
      },
      "after": {
        "picp": 0.9146935933147632,
        "mpiw": 9.005277989647114,
        "mis": 10.873601159557778,
        "pinball": 0.585125035796186,
        "rmse_median": 2.7022816262844502
      }
    },
    "contextual_outlier_4.0": {
      "before": {
        "picp": 0.8442432683379758,
        "mpiw": 7.538632625958382,
        "mis": 11.176260598509453,
        "pinball": 0.5928598601485121,
        "rmse_median": 2.7309673858053474
      },
      "after": {
        "picp": 0.912372330547818,
        "mpiw": 9.04635915115006,
        "mis": 10.975555594567,
        "pinball": 0.5909517073662691,
        "rmse_median": 2.7309673858053474
      }
    },
    "fgsm_1.0": {
      "before": {
        "picp": 0.4803853296193129,
        "mpiw": 9.155429754449937,
        "mis": 44.19821832761063,
        "pinball": 1.6919061184672053,
        "rmse_median": 6.001582472582778
      },
      "after": {
        "picp": 0.5483983286908078,
        "mpiw": 10.986515705339926,
        "mis": 38.747659699665135,
        "pinball": 1.6118607293208282,
        "rmse_median": 6.001582472582778
      }
    },
    "fgsm_2.0": {
      "before": {
        "picp": 0.4174791086350975,
        "mpiw": 10.705278524401384,
        "mis": 67.91706445990634,
        "pinball": 2.4903554010407563,
        "rmse_median": 8.543424175818656
      },
      "after": {
        "picp": 0.4931522748375116,
        "mpiw": 12.846334229281664,
        "mis": 59.378485674063135,
        "pinball": 2.362538012777698,
        "rmse_median": 8.543424175818656
      }
    },
    "fgsm_4.0": {
      "before": {
        "picp": 0.4213091922005571,
        "mpiw": 13.279499973276977,
        "mis": 92.65428668797679,
        "pinball": 3.295389942004868,
        "rmse_median": 11.266126546487897
      },
      "after": {
        "picp": 0.49280408542246984,
        "mpiw": 15.935399967932376,
        "mis": 82.07189537207238,
        "pinball": 3.137941034093108,
        "rmse_median": 11.266126546487897
      }
    },
    "level_shift_1.0": {
      "before": {
        "picp": 0.666782729805014,
        "mpiw": 7.618884152067678,
        "mis": 17.742559924183723,
        "pinball": 0.8417449479078883,
        "rmse_median": 3.3989197336940697
      },
      "after": {
        "picp": 0.7501160631383472,
        "mpiw": 9.142660982481216,
        "mis": 16.024509499654428,
        "pinball": 0.8133374073349179,
        "rmse_median": 3.3989197336940697
      }
    },
    "level_shift_2.0": {
      "before": {
        "picp": 0.4726090993500464,
        "mpiw": 7.799976211734117,
        "mis": 35.244689691016056,
        "pinball": 1.4167452285833144,
        "rmse_median": 5.015969806681605
      },
      "after": {
        "picp": 0.5699860724233984,
        "mpiw": 9.359971454080942,
        "mis": 30.647634315759863,
        "pinball": 1.3424923118728616,
        "rmse_median": 5.015969806681605
      }
    },
    "level_shift_4.0": {
      "before": {
        "picp": 0.2675255338904364,
        "mpiw": 7.90788102747504,
        "mis": 85.11371984111433,
        "pinball": 2.8061472066759916,
        "rmse_median": 8.472085129942935
      },
      "after": {
        "picp": 0.32346796657381616,
        "mpiw": 9.489457232970048,
        "mis": 76.27773425377418,
        "pinball": 2.675881220826461,
        "rmse_median": 8.472085129942935
      }
    },
    "point_spike_1.0": {
      "before": {
        "picp": 0.8512070566388115,
        "mpiw": 7.4976162842566065,
        "mis": 10.999809766513494,
        "pinball": 0.5838124787616444,
        "rmse_median": 2.690246709408183
      },
      "after": {
        "picp": 0.9149257195914577,
        "mpiw": 8.99713954110793,
        "mis": 10.876635400861685,
        "pinball": 0.5830349921615975,
        "rmse_median": 2.690246709408183
      }
    },
    "point_spike_2.0": {
      "before": {
        "picp": 0.8503946146703807,
        "mpiw": 7.508237208001722,
        "mis": 11.088845375709314,
        "pinball": 0.5869701736016684,
        "rmse_median": 2.7026977107019796
      },
      "after": {
        "picp": 0.9135329619312906,
        "mpiw": 9.009884649602068,
        "mis": 10.952604976376563,
        "pinball": 0.5859939318945167,
        "rmse_median": 2.7026977107019796
      }
    },
    "point_spike_4.0": {
      "before": {
        "picp": 0.8448235840297121,
        "mpiw": 7.529113480053638,
        "mis": 11.434329265983532,
        "pinball": 0.5993773813748663,
        "rmse_median": 2.7866816293180734
      },
      "after": {
        "picp": 0.9128365831012071,
        "mpiw": 9.034936176064368,
        "mis": 11.238567903509974,
        "pinball": 0.5973302729308048,
        "rmse_median": 2.7866816293180734
      }
    }
  }
}