{
  "model": "deepar",
  "method": "static",
  "alpha": 0.1,
  "fit_on": [
    "clean"
  ],
  "params": {
    "tau": 1.2000000000000002
  },
  "settings": {
    "clean": {
      "before": {
        "picp": 0.8523676880222841,
        "mpiw": 7.4989793694948,
        "mis": 10.980776207339314,
        "pinball": 0.5834213258533655,
        "rmse_median": 2.69082310748601
      },
      "after": {
        "picp": 0.9155060352831941,
        "mpiw": 8.998775243393762,
        "mis": 10.862406311364033,
        "pinball": 0.5826336845197474,
        "rmse_median": 2.69082310748601
      }
    },
    "clock_skew_1.0": {
      "before": {
        "picp": 0.7372330547818013,
        "mpiw": 7.437789401920475,
        "mis": 14.473733906128714,
        "pinball": 0.7216667400957846,
        "rmse_median": 3.103611585956773
      },
      "after": {
        "picp": 0.8177808727948004,
        "mpiw": 8.925347282304571,
        "mis": 13.282595449176743,
        "pinball": 0.7028362092696262,
        "rmse_median": 3.103611585956773
      }
    },
    "clock_skew_2.0": {
      "before": {
        "picp": 0.6384633240482822,
        "mpiw": 7.435332429447479,
        "mis": 21.75728312002152,
        "pinball": 0.9578058470339359,
        "rmse_median": 3.8152871463003084
      },
      "after": {
        "picp": 0.7213324048282266,
        "mpiw": 8.922398915336977,
        "mis": 19.269735728269563,
        "pinball": 0.9190969455119264,
        "rmse_median": 3.8152871463003084
      }
    },
    "clock_skew_4.0": {
      "before": {
        "picp": 0.5193825441039925,
        "mpiw": 7.620558315637449,
        "mis": 39.040250428394266,
        "pinball": 1.467941743755834,
        "rmse_median": 5.262499164618364
      },
      "after": {
        "picp": 0.5970287836583101,
        "mpiw": 9.144669978764941,
        "mis": 34.605417967854464,
        "pinball": 1.401445443288333,
        "rmse_median": 5.262499164618364
      }
    },
    "contextual_outlier_1.0": {
      "before": {
        "picp": 0.8510909935004642,
        "mpiw": 7.499779695811349,
        "mis": 10.981093111160702,
        "pinball": 0.5840339905818126,
        "rmse_median": 2.693126591084596
      },
      "after": {
        "picp": 0.9152739090064995,
        "mpiw": 8.99973563497362,
        "mis": 10.85950075295145,
        "pinball": 0.5831092674459338,
        "rmse_median": 2.693126591084596
      }
    },
    "contextual_outlier_2.0": {
      "before": {
        "picp": 0.8479572887650882,
        "mpiw": 7.504398324705928,
        "mis": 11.022412385423674,
        "pinball": 0.5864521403258376,
        "rmse_median": 2.7022816262844502
      },
      "after": {
        "picp": 0.9146935933147632,
        "mpiw": 9.005277989647114,
        "mis": 10.873601159557778,
        "pinball": 0.585125035796186,
        "rmse_median": 2.7022816262844502
      }
    },
    "contextual_outlier_4.0": {
      "before": {
        "picp": 0.8442432683379758,
        "mpiw": 7.538632625958382,
        "mis": 11.176260598509453,
        "pinball": 0.5928598601485121,
        "rmse_median": 2.7309673858053474
      },
      "after": {
        "picp": 0.912372330547818,
        "mpiw": 9.04635915115006,
        "mis": 10.975555594567,
        "pinball": 0.5909517073662691,
        "rmse_median": 2.7309673858053474
      }
    },
    "drift_1.0": {
      "before": {
        "picp": 0.6494893221912721,
        "mpiw": 7.592371970532737,
        "mis": 18.153302285304513,
        "pinball": 0.8532464510020185,
        "rmse_median": 3.42492644432495
      },
      "after": {
        "picp": 0.7346796657381616,
        "mpiw": 9.110846364639285,
        "mis": 16.28084899660695,
        "pinball": 0.8229557190011967,
        "rmse_median": 3.42492644432495
      }
    },
    "drift_2.0": {
      "before": {
        "picp": 0.4794568245125348,
        "mpiw": 7.817011649520292,
        "mis": 35.470956802688654,
        "pinball": 1.4131357469573458,
        "rmse_median": 4.9821632316685
      },
      "after": {
        "picp": 0.5594243268337976,
        "mpiw": 9.38041397942435,
        "mis": 30.920455101209523,
        "pinball": 1.3414416243950427,
        "rmse_median": 4.9821632316685
      }
    },
    "drift_4.0": {
      "before": {
        "picp": 0.276230269266481,
        "mpiw": 8.32930346705678,
        "mis": 80.7579906774699,
        "pinball": 2.735322407898042,
        "rmse_median": 8.401375689496637
      },
      "after": {
        "picp": 0.34842154131847725,
        "mpiw": 9.995164160468137,
        "mis": 71.74731934650626,
        "pinball": 2.600117853009104,
        "rmse_median": 8.401375689496637
      }
    },
    "fgsm_1.0": {
      "before": {
        "picp": 0.4803853296193129,
        "mpiw": 9.155429754449937,
        "mis": 44.19821832761063,
        "pinball": 1.6919061184672053,
        "rmse_median": 6.001582472582778
      },
      "after": {
        "picp": 0.5483983286908078,
        "mpiw": 10.986515705339926,
        "mis": 38.747659699665135,
        "pinball": 1.6118607293208282,
        "rmse_median": 6.001582472582778
      }
    },
    "fgsm_2.0": {
      "before": {
        "picp": 0.4174791086350975,
        "mpiw": 10.705278524401384,
        "mis": 67.91706445990634,
        "pinball": 2.4903554010407563,
        "rmse_median": 8.543424175818656
      },
      "after": {
        "picp": 0.4931522748375116,
        "mpiw": 12.846334229281664,
        "mis": 59.378485674063135,
        "pinball": 2.362538012777698,
        "rmse_median": 8.543424175818656
      }
    },
    "fgsm_4.0": {
      "before": {
        "picp": 0.4213091922005571,
        "mpiw": 13.279499973276977,
        "mis": 92.65428668797679,
        "pinball": 3.295389942004868,
        "rmse_median": 11.266126546487897
      },
      "after": {
        "picp": 0.49280408542246984,
        "mpiw": 15.935399967932376,
        "mis": 82.07189537207238,
        "pinball": 3.137941034093108,
        "rmse_median": 11.266126546487897
      }
    },
    "flatline_1.0": {
      "before": {
        "picp": 0.5870473537604457,
        "mpiw": 8.171318429897562,
        "mis": 30.36408217412327,
        "pinball": 1.201192191471774,
        "rmse_median": 4.37728233155306
      },
      "after": {
        "picp": 0.6593546889507892,
        "mpiw": 9.805582115877078,
        "mis": 27.765190434993617,
        "pinball": 1.1619406377811585,
        "rmse_median": 4.37728233155306
      }
    },
    "flatline_2.0": {
      "before": {
        "picp": 0.5930826369545033,
        "mpiw": 8.005875149426988,
        "mis": 28.41622520086718,
        "pinball": 1.138462365071033,
        "rmse_median": 4.1708010925985075
      },
      "after": {
        "picp": 0.6656220984215413,
        "mpiw": 9.607050179312386,
        "mis": 25.96088302829499,
        "pinball": 1.1019054537921618,
        "rmse_median": 4.1708010925985075
      }
    },
    "flatline_4.0": {
      "before": {
        "picp": 0.5891364902506964,
        "mpiw": 7.371619206356257,
        "mis": 25.64577034121266,
        "pinball": 1.0694032398962514,
        "rmse_median": 4.155645848539142
      },
      "after": {
        "picp": 0.6684076137418756,
        "mpiw": 8.84594304762751,
        "mis": 22.600069223779954,
        "pinball": 1.0230591485980542,
        "rmse_median": 4.155645848539142
      }
    },
    "gap_imputation_1.0": {
      "before": {
        "picp": 0.8531801299907149,
        "mpiw": 7.494911342040774,
        "mis": 10.949659456244019,
        "pinball": 0.5821273279639091,
        "rmse_median": 2.684807939152627
      },
      "after": {
        "picp": 0.9159702878365831,
        "mpiw": 8.993893610448929,
        "mis": 10.843988481951039,
        "pinball": 0.5815011680619356,
        "rmse_median": 2.684807939152627
      }
    },
    "gap_imputation_2.0": {
      "before": {
        "picp": 0.8519034354688951,
        "mpiw": 7.489946208167193,
        "mis": 11.040965768803538,