{
  "model": "lgbm_robust",
  "method": "static",
  "alpha": 0.1,
  "fit_on": [
    "clean"
  ],
  "params": {
    "tau": 1.05
  },
  "settings": {
    "clean": {
      "before": {
        "picp": 0.8869545032497679,
        "mpiw": 9.441746476882319,
        "mis": 12.254941831719773,
        "pinball": 0.6347586007610267,
        "rmse_median": 2.860913886667092
      },
      "after": {
        "picp": 0.9018105849582173,
        "mpiw": 9.913833800726437,
        "mis": 12.318781813839575,
        "pinball": 0.6360243408680412,
        "rmse_median": 2.860913886667092
      }
    },
    "clock_skew_1.0": {
      "before": {
        "picp": 0.8442432683379758,
        "mpiw": 9.339678234812341,
        "mis": 13.455713309239435,
        "pinball": 0.7009047629649048,
        "rmse_median": 3.0938042110253035
      },
      "after": {
        "picp": 0.8644382544103992,
        "mpiw": 9.80666214655296,
        "mis": 13.378453835159,
        "pinball": 0.6996817408937456,
        "rmse_median": 3.0938042110253035
      }
    },
    "clock_skew_2.0": {
      "before": {
        "picp": 0.7728644382544104,
        "mpiw": 9.165875321885933,
        "mis": 16.854190816512716,
        "pinball": 0.8513534248226905,
        "rmse_median": 3.6313416579571154
      },
      "after": {
        "picp": 0.7937558031569174,
        "mpiw": 9.624169087980231,
        "mis": 16.47654428739677,
        "pinball": 0.8451394480296314,
        "rmse_median": 3.6313416579571154
      }
    },
    "clock_skew_4.0": {
      "before": {
        "picp": 0.6602831940575673,
        "mpiw": 9.088796866396306,
        "mis": 25.79721276138119,
        "pinball": 1.2212958168720291,
        "rmse_median": 4.902979568065265
      },
      "after": {
        "picp": 0.6824512534818942,
        "mpiw": 9.54323670971612,
        "mis": 24.76862137890095,
        "pinball": 1.205822679444802,
        "rmse_median": 4.902979568065265
      }
    },
    "contextual_outlier_1.0": {
      "before": {
        "picp": 0.8875348189415042,
        "mpiw": 9.446320911825648,
        "mis": 12.22422529400569,
        "pinball": 0.6341390993677429,
        "rmse_median": 2.858779847116045
      },
      "after": {
        "picp": 0.9035515320334262,
        "mpiw": 9.918636957416929,
        "mis": 12.28788817030413,
        "pinball": 0.635378663830897,
        "rmse_median": 2.858779847116045
      }
    },
    "contextual_outlier_2.0": {
      "before": {
        "picp": 0.8886954503249768,
        "mpiw": 9.48854121996086,
        "mis": 12.283773786678193,
        "pinball": 0.6382031276656962,
        "rmse_median": 2.88048673865427
      },
      "after": {
        "picp": 0.9029712163416899,
        "mpiw": 9.962968280958904,
        "mis": 12.352494748141327,
        "pinball": 0.6395193647272129,
        "rmse_median": 2.88048673865427
      }
    },
    "contextual_outlier_4.0": {
      "before": {
        "picp": 0.890552460538533,
        "mpiw": 9.640187399274204,
        "mis": 12.347695896461655,
        "pinball": 0.6451110607060543,
        "rmse_median": 2.885961625561523
      },
      "after": {
        "picp": 0.9066852367688022,
        "mpiw": 10.122196769237915,
        "mis": 12.4275181852805,
        "pinball": 0.6466864611612493,
        "rmse_median": 2.885961625561523
      }
    },
    "drift_1.0": {
      "before": {
        "picp": 0.8361188486536676,
        "mpiw": 9.559638190170368,
        "mis": 14.259647072803748,
        "pinball": 0.7616890310846287,
        "rmse_median": 3.320616554251263
      },
      "after": {
        "picp": 0.8556174558960075,
        "mpiw": 10.037620099678888,
        "mis": 14.143711270169565,
        "pinball": 0.7596579163160676,
        "rmse_median": 3.320616554251263
      }
    },
    "drift_2.0": {
      "before": {
        "picp": 0.7467502321262767,
        "mpiw": 10.047664395265622,
        "mis": 19.74888199437491,
        "pinball": 1.0174989305739504,
        "rmse_median": 4.217490682065329
      },
      "after": {
        "picp": 0.7700789229340761,
        "mpiw": 10.550047615028904,
        "mis": 19.21979190131248,
        "pinball": 1.008534336951518,
        "rmse_median": 4.217490682065329
      }
    },
    "drift_4.0": {
      "before": {
        "picp": 0.6349814298978644,
        "mpiw": 11.478788653762157,
        "mis": 30.765636355829066,
        "pinball": 1.4357673125131176,
        "rmse_median": 5.515234874769497
      },
      "after": {
        "picp": 0.6633008356545961,
        "mpiw": 12.052728086450266,
        "mis": 29.633282782074833,
        "pinball": 1.4184621300535147,
        "rmse_median": 5.515234874769497
      }
    },
    "flatline_1.0": {
      "before": {
        "picp": 0.7907381615598886,
        "mpiw": 9.455277096360748,
        "mis": 16.433429353434573,
        "pinball": 0.8459011820098314,
        "rmse_median": 3.550596947828792
      },
      "after": {
        "picp": 0.8120937790157846,
        "mpiw": 9.928040951178787,
        "mis": 16.155950972040348,
        "pinball": 0.8414291924369257,
        "rmse_median": 3.550596947828792
      }
    },
    "flatline_2.0": {
      "before": {
        "picp": 0.762883008356546,
        "mpiw": 9.080286237782875,
        "mis": 17.33619931332662,
        "pinball": 0.8729326262813549,
        "rmse_median": 3.6241183377557533
      },
      "after": {
        "picp": 0.784702878365831,
        "mpiw": 9.53430054967202,
        "mis": 16.943412603732888,
        "pinball": 0.8667838594525806,
        "rmse_median": 3.6241183377557533
      }
    },
    "flatline_4.0": {
      "before": {
        "picp": 0.5603528319405757,
        "mpiw": 6.8350681701533444,
        "mis": 31.504434760885136,
        "pinball": 1.233782303756785,
        "rmse_median": 4.740960164735003
      },
      "after": {
        "picp": 0.5781104921077066,
        "mpiw": 7.176821578661012,
        "mis": 30.490373033666124,
        "pinball": 1.2190315252466701,
        "rmse_median": 4.740960164735003
      }
    },
    "gap_imputation_1.0": {
      "before": {
        "picp": 0.885213556174559,
        "mpiw": 9.42139529087864,
        "mis": 12.271707266478364,
        "pinball": 0.6368601038246188,
        "rmse_median": 2.872842479468488
      },
      "after": {
        "picp": 0.9014623955431755,
        "mpiw": 9.892465055422575,
        "mis": 12.327968118282687,
        "pinball": 0.6379724729506275,
        "rmse_median": 2.872842479468488
      }
    },
    "gap_imputation_2.0": {
      "before": {
        "picp": 0.8725626740947076,
        "mpiw": 9.31813884180205,
        "mis": 12.973132909175694,
        "pinball": 0.6609114504361016,
        "rmse_median": 2.9746099508920523
      },
      "after": {
        "picp": 0.8889275766016713,
        "mpiw": 9.784045783892152,
        "mis": 12.970553503864311,
        "pinball": 0.6611855994208338,
        "rmse_median": 2.9746099508920523
      }
    },
    "gap_imputation_4.0": {
      "before": {
        "picp": 0.8632776230269267,
        "mpiw": 9.3182052369169,
        "mis": 13.607587822460026,
        "pinball": 0.6954635883072344,
        "rmse_median": 3.1717562913568154
      },
      "after": {
        "picp": 0.8788300835654597,
        "mpiw": 9.784115498762743,
        "mis": 13.553046929661923,
        "pinball": 0.6947197795839005,
        "rmse_median": 3.1717562913568154
      }
    },
    "level_shift_1.0": {
      "before": {
        "picp": 0.8379758588672238,
        "mpiw": 9.722032963970085,
        "mis": 14.07549600498769,
        "pinball": 0.7465045802272522,
        "rmse_median": 3.235764937693917
      },
      "after": {
        "picp": 0.8580547818012999,
        "mpiw": 10.20813461216859,
        "mis": 13.954887799843759,
        "pinball": 0.7447392567341315,
        "rmse_median": 3.235764937693917
      }
    },
    "level_shift_2.0": {
      "before": {
        "picp": 0.7549907149489322,
        "mpiw": 10.23741745376467,