{
  "model": "lgbm",
  "method": "static",
  "alpha": 0.1,
  "fit_on": [
    "clean"
  ],
  "params": {
    "tau": 1.1
  },
  "settings": {
    "clean": {
      "before": {
        "picp": 0.8657149489322191,
        "mpiw": 8.261693284259573,
        "mis": 11.631704378735073,
        "pinball": 0.5960347446030304,
        "rmse_median": 2.7314739466889137
      },
      "after": {
        "picp": 0.8940343546889508,
        "mpiw": 9.087862612685532,
        "mis": 11.628429741194386,
        "pinball": 0.5969212242436363,
        "rmse_median": 2.7314739466889137
      }
    },
    "clock_skew_1.0": {
      "before": {
        "picp": 0.7886490250696379,
        "mpiw": 8.199411643507243,
        "mis": 13.792766809566778,
        "pinball": 0.6846814878025954,
        "rmse_median": 2.972726545005999
      },
      "after": {
        "picp": 0.8254410399257196,
        "mpiw": 9.019352807857967,
        "mis": 13.43994282973096,
        "pinball": 0.6797085798214576,
        "rmse_median": 2.972726545005999
      }
    },
    "clock_skew_2.0": {
      "before": {
        "picp": 0.6951021355617456,
        "mpiw": 7.993913122371861,
        "mis": 19.441927799494024,
        "pinball": 0.8831660751737186,
        "rmse_median": 3.584184620620548
      },
      "after": {
        "picp": 0.7345636025998143,
        "mpiw": 8.79330443460905,
        "mis": 18.47316913694138,
        "pinball": 0.8690288371898613,
        "rmse_median": 3.584184620620548
      }
    },
    "clock_skew_4.0": {
      "before": {
        "picp": 0.5908774373259053,
        "mpiw": 7.813483853022531,
        "mis": 30.84596458380513,
        "pinball": 1.2976185816901806,
        "rmse_median": 4.9484386501705995
      },
      "after": {
        "picp": 0.6284818941504178,
        "mpiw": 8.594832238324784,
        "mis": 28.697794194425395,
        "pinball": 1.2659127151700393,
        "rmse_median": 4.9484386501705995
      }
    },
    "contextual_outlier_1.0": {
      "before": {
        "picp": 0.8650185701021356,
        "mpiw": 8.266536265899754,
        "mis": 11.633888757136214,
        "pinball": 0.5959835702070435,
        "rmse_median": 2.730626389621464
      },
      "after": {
        "picp": 0.8938022284122563,
        "mpiw": 9.09318989248973,
        "mis": 11.629390234410055,
        "pinball": 0.5968027175375946,
        "rmse_median": 2.730626389621464
      }
    },
    "contextual_outlier_2.0": {
      "before": {
        "picp": 0.8638579387186629,
        "mpiw": 8.290271353029905,
        "mis": 11.648193142856933,
        "pinball": 0.5978980337391074,
        "rmse_median": 2.733405062075704
      },
      "after": {
        "picp": 0.893686165273909,
        "mpiw": 9.119298488332895,
        "mis": 11.637779656654237,
        "pinball": 0.5987374369197429,
        "rmse_median": 2.733405062075704
      }
    },
    "contextual_outlier_4.0": {
      "before": {
        "picp": 0.8645543175487466,
        "mpiw": 8.37514384050172,
        "mis": 11.742865535730248,
        "pinball": 0.6025465177460616,
        "rmse_median": 2.7497976317788027
      },
      "after": {
        "picp": 0.8951949860724234,
        "mpiw": 9.212658224551891,
        "mis": 11.734391522965273,
        "pinball": 0.6035219695802734,
        "rmse_median": 2.7497976317788027
      }
    },
    "drift_1.0": {
      "before": {
        "picp": 0.7389740018570102,
        "mpiw": 8.314399167580863,
        "mis": 16.129027861609202,
        "pinball": 0.8024030314741776,
        "rmse_median": 3.384433313547297
      },
      "after": {
        "picp": 0.77669452181987,
        "mpiw": 9.145839084338949,
        "mis": 15.457431501181732,
        "pinball": 0.79103823394185,
        "rmse_median": 3.384433313547297
      }
    },
    "drift_2.0": {
      "before": {
        "picp": 0.590761374187558,
        "mpiw": 8.673402567458309,
        "mis": 27.8409306006422,
        "pinball": 1.252677753221769,
        "rmse_median": 4.750928599299942
      },
      "after": {
        "picp": 0.6368384401114207,
        "mpiw": 9.540742824204141,
        "mis": 25.939944408483594,
        "pinball": 1.2212795568218746,
        "rmse_median": 4.750928599299942
      }
    },
    "drift_4.0": {
      "before": {
        "picp": 0.3797585886722377,
        "mpiw": 9.699387912568387,
        "mis": 58.03004237505565,
        "pinball": 2.2513549543267497,
        "rmse_median": 7.445655296759896
      },
      "after": {
        "picp": 0.42862116991643456,
        "mpiw": 10.669326703825227,
        "mis": 53.740200164138116,
        "pinball": 2.1866542854655537,
        "rmse_median": 7.445655296759896
      }
    },
    "flatline_1.0": {
      "before": {
        "picp": 0.7006731662024142,
        "mpiw": 8.20308540919096,
        "mis": 21.51668021689513,
        "pinball": 0.9618155411916965,
        "rmse_median": 3.783552720887296
      },
      "after": {
        "picp": 0.7338672237697307,
        "mpiw": 9.023393950110055,
        "mis": 20.634910713428322,
        "pinball": 0.9486356606546502,
        "rmse_median": 3.783552720887296
      }
    },
    "flatline_2.0": {
      "before": {
        "picp": 0.664113277623027,
        "mpiw": 7.933075723691707,
        "mis": 22.052254571306438,
        "pinball": 0.9750572804633096,
        "rmse_median": 3.7866886385338274
      },
      "after": {
        "picp": 0.7018337975858867,
        "mpiw": 8.726383296060877,
        "mis": 20.92610821012832,
        "pinball": 0.9581371467272696,
        "rmse_median": 3.7866886385338274
      }
    },
    "flatline_4.0": {
      "before": {
        "picp": 0.5096332404828227,
        "mpiw": 6.313214886835688,
        "mis": 33.70651099782251,
        "pinball": 1.2517575579651687,
        "rmse_median": 4.602392943406315
      },
      "after": {
        "picp": 0.5490947075208914,
        "mpiw": 6.944536375519256,
        "mis": 31.805934857354444,
        "pinball": 1.2240788879938957,
        "rmse_median": 4.602392943406315
      }
    },
    "gap_imputation_1.0": {
      "before": {
        "picp": 0.8624651810584958,
        "mpiw": 8.255455557382135,
        "mis": 11.673591987292388,
        "pinball": 0.5970089282792646,
        "rmse_median": 2.727422587777997
      },
      "after": {
        "picp": 0.89322191272052,
        "mpiw": 9.08100111312035,
        "mis": 11.66764746512492,
        "pinball": 0.5979751816038175,
        "rmse_median": 2.727422587777997
      }
    },
    "gap_imputation_2.0": {
      "before": {
        "picp": 0.8471448467966574,
        "mpiw": 8.190479579730459,
        "mis": 12.34767738765764,
        "pinball": 0.6222001950044601,
        "rmse_median": 2.8340875764824203
      },
      "after": {
        "picp": 0.8794103992571959,
        "mpiw": 9.009527537703503,
        "mis": 12.22216205874043,
        "pinball": 0.621134013967057,
        "rmse_median": 2.8340875764824203
      }
    },
    "gap_imputation_4.0": {
      "before": {
        "picp": 0.834958217270195,
        "mpiw": 8.197253286781388,
        "mis": 12.819183611719536,
        "pinball": 0.6477457548290283,
        "rmse_median": 2.9491581122863044
      },
      "after": {
        "picp": 0.8659470752089137,
        "mpiw": 9.016978615459529,
        "mis": 12.585142749824987,
        "pinball": 0.6449076593446195,
        "rmse_median": 2.9491581122863044
      }
    },
    "level_shift_1.0": {
      "before": {
        "picp": 0.7435004642525533,
        "mpiw": 8.43875764356541,
        "mis": 16.681296130526082,
        "pinball": 0.800539618102141,
        "rmse_median": 3.299152374264573
      },
      "after": {
        "picp": 0.7764623955431755,
        "mpiw": 9.28263340792195,
        "mis": 16.08815973130192,
        "pinball": 0.7914114009581075,
        "rmse_median": 3.299152374264573
      }
    },
    "level_shift_2.0": {
      "before": {
        "picp": 0.5579155060352832,
        "mpiw": 8.559400814080124,