{
  "model": "lgbm",
  "method": "static",
  "alpha": 0.1,
  "fit_on": [
    "clean"
  ],
  "params": {
    "tau": 1.1
  },
  "settings": {
    "clean": {
      "before": {
        "picp": 0.8657149489322191,
        "mpiw": 8.261693284259573,
        "mis": 11.631704378735073,
        "pinball": 0.5960347446030304,
        "rmse_median": 2.7314739466889137
      },
      "after": {
        "picp": 0.8940343546889508,
        "mpiw": 9.087862612685532,
        "mis": 11.628429741194386,
        "pinball": 0.5969212242436363,
        "rmse_median": 2.7314739466889137
      }
    },
    "contextual_outlier_1.0": {
      "before": {
        "picp": 0.8650185701021356,
        "mpiw": 8.266536265899754,
        "mis": 11.633888757136214,
        "pinball": 0.5959835702070435,
        "rmse_median": 2.730626389621464
      },
      "after": {
        "picp": 0.8938022284122563,
        "mpiw": 9.09318989248973,
        "mis": 11.629390234410055,
        "pinball": 0.5968027175375946,
        "rmse_median": 2.730626389621464
      }
    },
    "contextual_outlier_2.0": {
      "before": {
        "picp": 0.8638579387186629,
        "mpiw": 8.290271353029905,
        "mis": 11.648193142856933,
        "pinball": 0.5978980337391074,
        "rmse_median": 2.733405062075704
      },
      "after": {
        "picp": 0.893686165273909,
        "mpiw": 9.119298488332895,
        "mis": 11.637779656654237,
        "pinball": 0.5987374369197429,
        "rmse_median": 2.733405062075704
      }
    },
    "contextual_outlier_4.0": {
      "before": {
        "picp": 0.8645543175487466,
        "mpiw": 8.37514384050172,
        "mis": 11.742865535730248,
        "pinball": 0.6025465177460616,
        "rmse_median": 2.7497976317788027
      },
      "after": {
        "picp": 0.8951949860724234,
        "mpiw": 9.212658224551891,
        "mis": 11.734391522965273,
        "pinball": 0.6035219695802734,
        "rmse_median": 2.7497976317788027
      }
    },
    "level_shift_1.0": {
      "before": {
        "picp": 0.7435004642525533,
        "mpiw": 8.43875764356541,
        "mis": 16.681296130526082,
        "pinball": 0.800539618102141,
        "rmse_median": 3.299152374264573
      },
      "after": {
        "picp": 0.7764623955431755,
        "mpiw": 9.28263340792195,
        "mis": 16.08815973130192,
        "pinball": 0.7914114009581075,
        "rmse_median": 3.299152374264573
      }
    },
    "level_shift_2.0": {
      "before": {
        "picp": 0.5579155060352832,
        "mpiw": 8.559400814080124,
        "mis": 31.001919737757778,
        "pinball": 1.30638869995445,
        "rmse_median": 4.8383274941291505
      },
      "after": {
        "picp": 0.6080547818012999,
        "mpiw": 9.415340895488136,
        "mis": 28.940057163860867,
        "pinball": 1.2741211876615497,
        "rmse_median": 4.8383274941291505
      }
    },
    "level_shift_4.0": {
      "before": {
        "picp": 0.3386722376973073,
        "mpiw": 9.196047625229708,
        "mis": 71.12894676612994,
        "pinball": 2.521075744565081,
        "rmse_median": 8.20495464406828
      },
      "after": {
        "picp": 0.37337511606313833,
        "mpiw": 10.11565238775268,
        "mis": 66.48063493507597,
        "pinball": 2.451792041165848,
        "rmse_median": 8.20495464406828
      }
    },
    "point_spike_1.0": {
      "before": {
        "picp": 0.8646703806870938,
        "mpiw": 8.261966682117915,
        "mis": 11.635412477567805,
        "pinball": 0.5962508012372517,
        "rmse_median": 2.7283782926027462
      },
      "after": {
        "picp": 0.8938022284122563,
        "mpiw": 9.088163350329706,
        "mis": 11.631488752179003,
        "pinball": 0.5970775271399688,
        "rmse_median": 2.7283782926027462
      }
    },
    "point_spike_2.0": {
      "before": {
        "picp": 0.864786443825441,
        "mpiw": 8.282637274329018,
        "mis": 11.661349636971249,
        "pinball": 0.5975946416186156,
        "rmse_median": 2.7314471006451
      },
      "after": {
        "picp": 0.8946146703806871,
        "mpiw": 9.110901001761919,
        "mis": 11.659829300355696,
        "pinball": 0.5984663430203015,
        "rmse_median": 2.7314471006451
      }
    },
    "point_spike_4.0": {
      "before": {
        "picp": 0.8651346332404828,
        "mpiw": 8.316309192994485,
        "mis": 11.699595971631007,
        "pinball": 0.5999606436295387,
        "rmse_median": 2.748599416336183
      },
      "after": {
        "picp": 0.8955431754874652,
        "mpiw": 9.147940112293934,
        "mis": 11.697184093381344,
        "pinball": 0.6008684478443301,
        "rmse_median": 2.748599416336183
      }
    }
  }
}