{
  "model": "qdlinear_robust",
  "method": "static",
  "alpha": 0.1,
  "fit_on": [
    "clean"
  ],
  "params": {
    "tau": 0.9
  },
  "settings": {
    "clean": {
      "before": {
        "picp": 0.9386025998142989,
        "mpiw": 11.26071483808342,
        "mis": 12.71482685667427,
        "pinball": 0.5991533132946515,
        "rmse_median": 2.5774125037687607
      },
      "after": {
        "picp": 0.9148096564531105,
        "mpiw": 10.134643354275077,
        "mis": 12.199279313162666,
        "pinball": 0.5905956601509191,
        "rmse_median": 2.5774125037687607
      }
    },
    "clock_skew_1.0": {
      "before": {
        "picp": 0.9035515320334262,
        "mpiw": 11.182170583340831,
        "mis": 13.77505945129552,
        "pinball": 0.6925731126804724,
        "rmse_median": 2.9635257950823384
      },
      "after": {
        "picp": 0.8724466109563602,
        "mpiw": 10.063953525006747,
        "mis": 13.615115270846612,
        "pinball": 0.6918690221734567,
        "rmse_median": 2.9635257950823384
      }
    },
    "clock_skew_2.0": {
      "before": {
        "picp": 0.8254410399257196,
        "mpiw": 11.04335512997611,
        "mis": 17.449426392947235,
        "pinball": 0.8941127630913588,
        "rmse_median": 3.716460253790949
      },
      "after": {
        "picp": 0.7828458681522749,
        "mpiw": 9.939019616978499,
        "mis": 18.077249482784776,
        "pinball": 0.9068596864907997,
        "rmse_median": 3.716460253790949
      }
    },
    "clock_skew_4.0": {
      "before": {
        "picp": 0.6732822655524605,
        "mpiw": 10.743907205121248,
        "mis": 28.399608784850745,
        "pinball": 1.3152011808362987,
        "rmse_median": 5.109076744067884
      },
      "after": {
        "picp": 0.625464252553389,
        "mpiw": 9.669516484609124,
        "mis": 30.68690857158513,
        "pinball": 1.3496447610996796,
        "rmse_median": 5.109076744067884
      }
    },
    "contextual_outlier_1.0": {
      "before": {
        "picp": 0.9388347260909935,
        "mpiw": 11.26167579114848,
        "mis": 12.753451719332995,
        "pinball": 0.6014841218397372,
        "rmse_median": 2.585854685248151
      },
      "after": {
        "picp": 0.9152739090064995,
        "mpiw": 10.135508212033631,
        "mis": 12.235077523949197,
        "pinball": 0.5930034244044595,
        "rmse_median": 2.585854685248151
      }
    },
    "contextual_outlier_2.0": {
      "before": {
        "picp": 0.9388347260909935,
        "mpiw": 11.263528289171504,
        "mis": 12.817861613280673,
        "pinball": 0.6057920882137324,
        "rmse_median": 2.6021632723967576
      },
      "after": {
        "picp": 0.9143454038997214,
        "mpiw": 10.137175460254355,
        "mis": 12.300119805396589,
        "pinball": 0.5975083706685119,
        "rmse_median": 2.6021632723967576
      }
    },
    "contextual_outlier_4.0": {
      "before": {
        "picp": 0.9325673166202414,
        "mpiw": 11.273407400143238,
        "mis": 13.030709122166055,
        "pinball": 0.6192603259824887,
        "rmse_median": 2.65812621293902
      },
      "after": {
        "picp": 0.9057567316620242,
        "mpiw": 10.146066660128916,
        "mis": 12.559039956399728,
        "pinball": 0.611725481984327,
        "rmse_median": 2.65812621293902
      }
    },
    "drift_1.0": {
      "before": {
        "picp": 0.9040157845868152,
        "mpiw": 11.26463337465426,
        "mis": 14.076989733617284,
        "pinball": 0.7509956029068603,
        "rmse_median": 3.244360930859577
      },
      "after": {
        "picp": 0.871866295264624,
        "mpiw": 10.138170037188834,
        "mis": 13.99247086288289,
        "pinball": 0.7537462188727322,
        "rmse_median": 3.244360930859577
      }
    },
    "drift_2.0": {
      "before": {
        "picp": 0.8126740947075209,
        "mpiw": 11.282703293817638,
        "mis": 18.08511793806258,
        "pinball": 1.0877464740413578,
        "rmse_median": 4.623164368786857
      },
      "after": {
        "picp": 0.7574280408542247,
        "mpiw": 10.154432964435875,
        "mis": 19.364796936394715,
        "pinball": 1.116889477149389,
        "rmse_median": 4.623164368786857
      }
    },
    "drift_4.0": {
      "before": {
        "picp": 0.5813602599814299,
        "mpiw": 11.415040106635008,
        "mis": 36.824026695594924,
        "pinball": 2.064949360226186,
        "rmse_median": 7.898007109045949
      },
      "after": {
        "picp": 0.5090529247910863,
        "mpiw": 10.273536095971506,
        "mis": 42.37823373024523,
        "pinball": 2.1551203754538566,
        "rmse_median": 7.898007109045949
      }
    },
    "fgsm_1.0": {
      "before": {
        "picp": 0.6692200557103064,
        "mpiw": 11.732470402790169,
        "mis": 31.53423922970241,
        "pinball": 1.629641861123353,
        "rmse_median": 6.4095891783322125
      },
      "after": {
        "picp": 0.6023676880222841,
        "mpiw": 10.559223362511151,
        "mis": 34.737760896095935,
        "pinball": 1.683726977957264,
        "rmse_median": 6.4095891783322125
      }
    },
    "fgsm_2.0": {
      "before": {
        "picp": 0.4986072423398329,
        "mpiw": 12.94830765157252,
        "mis": 64.71015415262055,
        "pinball": 2.8751475758027505,
        "rmse_median": 10.317503664663349
      },
      "after": {
        "picp": 0.4360492107706592,
        "mpiw": 11.65347688641527,
        "mis": 71.43905063326567,
        "pinball": 2.974463863326237,
        "rmse_median": 10.317503664663349
      }
    },
    "fgsm_4.0": {
      "before": {
        "picp": 0.34401114206128136,
        "mpiw": 16.64893358035502,
        "mis": 140.41439307836887,
        "pinball": 5.407935206740569,
        "rmse_median": 17.863725188669317
      },
      "after": {
        "picp": 0.29468430826369546,
        "mpiw": 14.98404022231952,
        "mis": 152.4719421596391,
        "pinball": 5.570345007275945,
        "rmse_median": 17.863725188669317
      }
    },
    "flatline_1.0": {
      "before": {
        "picp": 0.8342618384401114,
        "mpiw": 11.087412686083077,
        "mis": 16.372799212767838,
        "pinball": 0.8944061245972919,
        "rmse_median": 3.795171252692835
      },
      "after": {
        "picp": 0.7870241411327762,
        "mpiw": 9.97867141747477,
        "mis": 17.118975297250422,
        "pinball": 0.9079636044644894,
        "rmse_median": 3.795171252692835
      }
    },
    "flatline_2.0": {
      "before": {
        "picp": 0.8363509749303621,
        "mpiw": 11.049540786043211,
        "mis": 15.696812127315384,
        "pinball": 0.8667914492193418,
        "rmse_median": 3.6730647897727082
      },
      "after": {
        "picp": 0.7905060352831941,
        "mpiw": 9.94458670743889,
        "mis": 16.359049109512714,
        "pinball": 0.8798380057032659,
        "rmse_median": 3.6730647897727082
      }
    },
    "flatline_4.0": {
      "before": {
        "picp": 0.814066852367688,
        "mpiw": 10.972163186418108,
        "mis": 18.074694378171376,
        "pinball": 0.9344009998980918,
        "rmse_median": 4.055863205911363
      },
      "after": {
        "picp": 0.7718198700092851,
        "mpiw": 9.874946867776298,
        "mis": 19.09764518666706,
        "pinball": 0.9530258680391126,
        "rmse_median": 4.055863205911363
      }
    },
    "gap_imputation_1.0": {
      "before": {
        "picp": 0.9392989786443825,
        "mpiw": 11.25575758417961,
        "mis": 12.720309039878027,
        "pinball": 0.5997731845482077,
        "rmse_median": 2.577759272236897
      },
      "after": {
        "picp": 0.9157381615598886,
        "mpiw": 10.130181825761651,
        "mis": 12.200487167376215,
        "pinball": 0.591248071553729,
        "rmse_median": 2.577759272236897
      }
    },
    "gap_imputation_2.0": {
      "before": {
        "picp": 0.9347725162488394,
        "mpiw": 11.231160942911643,