{
  "model": "qlstm_robust",
  "method": "static",
  "alpha": 0.1,
  "fit_on": [
    "clean"
  ],
  "params": {
    "tau": 1.0
  },
  "settings": {
    "clean": {
      "before": {
        "picp": 0.9381383472609099,
        "mpiw": 9.690840537432262,
        "mis": 11.01424247260947,
        "pinball": 0.5766848644254241,
        "rmse_median": 2.5967538650795152
      },
      "after": {
        "picp": 0.9381383472609099,
        "mpiw": 9.690840537432262,
        "mis": 11.01424247260947,
        "pinball": 0.5766848644254241,
        "rmse_median": 2.5967538650795152
      }
    },
    "clock_skew_1.0": {
      "before": {
        "picp": 0.898560817084494,
        "mpiw": 9.68021464660257,
        "mis": 11.90969099094491,
        "pinball": 0.646411279655018,
        "rmse_median": 2.897622397941662
      },
      "after": {
        "picp": 0.898560817084494,
        "mpiw": 9.68021464660257,
        "mis": 11.90969099094491,
        "pinball": 0.646411279655018,
        "rmse_median": 2.897622397941662
      }
    },
    "clock_skew_2.0": {
      "before": {
        "picp": 0.7989786443825441,
        "mpiw": 9.614942953662853,
        "mis": 15.64330606004732,
        "pinball": 0.8348129518484837,
        "rmse_median": 3.6612293330967014
      },
      "after": {
        "picp": 0.7989786443825441,
        "mpiw": 9.614942953662853,
        "mis": 15.64330606004732,
        "pinball": 0.8348129518484837,
        "rmse_median": 3.6612293330967014
      }
    },
    "clock_skew_4.0": {
      "before": {
        "picp": 0.630803156917363,
        "mpiw": 9.41073352498213,
        "mis": 29.34665671002338,
        "pinball": 1.3102420137124737,
        "rmse_median": 5.151629963074855
      },
      "after": {
        "picp": 0.630803156917363,
        "mpiw": 9.41073352498213,
        "mis": 29.34665671002338,
        "pinball": 1.3102420137124737,
        "rmse_median": 5.151629963074855
      }
    },
    "contextual_outlier_1.0": {
      "before": {
        "picp": 0.9381383472609099,
        "mpiw": 9.689577782119496,
        "mis": 10.9992425201165,
        "pinball": 0.5755385374870698,
        "rmse_median": 2.5891029802381618
      },
      "after": {
        "picp": 0.9381383472609099,
        "mpiw": 9.689577782119496,
        "mis": 10.9992425201165,
        "pinball": 0.5755385374870698,
        "rmse_median": 2.5891029802381618
      }
    },
    "contextual_outlier_2.0": {
      "before": {
        "picp": 0.9372098421541318,
        "mpiw": 9.700533516767946,
        "mis": 11.015913616119388,
        "pinball": 0.57681735721816,
        "rmse_median": 2.594671945441758
      },
      "after": {
        "picp": 0.9372098421541318,
        "mpiw": 9.700533516767946,
        "mis": 11.015913616119388,
        "pinball": 0.57681735721816,
        "rmse_median": 2.594671945441758
      }
    },
    "contextual_outlier_4.0": {
      "before": {
        "picp": 0.9353528319405757,
        "mpiw": 9.740946291422391,
        "mis": 11.106268361136571,
        "pinball": 0.5840623781391628,
        "rmse_median": 2.634448621236022
      },
      "after": {
        "picp": 0.9353528319405757,
        "mpiw": 9.740946291422391,
        "mis": 11.106268361136571,
        "pinball": 0.5840623781391628,
        "rmse_median": 2.634448621236022
      }
    },
    "drift_1.0": {
      "before": {
        "picp": 0.8899721448467967,
        "mpiw": 9.732770542584312,
        "mis": 12.429644744473984,
        "pinball": 0.693495723782229,
        "rmse_median": 3.1127431638036533
      },
      "after": {
        "picp": 0.8899721448467967,
        "mpiw": 9.732770542584312,
        "mis": 12.429644744473984,
        "pinball": 0.693495723782229,
        "rmse_median": 3.1127431638036533
      }
    },
    "drift_2.0": {
      "before": {
        "picp": 0.7718198700092851,
        "mpiw": 9.934375277463552,
        "mis": 17.133271893232727,
        "pinball": 0.9734025003587591,
        "rmse_median": 4.173416950356212
      },
      "after": {
        "picp": 0.7718198700092851,
        "mpiw": 9.934375277463552,
        "mis": 17.133271893232727,
        "pinball": 0.9734025003587591,
        "rmse_median": 4.173416950356212
      }
    },
    "drift_4.0": {
      "before": {
        "picp": 0.583217270194986,
        "mpiw": 10.860149477562617,
        "mis": 31.62770944445218,
        "pinball": 1.6075039787986645,
        "rmse_median": 6.24425784449165
      },
      "after": {
        "picp": 0.583217270194986,
        "mpiw": 10.860149477562617,
        "mis": 31.62770944445218,
        "pinball": 1.6075039787986645,
        "rmse_median": 6.24425784449165
      }
    },
    "fgsm_1.0": {
      "before": {
        "picp": 0.6876740947075209,
        "mpiw": 10.612826882231,
        "mis": 24.32969499227435,
        "pinball": 1.2611339097098018,
        "rmse_median": 5.281581451042129
      },
      "after": {
        "picp": 0.6876740947075209,
        "mpiw": 10.612826882231,
        "mis": 24.32969499227435,
        "pinball": 1.2611339097098018,
        "rmse_median": 5.281581451042129
      }
    },
    "fgsm_2.0": {
      "before": {
        "picp": 0.5509517177344475,
        "mpiw": 11.891156409209774,
        "mis": 39.9245677896767,
        "pinball": 1.8701674579135177,
        "rmse_median": 7.246740160582534
      },
      "after": {
        "picp": 0.5509517177344475,
        "mpiw": 11.891156409209774,
        "mis": 39.9245677896767,
        "pinball": 1.8701674579135177,
        "rmse_median": 7.246740160582534
      }
    },
    "fgsm_4.0": {
      "before": {
        "picp": 0.4964020427112349,
        "mpiw": 14.099420409924516,
        "mis": 57.9814509443834,
        "pinball": 2.519309481114337,
        "rmse_median": 9.358244859203504
      },
      "after": {
        "picp": 0.4964020427112349,
        "mpiw": 14.099420409924516,
        "mis": 57.9814509443834,
        "pinball": 2.519309481114337,
        "rmse_median": 9.358244859203504
      }
    },
    "flatline_1.0": {
      "before": {
        "picp": 0.8470287836583101,
        "mpiw": 10.109491785008775,
        "mis": 15.184167004731265,
        "pinball": 0.8097833423074329,
        "rmse_median": 3.527189357829367
      },
      "after": {
        "picp": 0.8470287836583101,
        "mpiw": 10.109491785008775,
        "mis": 15.184167004731265,
        "pinball": 0.8097833423074329,
        "rmse_median": 3.527189357829367
      }
    },
    "flatline_2.0": {
      "before": {
        "picp": 0.8291550603528319,
        "mpiw": 9.865498183143457,
        "mis": 15.416294793328914,
        "pinball": 0.8182924536720019,
        "rmse_median": 3.516398171567762
      },
      "after": {
        "picp": 0.8291550603528319,
        "mpiw": 9.865498183143457,
        "mis": 15.416294793328914,
        "pinball": 0.8182924536720019,
        "rmse_median": 3.516398171567762
      }
    },
    "flatline_4.0": {
      "before": {
        "picp": 0.7289925719591458,
        "mpiw": 8.79996445062907,
        "mis": 20.492740066935923,
        "pinball": 0.9786995481589995,
        "rmse_median": 4.116338868179901
      },
      "after": {
        "picp": 0.7289925719591458,
        "mpiw": 8.79996445062907,
        "mis": 20.492740066935923,
        "pinball": 0.9786995481589995,
        "rmse_median": 4.116338868179901
      }
    },
    "gap_imputation_1.0": {
      "before": {
        "picp": 0.9374419684308264,
        "mpiw": 9.673840630878368,
        "mis": 10.994682522384403,
        "pinball": 0.5758996698819203,
        "rmse_median": 2.592765361918651
      },
      "after": {
        "picp": 0.9374419684308264,
        "mpiw": 9.673840630878368,
        "mis": 10.994682522384403,
        "pinball": 0.5758996698819203,
        "rmse_median": 2.592765361918651
      }
    },
    "gap_imputation_2.0": {
      "before": {
        "picp": 0.9330315691736305,
        "mpiw": 9.613807399126664,
        "mis": 11.124852557271266,