{
  "model": "qlstm",
  "method": "static",
  "alpha": 0.1,
  "fit_on": [
    "clean"
  ],
  "params": {
    "tau": 1.05
  },
  "settings": {
    "clean": {
      "before": {
        "picp": 0.9267641597028784,
        "mpiw": 7.958277904222903,
        "mis": 9.573381288930426,
        "pinball": 0.50772775644057,
        "rmse_median": 2.3842137592553656
      },
      "after": {
        "picp": 0.9386025998142989,
        "mpiw": 8.356191799434049,
        "mis": 9.694073292181324,
        "pinball": 0.5104708553426972,
        "rmse_median": 2.3842137592553656
      }
    },
    "clock_skew_1.0": {
      "before": {
        "picp": 0.8315923862581244,
        "mpiw": 7.886506634017992,
        "mis": 11.78510232199338,
        "pinball": 0.6298024239224737,
        "rmse_median": 2.8139357558872202
      },
      "after": {
        "picp": 0.8500464252553389,
        "mpiw": 8.280831965718892,
        "mis": 11.628972677084622,
        "pinball": 0.6274716184892452,
        "rmse_median": 2.8139357558872202
      }
    },
    "clock_skew_2.0": {
      "before": {
        "picp": 0.7255106778087279,
        "mpiw": 8.015343494634584,
        "mis": 17.61384984518194,
        "pinball": 0.8722094944216016,
        "rmse_median": 3.6637921385101904
      },
      "after": {
        "picp": 0.7467502321262767,
        "mpiw": 8.416110669366313,
        "mis": 17.033029839182348,
        "pinball": 0.8628230959711031,
        "rmse_median": 3.6637921385101904
      }
    },
    "clock_skew_4.0": {
      "before": {
        "picp": 0.5692896935933147,
        "mpiw": 7.968943945223723,
        "mis": 34.75861845721397,
        "pinball": 1.4062392806284494,
        "rmse_median": 5.1984153534125115
      },
      "after": {
        "picp": 0.5894846796657381,
        "mpiw": 8.367391142484909,
        "mis": 33.56299366373339,
        "pinball": 1.3882505637130467,
        "rmse_median": 5.1984153534125115
      }
    },
    "contextual_outlier_1.0": {
      "before": {
        "picp": 0.9268802228412256,
        "mpiw": 7.957181403249642,
        "mis": 9.56093500247654,
        "pinball": 0.5072872373962368,
        "rmse_median": 2.3811987712484326
      },
      "after": {
        "picp": 0.9396471680594243,
        "mpiw": 8.355040473412124,
        "mis": 9.68420510166554,
        "pinball": 0.5100422868433492,
        "rmse_median": 2.3811987712484326
      }
    },
    "contextual_outlier_2.0": {
      "before": {
        "picp": 0.9249071494893222,
        "mpiw": 7.956666782660626,
        "mis": 9.582121939535753,
        "pinball": 0.5086639034891636,
        "rmse_median": 2.3861040069644064
      },
      "after": {
        "picp": 0.9381383472609099,
        "mpiw": 8.354500121793656,
        "mis": 9.696128934686229,
        "pinball": 0.5112946579906963,
        "rmse_median": 2.3861040069644064
      }
    },
    "contextual_outlier_4.0": {
      "before": {
        "picp": 0.9211931290622098,
        "mpiw": 7.9598727960642295,
        "mis": 9.749259920838561,
        "pinball": 0.5156898376067172,
        "rmse_median": 2.4175152522574277
      },
      "after": {
        "picp": 0.9345403899721448,
        "mpiw": 8.35786643586744,
        "mis": 9.850031680036201,
        "pinball": 0.5181575910729419,
        "rmse_median": 2.4175152522574277
      }
    },
    "drift_1.0": {
      "before": {
        "picp": 0.723769730733519,
        "mpiw": 7.9466102609561995,
        "mis": 15.509292535773849,
        "pinball": 0.7885880519053549,
        "rmse_median": 3.3059915810541454
      },
      "after": {
        "picp": 0.7475626740947076,
        "mpiw": 8.34394077400401,
        "mis": 15.10013186121877,
        "pinball": 0.7814094298493354,
        "rmse_median": 3.3059915810541454
      }
    },
    "drift_2.0": {
      "before": {
        "picp": 0.4914113277623027,
        "mpiw": 7.959102688349563,
        "mis": 34.11676516613688,
        "pinball": 1.4255528611662538,
        "rmse_median": 5.1171961667513575
      },
      "after": {
        "picp": 0.5154363974001857,
        "mpiw": 8.357057822767041,
        "mis": 32.74311059747706,
        "pinball": 1.4032838709887887,
        "rmse_median": 5.1171961667513575
      }
    },
    "drift_4.0": {
      "before": {
        "picp": 0.2226090993500464,
        "mpiw": 8.20936578711239,
        "mis": 89.20040348740056,
        "pinball": 3.0241353162360247,
        "rmse_median": 9.087868169369507
      },
      "after": {
        "picp": 0.24175951717734448,
        "mpiw": 8.61983407646801,
        "mis": 86.35144774254431,
        "pinball": 2.9818355577739863,
        "rmse_median": 9.087868169369507
      }
    },
    "fgsm_1.0": {
      "before": {
        "picp": 0.44428969359331477,
        "mpiw": 8.254984234489667,
        "mis": 35.58863626547293,
        "pinball": 1.5109626699498426,
        "rmse_median": 5.5184595238472465
      },
      "after": {
        "picp": 0.47040389972144847,
        "mpiw": 8.66773344621415,
        "mis": 33.87418115841245,
        "pinball": 1.4844430732820866,
        "rmse_median": 5.5184595238472465
      }
    },
    "fgsm_2.0": {
      "before": {
        "picp": 0.29863045496750235,
        "mpiw": 8.708559868917039,
        "mis": 61.32002724878881,
        "pinball": 2.277264467437958,
        "rmse_median": 7.4802013039653055
      },
      "after": {
        "picp": 0.32219127205199627,
        "mpiw": 9.143987862362891,
        "mis": 58.78086368174572,
        "pinball": 2.2397391835506664,
        "rmse_median": 7.4802013039653055
      }
    },
    "fgsm_4.0": {
      "before": {
        "picp": 0.2502321262766945,
        "mpiw": 9.626352119367342,
        "mis": 87.64793737930867,
        "pinball": 3.043963199185837,
        "rmse_median": 9.513827817122982
      },
      "after": {
        "picp": 0.26624883936861654,
        "mpiw": 10.107669725335708,
        "mis": 84.54908218938604,
        "pinball": 2.9987049679543936,
        "rmse_median": 9.513827817122982
      }
    },
    "flatline_1.0": {
      "before": {
        "picp": 0.6780408542246983,
        "mpiw": 7.908731903255426,
        "mis": 23.836641236449438,
        "pinball": 1.019573889439059,
        "rmse_median": 4.011121047966083
      },
      "after": {
        "picp": 0.6978876508820798,
        "mpiw": 8.3041684984182,
        "mis": 23.211231635845596,
        "pinball": 1.0099676696993471,
        "rmse_median": 4.011121047966083
      }
    },
    "flatline_2.0": {
      "before": {
        "picp": 0.662372330547818,
        "mpiw": 7.777774654048925,
        "mis": 22.445346796295983,
        "pinball": 0.9839362004010498,
        "rmse_median": 3.839123919389295
      },
      "after": {
        "picp": 0.6831476323119777,
        "mpiw": 8.16666338675137,
        "mis": 21.7778778021995,
        "pinball": 0.9737801959222442,
        "rmse_median": 3.839123919389295
      }
    },
    "flatline_4.0": {
      "before": {
        "picp": 0.6431058495821727,
        "mpiw": 7.380796621101747,
        "mis": 23.430941077792546,
        "pinball": 1.0226999223259094,
        "rmse_median": 4.109948481851731
      },
      "after": {
        "picp": 0.6646935933147632,
        "mpiw": 7.749836452156836,
        "mis": 22.602662274868354,
        "pinball": 1.0099855628676475,
        "rmse_median": 4.109948481851731
      }
    },
    "gap_imputation_1.0": {
      "before": {
        "picp": 0.9268802228412256,
        "mpiw": 7.948017004086878,
        "mis": 9.577295578505932,
        "pinball": 0.5088254642501929,
        "rmse_median": 2.3886028791834044
      },
      "after": {
        "picp": 0.9381383472609099,
        "mpiw": 8.345417854291222,
        "mis": 9.695923619381585,
        "pinball": 0.5114645592986333,
        "rmse_median": 2.3886028791834044
      }
    },
    "gap_imputation_2.0": {
      "before": {
        "picp": 0.9175951717734447,
        "mpiw": 7.919357215205987,
        "mis": 9.737612056729994,