{
  "model": "qlstm",
  "method": "static",
  "alpha": 0.1,
  "fit_on": [
    "clean"
  ],
  "params": {
    "tau": 1.05
  },
  "settings": {
    "clean": {
      "before": {
        "picp": 0.9267641597028784,
        "mpiw": 7.958277904222903,
        "mis": 9.573381288930426,
        "pinball": 0.50772775644057,
        "rmse_median": 2.3842137592553656
      },
      "after": {
        "picp": 0.9386025998142989,
        "mpiw": 8.356191799434049,
        "mis": 9.694073292181324,
        "pinball": 0.5104708553426972,
        "rmse_median": 2.3842137592553656
      }
    },
    "contextual_outlier_1.0": {
      "before": {
        "picp": 0.9268802228412256,
        "mpiw": 7.957181403249642,
        "mis": 9.56093500247654,
        "pinball": 0.5072872373962368,
        "rmse_median": 2.3811987712484326
      },
      "after": {
        "picp": 0.9396471680594243,
        "mpiw": 8.355040473412124,
        "mis": 9.68420510166554,
        "pinball": 0.5100422868433492,
        "rmse_median": 2.3811987712484326
      }
    },
    "contextual_outlier_2.0": {
      "before": {
        "picp": 0.9249071494893222,
        "mpiw": 7.956666782660626,
        "mis": 9.582121939535753,
        "pinball": 0.5086639034891636,
        "rmse_median": 2.3861040069644064
      },
      "after": {
        "picp": 0.9381383472609099,
        "mpiw": 8.354500121793656,
        "mis": 9.696128934686229,
        "pinball": 0.5112946579906963,
        "rmse_median": 2.3861040069644064
      }
    },
    "contextual_outlier_4.0": {
      "before": {
        "picp": 0.9211931290622098,
        "mpiw": 7.9598727960642295,
        "mis": 9.749259920838561,
        "pinball": 0.5156898376067172,
        "rmse_median": 2.4175152522574277
      },
      "after": {
        "picp": 0.9345403899721448,
        "mpiw": 8.35786643586744,
        "mis": 9.850031680036201,
        "pinball": 0.5181575910729419,
        "rmse_median": 2.4175152522574277
      }
    },
    "fgsm_1.0": {
      "before": {
        "picp": 0.44428969359331477,
        "mpiw": 8.254984234489667,
        "mis": 35.58863626547293,
        "pinball": 1.5109626699498426,
        "rmse_median": 5.5184595238472465
      },
      "after": {
        "picp": 0.47040389972144847,
        "mpiw": 8.66773344621415,
        "mis": 33.87418115841245,
        "pinball": 1.4844430732820866,
        "rmse_median": 5.5184595238472465
      }
    },
    "fgsm_2.0": {
      "before": {
        "picp": 0.29863045496750235,
        "mpiw": 8.708559868917039,
        "mis": 61.32002724878881,
        "pinball": 2.277264467437958,
        "rmse_median": 7.4802013039653055
      },
      "after": {
        "picp": 0.32219127205199627,
        "mpiw": 9.143987862362891,
        "mis": 58.78086368174572,
        "pinball": 2.2397391835506664,
        "rmse_median": 7.4802013039653055
      }
    },
    "fgsm_4.0": {
      "before": {
        "picp": 0.2502321262766945,
        "mpiw": 9.626352119367342,
        "mis": 87.64793737930867,
        "pinball": 3.043963199185837,
        "rmse_median": 9.513827817122982
      },
      "after": {
        "picp": 0.26624883936861654,
        "mpiw": 10.107669725335708,
        "mis": 84.54908218938604,
        "pinball": 2.9987049679543936,
        "rmse_median": 9.513827817122982
      }
    },
    "level_shift_1.0": {
      "before": {
        "picp": 0.746866295264624,
        "mpiw": 7.966754961011448,
        "mis": 14.997371090233345,
        "pinball": 0.7617472023177021,
        "rmse_median": 3.200716860900026
      },
      "after": {
        "picp": 0.7671773444753947,
        "mpiw": 8.36509270906202,
        "mis": 14.667132590655678,
        "pinball": 0.7558502804601515,
        "rmse_median": 3.200716860900026
      }
    },
    "level_shift_2.0": {
      "before": {
        "picp": 0.5110259981429898,
        "mpiw": 8.011848852878186,
        "mis": 32.824084481352756,
        "pinball": 1.3775551796701926,
        "rmse_median": 4.991992793231031
      },
      "after": {
        "picp": 0.5371402042711235,
        "mpiw": 8.412441295522095,
        "mis": 31.54660998704555,
        "pinball": 1.3569061344018483,
        "rmse_median": 4.991992793231031
      }
    },
    "level_shift_4.0": {
      "before": {
        "picp": 0.23676880222841226,
        "mpiw": 8.277009134250727,
        "mis": 89.40899028847352,
        "pinball": 2.9956335495622803,
        "rmse_median": 9.031598323312847
      },
      "after": {
        "picp": 0.25591922005571033,
        "mpiw": 8.690859590963264,
        "mis": 86.73291287090585,
        "pinball": 2.956660693236511,
        "rmse_median": 9.031598323312847
      }
    },
    "point_spike_1.0": {
      "before": {
        "picp": 0.9264159702878366,
        "mpiw": 7.95690237261212,
        "mis": 9.586269330949786,
        "pinball": 0.508369709043407,
        "rmse_median": 2.38508388734072
      },
      "after": {
        "picp": 0.9383704735376045,
        "mpiw": 8.354747491242726,
        "mis": 9.70719693132577,
        "pinball": 0.5110975568110003,
        "rmse_median": 2.38508388734072
      }
    },
    "point_spike_2.0": {
      "before": {
        "picp": 0.9259517177344475,
        "mpiw": 7.955357946129351,
        "mis": 9.615416339319273,
        "pinball": 0.5096308973104159,
        "rmse_median": 2.3905389519871196
      },
      "after": {
        "picp": 0.9386025998142989,
        "mpiw": 8.35312584343582,
        "mis": 9.736702447949948,
        "pinball": 0.5123084461654448,
        "rmse_median": 2.3905389519871196
      }
    },
    "point_spike_4.0": {
      "before": {
        "picp": 0.9227019498607242,
        "mpiw": 7.952965239995363,
        "mis": 9.709876577952107,
        "pinball": 0.5133256998230082,
        "rmse_median": 2.4097913459080376
      },
      "after": {
        "picp": 0.9365134633240483,
        "mpiw": 8.350613501995133,
        "mis": 9.818737504447723,
        "pinball": 0.5158438223601067,
        "rmse_median": 2.4097913459080376
      }
    }
  }
}