{
  "model": "qtransformer_multi",
  "method": "static",
  "alpha": 0.1,
  "fit_on": [
    "clean"
  ],
  "params": {
    "tau": 1.15
  },
  "settings": {
    "clean": {
      "before": {
        "picp": 0.8986768802228412,
        "mpiw": 6.49100251094512,
        "mis": 8.605050339566715,
        "pinball": 0.46686468286658295,
        "rmse_median": 2.2052987426703727
      },
      "after": {
        "picp": 0.935468895078923,
        "mpiw": 7.464652887586889,
        "mis": 8.755549173155169,
        "pinball": 0.4697348518587498,
        "rmse_median": 2.2052987426703727
      }
    },
    "clock_skew_1.0": {
      "before": {
        "picp": 0.841225626740947,
        "mpiw": 6.4484959904310735,
        "mis": 9.710569210780841,
        "pinball": 0.5155676977212573,
        "rmse_median": 2.363191499495479
      },
      "after": {
        "picp": 0.8863741875580315,
        "mpiw": 7.4157703889957345,
        "mis": 9.5107942480803,
        "pinball": 0.5131138486741093,
        "rmse_median": 2.363191499495479
      }
    },
    "clock_skew_2.0": {
      "before": {
        "picp": 0.7631151346332404,
        "mpiw": 6.396282823663878,
        "mis": 12.869125954459518,
        "pinball": 0.6246839508025879,
        "rmse_median": 2.674942320878047
      },
      "after": {
        "picp": 0.814066852367688,
        "mpiw": 7.355725247213459,
        "mis": 12.172523762729538,
        "pinball": 0.6145398203349915,
        "rmse_median": 2.674942320878047
      }
    },
    "clock_skew_4.0": {
      "before": {
        "picp": 0.6642293407613742,
        "mpiw": 6.243796791177663,
        "mis": 19.971063618687026,
        "pinball": 0.8417524257463261,
        "rmse_median": 3.2766778148204727
      },
      "after": {
        "picp": 0.7187790157845868,
        "mpiw": 7.180366309854311,
        "mis": 18.569657160715764,
        "pinball": 0.8206517784873947,
        "rmse_median": 3.2766778148204727
      }
    },
    "contextual_outlier_1.0": {
      "before": {
        "picp": 0.8994893221912721,
        "mpiw": 6.490364294843892,
        "mis": 8.60185402695461,
        "pinball": 0.4667948536589378,
        "rmse_median": 2.205132686520122
      },
      "after": {
        "picp": 0.9360492107706593,
        "mpiw": 7.463918939070476,
        "mis": 8.759239653105736,
        "pinball": 0.469673257582567,
        "rmse_median": 2.205132686520122
      }
    },
    "contextual_outlier_2.0": {
      "before": {
        "picp": 0.9000696378830083,
        "mpiw": 6.489117003933148,
        "mis": 8.600866083066927,
        "pinball": 0.4668514050962394,
        "rmse_median": 2.204753028792516
      },
      "after": {
        "picp": 0.9366295264623955,
        "mpiw": 7.462484554523119,
        "mis": 8.765145888362527,
        "pinball": 0.46977208201641557,
        "rmse_median": 2.204753028792516
      }
    },
    "contextual_outlier_4.0": {
      "before": {
        "picp": 0.9003017641597029,
        "mpiw": 6.48770748011995,
        "mis": 8.640712126644322,
        "pinball": 0.4675175703024173,
        "rmse_median": 2.206514332711958
      },
      "after": {
        "picp": 0.9365134633240483,
        "mpiw": 7.460863602137944,
        "mis": 8.814036330157997,
        "pinball": 0.4705365458627274,
        "rmse_median": 2.206514332711958
      }
    },
    "drift_1.0": {
      "before": {
        "picp": 0.7464020427112349,
        "mpiw": 6.496647944866894,
        "mis": 11.926266341083158,
        "pinball": 0.6146784480867665,
        "rmse_median": 2.6156150681504533
      },
      "after": {
        "picp": 0.8105849582172702,
        "mpiw": 7.471145136596928,
        "mis": 11.190036435374818,
        "pinball": 0.6025689989068513,
        "rmse_median": 2.6156150681504533
      }
    },
    "drift_2.0": {
      "before": {
        "picp": 0.5558263695450325,
        "mpiw": 6.530661219143237,
        "mis": 21.994533997839824,
        "pinball": 0.9565647881406443,
        "rmse_median": 3.5430866213699015
      },
      "after": {
        "picp": 0.6215181058495822,
        "mpiw": 7.510260402014722,
        "mis": 19.656780722575743,
        "pinball": 0.9216331526451949,
        "rmse_median": 3.5430866213699015
      }
    },
    "drift_4.0": {
      "before": {
        "picp": 0.30779944289693595,
        "mpiw": 6.709061052379753,
        "mis": 55.01315243938459,
        "pinball": 1.9368345061549486,
        "rmse_median": 6.024711666650385
      },
      "after": {
        "picp": 0.3646703806870938,
        "mpiw": 7.715420210236714,
        "mis": 49.823506569006,
        "pinball": 1.8614852703243816,
        "rmse_median": 6.024711666650385
      }
    },
    "fgsm_1.0": {
      "before": {
        "picp": 0.49396471680594245,
        "mpiw": 6.503648022213402,
        "mis": 22.35297638412007,
        "pinball": 1.0389658968837336,
        "rmse_median": 3.947328736524157
      },
      "after": {
        "picp": 0.5869312906220984,
        "mpiw": 7.4791952255454115,
        "mis": 19.193513956376446,
        "pinball": 0.9869903364541965,
        "rmse_median": 3.947328736524157
      }
    },
    "fgsm_2.0": {
      "before": {
        "picp": 0.3059424326833798,
        "mpiw": 6.5626108563356915,
        "mis": 41.01444140152956,
        "pinball": 1.5864083073093338,
        "rmse_median": 5.202499815547417
      },
      "after": {
        "picp": 0.37546425255338906,
        "mpiw": 7.547002484786045,
        "mis": 35.90299040827784,
        "pinball": 1.5107927530731076,
        "rmse_median": 5.202499815547417
      }
    },
    "fgsm_4.0": {
      "before": {
        "picp": 0.1888347260909935,
        "mpiw": 6.813202389462789,
        "mis": 79.46728744507641,
        "pinball": 2.618511602584275,
        "rmse_median": 7.568495830871667
      },
      "after": {
        "picp": 0.2208681522748375,
        "mpiw": 7.835182747882208,
        "mis": 72.50931333644961,
        "pinball": 2.523013697571861,
        "rmse_median": 7.568495830871667
      }
    },
    "flatline_1.0": {
      "before": {
        "picp": 0.6988161559888579,
        "mpiw": 6.451788571304592,
        "mis": 17.146382589532042,
        "pinball": 0.7647036696412718,
        "rmse_median": 3.0669158775948695
      },
      "after": {
        "picp": 0.7527855153203342,
        "mpiw": 7.41955685700028,
        "mis": 15.985171042517758,
        "pinball": 0.7474907723454054,
        "rmse_median": 3.0669158775948695
      }
    },
    "flatline_2.0": {
      "before": {
        "picp": 0.6980037140204272,
        "mpiw": 6.401009475165303,
        "mis": 16.20468409622641,
        "pinball": 0.7433709932881101,
        "rmse_median": 2.995939781819276
      },
      "after": {
        "picp": 0.75,
        "mpiw": 7.361160896440099,
        "mis": 15.07036017550461,
        "pinball": 0.7256519077739598,
        "rmse_median": 2.995939781819276
      }
    },
    "flatline_4.0": {
      "before": {
        "picp": 0.6666666666666666,
        "mpiw": 6.327690733721401,
        "mis": 18.3919782673124,
        "pinball": 0.8060794347214392,
        "rmse_median": 3.310003283486944
      },
      "after": {
        "picp": 0.7307335190343547,
        "mpiw": 7.27684434377961,
        "mis": 16.812392949533283,
        "pinball": 0.7823204284967064,
        "rmse_median": 3.310003283486944
      }
    },
    "gap_imputation_1.0": {
      "before": {
        "picp": 0.8997214484679665,
        "mpiw": 6.489196589833121,
        "mis": 8.585196803827175,
        "pinball": 0.46513881584793537,
        "rmse_median": 2.1956217952939014
      },
      "after": {
        "picp": 0.9367455896007428,
        "mpiw": 7.462576078308088,
        "mis": 8.746514101417189,
        "pinball": 0.4682523848356583,
        "rmse_median": 2.1956217952939014
      }
    },
    "gap_imputation_2.0": {
      "before": {
        "picp": 0.8969359331476323,
        "mpiw": 6.483516808938184,
        "mis": 8.665817104651373,