{
  "model": "qtransformer_multi",
  "method": "static",
  "alpha": 0.1,
  "fit_on": [
    "clean"
  ],
  "params": {
    "tau": 1.15
  },
  "settings": {
    "clean": {
      "before": {
        "picp": 0.8986768802228412,
        "mpiw": 6.49100251094512,
        "mis": 8.605050339566715,
        "pinball": 0.46686468286658295,
        "rmse_median": 2.2052987426703727
      },
      "after": {
        "picp": 0.935468895078923,
        "mpiw": 7.464652887586889,
        "mis": 8.755549173155169,
        "pinball": 0.4697348518587498,
        "rmse_median": 2.2052987426703727
      }
    },
    "contextual_outlier_1.0": {
      "before": {
        "picp": 0.8994893221912721,
        "mpiw": 6.490364294843892,
        "mis": 8.60185402695461,
        "pinball": 0.4667948536589378,
        "rmse_median": 2.205132686520122
      },
      "after": {
        "picp": 0.9360492107706593,
        "mpiw": 7.463918939070476,
        "mis": 8.759239653105736,
        "pinball": 0.469673257582567,
        "rmse_median": 2.205132686520122
      }
    },
    "contextual_outlier_2.0": {
      "before": {
        "picp": 0.9000696378830083,
        "mpiw": 6.489117003933148,
        "mis": 8.600866083066927,
        "pinball": 0.4668514050962394,
        "rmse_median": 2.204753028792516
      },
      "after": {
        "picp": 0.9366295264623955,
        "mpiw": 7.462484554523119,
        "mis": 8.765145888362527,
        "pinball": 0.46977208201641557,
        "rmse_median": 2.204753028792516
      }
    },
    "contextual_outlier_4.0": {
      "before": {
        "picp": 0.9003017641597029,
        "mpiw": 6.48770748011995,
        "mis": 8.640712126644322,
        "pinball": 0.4675175703024173,
        "rmse_median": 2.206514332711958
      },
      "after": {
        "picp": 0.9365134633240483,
        "mpiw": 7.460863602137944,
        "mis": 8.814036330157997,
        "pinball": 0.4705365458627274,
        "rmse_median": 2.206514332711958
      }
    },
    "fgsm_1.0": {
      "before": {
        "picp": 0.49396471680594245,
        "mpiw": 6.503648022213402,
        "mis": 22.35297638412007,
        "pinball": 1.0389658968837336,
        "rmse_median": 3.947328736524157
      },
      "after": {
        "picp": 0.5869312906220984,
        "mpiw": 7.4791952255454115,
        "mis": 19.193513956376446,
        "pinball": 0.9869903364541965,
        "rmse_median": 3.947328736524157
      }
    },
    "fgsm_2.0": {
      "before": {
        "picp": 0.3059424326833798,
        "mpiw": 6.5626108563356915,
        "mis": 41.01444140152956,
        "pinball": 1.5864083073093338,
        "rmse_median": 5.202499815547417
      },
      "after": {
        "picp": 0.37546425255338906,
        "mpiw": 7.547002484786045,
        "mis": 35.90299040827784,
        "pinball": 1.5107927530731076,
        "rmse_median": 5.202499815547417
      }
    },
    "fgsm_4.0": {
      "before": {
        "picp": 0.1888347260909935,
        "mpiw": 6.813202389462789,
        "mis": 79.46728744507641,
        "pinball": 2.618511602584275,
        "rmse_median": 7.568495830871667
      },
      "after": {
        "picp": 0.2208681522748375,
        "mpiw": 7.835182747882208,
        "mis": 72.50931333644961,
        "pinball": 2.523013697571861,
        "rmse_median": 7.568495830871667
      }
    },
    "level_shift_1.0": {
      "before": {
        "picp": 0.7761142061281338,
        "mpiw": 6.487142055141214,
        "mis": 11.153912365425041,
        "pinball": 0.5801308949761131,
        "rmse_median": 2.4865480360444185
      },
      "after": {
        "picp": 0.8325208913649025,
        "mpiw": 7.460213363412397,
        "mis": 10.698214901556916,
        "pinball": 0.5722731987402483,
        "rmse_median": 2.4865480360444185
      }
    },
    "level_shift_2.0": {
      "before": {
        "picp": 0.6086350974930362,
        "mpiw": 6.506217204616189,
        "mis": 19.8358900026837,
        "pinball": 0.8747004179293798,
        "rmse_median": 3.300207776565128
      },
      "after": {
        "picp": 0.6736304549675023,
        "mpiw": 7.482149785308617,
        "mis": 18.039678568326707,
        "pinball": 0.8474556592974302,
        "rmse_median": 3.300207776565128
      }
    },
    "level_shift_4.0": {
      "before": {
        "picp": 0.36803621169916434,
        "mpiw": 6.651420064082923,
        "mis": 48.815377204262006,
        "pinball": 1.7440851932477286,
        "rmse_median": 5.610062060598982
      },
      "after": {
        "picp": 0.4293175487465181,
        "mpiw": 7.649133073695361,
        "mis": 44.37664176894737,
        "pinball": 1.6794498935405033,
        "rmse_median": 5.610062060598982
      }
    },
    "point_spike_1.0": {
      "before": {
        "picp": 0.8987929433611885,
        "mpiw": 6.4915782419236585,
        "mis": 8.615161430513698,
        "pinball": 0.4673930736448645,
        "rmse_median": 2.2067094002702
      },
      "after": {
        "picp": 0.9345403899721448,
        "mpiw": 7.4653149782122075,
        "mis": 8.763213348018246,
        "pinball": 0.47020566935636154,
        "rmse_median": 2.2067094002702
      }
    },
    "point_spike_2.0": {
      "before": {
        "picp": 0.8979805013927576,
        "mpiw": 6.492854804215968,
        "mis": 8.6439274166201,
        "pinball": 0.46875083609298324,
        "rmse_median": 2.2117918724407613
      },
      "after": {
        "picp": 0.9346564531104921,
        "mpiw": 7.466783024848362,
        "mis": 8.788495494467444,
        "pinball": 0.4714418138171406,
        "rmse_median": 2.2117918724407613
      }
    },
    "point_spike_4.0": {
      "before": {
        "picp": 0.8971680594243269,
        "mpiw": 6.493973468875096,
        "mis": 8.729455871458516,
        "pinball": 0.472006230047803,
        "rmse_median": 2.2254465131083228
      },
      "after": {
        "picp": 0.9334958217270195,
        "mpiw": 7.468069489206361,
        "mis": 8.863841778130492,
        "pinball": 0.47451436829395843,
        "rmse_median": 2.2254465131083228
      }
    }
  }
}