{
  "model": "qtransformer_multi",
  "method": "static",
  "alpha": 0.1,
  "fit_on": [
    "clean"
  ],
  "params": {
    "tau": 1.3
  },
  "settings": {
    "clean": {
      "before": {
        "picp": 0.8405292479108635,
        "mpiw": 5.857669942613792,
        "mis": 9.336848244892321,
        "pinball": 0.4928191104329348,
        "rmse_median": 2.2753392899579286
      },
      "after": {
        "picp": 0.9314066852367688,
        "mpiw": 7.614970925397929,
        "mis": 9.05684534745318,
        "pinball": 0.48762332351088444,
        "rmse_median": 2.2753392899579286
      }
    },
    "clock_skew_1.0": {
      "before": {
        "picp": 0.7466341689879294,
        "mpiw": 5.888613228839361,
        "mis": 12.115426847219318,
        "pinball": 0.5958915719741793,
        "rmse_median": 2.5505036931131433
      },
      "after": {
        "picp": 0.8521355617455896,
        "mpiw": 7.655197197491169,
        "mis": 10.87654518535788,
        "pinball": 0.5756544074567727,
        "rmse_median": 2.5505036931131433
      }
    },
    "clock_skew_2.0": {
      "before": {
        "picp": 0.637883008356546,
        "mpiw": 5.842919490743499,
        "mis": 19.573087048624302,
        "pinball": 0.8216744828807849,
        "rmse_median": 3.184633995394931
      },
      "after": {
        "picp": 0.7479108635097493,
        "mpiw": 7.59579533796655,
        "mis": 16.907260684264195,
        "pinball": 0.7803425171593207,
        "rmse_median": 3.184633995394931
      }
    },
    "clock_skew_4.0": {
      "before": {
        "picp": 0.5009285051067781,
        "mpiw": 5.626536099949961,
        "mis": 33.83606122759058,
        "pinball": 1.228343478827376,
        "rmse_median": 4.2805072213936555
      },
      "after": {
        "picp": 0.6068941504178273,
        "mpiw": 7.31449692993495,
        "mis": 29.052912644797004,
        "pinball": 1.1567710464352763,
        "rmse_median": 4.2805072213936555
      }
    },
    "contextual_outlier_1.0": {
      "before": {
        "picp": 0.841225626740947,
        "mpiw": 5.8572181390463625,
        "mis": 9.266356458180319,
        "pinball": 0.4916241898462367,
        "rmse_median": 2.2673973953283677
      },
      "after": {
        "picp": 0.9324512534818942,
        "mpiw": 7.614383580760272,
        "mis": 9.02168121216358,
        "pinball": 0.4866716623028398,
        "rmse_median": 2.2673973953283677
      }
    },
    "contextual_outlier_2.0": {
      "before": {
        "picp": 0.8399489322191273,
        "mpiw": 5.85490204084039,
        "mis": 9.38757180240193,
        "pinball": 0.4947425489171448,
        "rmse_median": 2.2781112068402387
      },
      "after": {
        "picp": 0.9297818012999072,
        "mpiw": 7.611372653092507,
        "mis": 9.118264527596727,
        "pinball": 0.4895623453974193,
        "rmse_median": 2.2781112068402387
      }
    },
    "contextual_outlier_4.0": {
      "before": {
        "picp": 0.8289229340761374,
        "mpiw": 5.875237024799904,
        "mis": 10.005691861670398,
        "pinball": 0.5198409468166011,
        "rmse_median": 2.393025553869286
      },
      "after": {
        "picp": 0.9227019498607242,
        "mpiw": 7.637808132239875,
        "mis": 9.561226789302946,
        "pinball": 0.5111230737591169,
        "rmse_median": 2.393025553869286
      }
    },
    "drift_1.0": {
      "before": {
        "picp": 0.5842618384401114,
        "mpiw": 5.867681165083122,
        "mis": 17.90237760890129,
        "pinball": 0.8067068283710553,
        "rmse_median": 3.1052895905127573
      },
      "after": {
        "picp": 0.724233983286908,
        "mpiw": 7.627985514608058,
        "mis": 14.678262319920123,
        "pinball": 0.754233574156063,
        "rmse_median": 3.1052895905127573
      }
    },
    "drift_2.0": {
      "before": {
        "picp": 0.38057103064066855,
        "mpiw": 5.930244012015863,
        "mis": 39.521080729690375,
        "pinball": 1.4432631755330836,
        "rmse_median": 4.729675907043296
      },
      "after": {
        "picp": 0.49013463324048284,
        "mpiw": 7.7093172156206204,
        "mis": 32.322974209749816,
        "pinball": 1.33710670974861,
        "rmse_median": 4.729675907043296
      }
    },
    "drift_4.0": {
      "before": {
        "picp": 0.1882544103992572,
        "mpiw": 6.206732919054284,
        "mis": 92.36213571551227,
        "pinball": 2.885269302770267,
        "rmse_median": 8.215214816200389
      },
      "after": {
        "picp": 0.25487465181058494,
        "mpiw": 8.06875279477057,
        "mis": 80.10172191265194,
        "pinball": 2.71386177676763,
        "rmse_median": 8.215214816200389
      }
    },
    "fgsm_1.0": {
      "before": {
        "picp": 0.3412256267409471,
        "mpiw": 5.83777796929569,
        "mis": 33.490651571400214,
        "pinball": 1.3161760096063448,
        "rmse_median": 4.46372471223288
      },
      "after": {
        "picp": 0.4856081708449396,
        "mpiw": 7.589111360084397,
        "mis": 25.713892287920576,
        "pinball": 1.199098431588054,
        "rmse_median": 4.46372471223288
      }
    },
    "fgsm_2.0": {
      "before": {
        "picp": 0.2292246982358403,
        "mpiw": 5.851248316012904,
        "mis": 59.80353326113434,
        "pinball": 2.0141054056109633,
        "rmse_median": 6.026460975085918
      },
      "after": {
        "picp": 0.31580779944289694,
        "mpiw": 7.606622810816775,
        "mis": 49.50882604943051,
        "pinball": 1.8689236849579964,
        "rmse_median": 6.026460975085918
      }
    },
    "fgsm_4.0": {
      "before": {
        "picp": 0.16434540389972144,
        "mpiw": 6.0842844855889835,
        "mis": 104.6469880400888,
        "pinball": 3.198658797727741,
        "rmse_median": 8.82262228907024
      },
      "after": {
        "picp": 0.22284122562674094,
        "mpiw": 7.909569831265678,
        "mis": 92.06773221390839,
        "pinball": 3.0263188408398025,
        "rmse_median": 8.82262228907024
      }
    },
    "flatline_1.0": {
      "before": {
        "picp": 0.552460538532962,
        "mpiw": 6.03072206818569,
        "mis": 28.536571255213172,
        "pinball": 1.1053951104855817,
        "rmse_median": 4.036080314937436
      },
      "after": {
        "picp": 0.6606313834726091,
        "mpiw": 7.839938688641397,
        "mis": 24.225398763742074,
        "pinball": 1.0379983747443098,
        "rmse_median": 4.036080314937436
      }
    },
    "flatline_2.0": {
      "before": {
        "picp": 0.5587279480037141,
        "mpiw": 5.9509888415258985,
        "mis": 25.46133779888095,
        "pinball": 1.0111520433733312,
        "rmse_median": 3.7156195771900773
      },
      "after": {
        "picp": 0.6797818012999072,
        "mpiw": 7.736285493983668,
        "mis": 21.453785973096977,
        "pinball": 0.9492266304849553,
        "rmse_median": 3.7156195771900773
      }
    },
    "flatline_4.0": {
      "before": {
        "picp": 0.5518802228412256,
        "mpiw": 5.643398740470274,
        "mis": 25.948959907347227,
        "pinball": 1.008482664094749,
        "rmse_median": 3.8090006864790196
      },
      "after": {
        "picp": 0.6615598885793872,
        "mpiw": 7.336418362611355,
        "mis": 21.631743855286878,
        "pinball": 0.9445324533599655,
        "rmse_median": 3.8090006864790196
      }
    },
    "gap_imputation_1.0": {
      "before": {
        "picp": 0.8420380687093779,
        "mpiw": 5.856277818065911,
        "mis": 9.305441649527836,
        "pinball": 0.49127942382933615,
        "rmse_median": 2.2675575663554066
      },
      "after": {
        "picp": 0.9314066852367688,
        "mpiw": 7.613161163485685,
        "mis": 9.044594790731084,
        "pinball": 0.48641347843230837,
        "rmse_median": 2.2675575663554066
      }
    },
    "gap_imputation_2.0": {
      "before": {
        "picp": 0.8378597957288765,
        "mpiw": 5.844118987188396,