{
  "model": "qtransformer_robust",
  "method": "static",
  "alpha": 0.1,
  "fit_on": [
    "clean"
  ],
  "params": {
    "tau": 1.05
  },
  "settings": {
    "clean": {
      "before": {
        "picp": 0.915041782729805,
        "mpiw": 9.053371700903112,
        "mis": 10.878096698103198,
        "pinball": 0.5786078752660051,
        "rmse_median": 2.6628302056593456
      },
      "after": {
        "picp": 0.9268802228412256,
        "mpiw": 9.506040285948268,
        "mis": 10.983718118599432,
        "pinball": 0.5803267712671111,
        "rmse_median": 2.6628302056593456
      }
    },
    "clock_skew_1.0": {
      "before": {
        "picp": 0.8661792014856081,
        "mpiw": 8.873828447366073,
        "mis": 11.901649841934253,
        "pinball": 0.6424202783517554,
        "rmse_median": 2.8403515104569523
      },
      "after": {
        "picp": 0.8844011142061281,
        "mpiw": 9.317519869734376,
        "mis": 11.857001888049568,
        "pinball": 0.6415784358706091,
        "rmse_median": 2.8403515104569523
      }
    },
    "clock_skew_2.0": {
      "before": {
        "picp": 0.7671773444753947,
        "mpiw": 8.828719781855852,
        "mis": 16.486467590068443,
        "pinball": 0.8366944284515526,
        "rmse_median": 3.51200491939256
      },
      "after": {
        "picp": 0.7866759517177344,
        "mpiw": 9.270155770948644,
        "mis": 16.050173045031173,
        "pinball": 0.8297458116306436,
        "rmse_median": 3.51200491939256
      }
    },
    "clock_skew_4.0": {
      "before": {
        "picp": 0.6107242339832869,
        "mpiw": 8.953100281305595,
        "mis": 31.51437610293095,
        "pinball": 1.3374692160574537,
        "rmse_median": 5.085408225661218
      },
      "after": {
        "picp": 0.63347260909935,
        "mpiw": 9.400755295370875,
        "mis": 30.401617165886023,
        "pinball": 1.3204655918709256,
        "rmse_median": 5.085408225661218
      }
    },
    "contextual_outlier_1.0": {
      "before": {
        "picp": 0.916782729805014,
        "mpiw": 9.066440134039272,
        "mis": 10.86494053555887,
        "pinball": 0.5779417862522004,
        "rmse_median": 2.65898578402024
      },
      "after": {
        "picp": 0.927924791086351,
        "mpiw": 9.519762140741236,
        "mis": 10.974015867503475,
        "pinball": 0.5797249121931659,
        "rmse_median": 2.65898578402024
      }
    },
    "contextual_outlier_2.0": {
      "before": {
        "picp": 0.9144614670380687,
        "mpiw": 9.109787700024349,
        "mis": 10.920061738281804,
        "pinball": 0.5810137889327207,
        "rmse_median": 2.6739293028520166
      },
      "after": {
        "picp": 0.9264159702878366,
        "mpiw": 9.565277085025565,
        "mis": 11.020896118276468,
        "pinball": 0.5827534773470756,
        "rmse_median": 2.6739293028520166
      }
    },
    "contextual_outlier_4.0": {
      "before": {
        "picp": 0.9094707520891365,
        "mpiw": 9.298485234690803,
        "mis": 11.460375073146817,
        "pinball": 0.6041414203886637,
        "rmse_median": 2.776072126681067
      },
      "after": {
        "picp": 0.9215413184772516,
        "mpiw": 9.763409496425345,
        "mis": 11.545211155670964,
        "pinball": 0.605674806795297,
        "rmse_median": 2.776072126681067
      }
    },
    "drift_1.0": {
      "before": {
        "picp": 0.8444753946146704,
        "mpiw": 9.282956695494093,
        "mis": 13.15911036114268,
        "pinball": 0.7341549663128785,
        "rmse_median": 3.233312914714045
      },
      "after": {
        "picp": 0.8644382544103992,
        "mpiw": 9.747104530268798,
        "mis": 13.037380318825841,
        "pinball": 0.7309115943913463,
        "rmse_median": 3.233312914714045
      }
    },
    "drift_2.0": {
      "before": {
        "picp": 0.752669452181987,
        "mpiw": 10.028455532469957,
        "mis": 18.51627071844055,
        "pinball": 1.005761614568679,
        "rmse_median": 4.174118350551718
      },
      "after": {
        "picp": 0.7777390900649953,
        "mpiw": 10.529878309093457,
        "mis": 17.99636890433944,
        "pinball": 0.9955464429391052,
        "rmse_median": 4.174118350551718
      }
    },
    "drift_4.0": {
      "before": {
        "picp": 0.7094939647168059,
        "mpiw": 11.976124525388238,
        "mis": 25.650590810335707,
        "pinball": 1.3091417696874543,
        "rmse_median": 5.208820865435916
      },
      "after": {
        "picp": 0.7335190343546889,
        "mpiw": 12.57493075165765,
        "mis": 24.830698682457108,
        "pinball": 1.2953904546349313,
        "rmse_median": 5.208820865435916
      }
    },
    "fgsm_1.0": {
      "before": {
        "picp": 0.5972609099350047,
        "mpiw": 10.675570515008081,
        "mis": 29.344155792711224,
        "pinball": 1.4493191529794303,
        "rmse_median": 5.727617385335387
      },
      "after": {
        "picp": 0.6282497678737233,
        "mpiw": 11.209349040758486,
        "mis": 27.898453685900506,
        "pinball": 1.4248152521086086,
        "rmse_median": 5.727617385335387
      }
    },
    "fgsm_2.0": {
      "before": {
        "picp": 0.5749767873723306,
        "mpiw": 12.642217250613815,
        "mis": 37.55172851662934,
        "pinball": 1.7604429527570857,
        "rmse_median": 6.772621743923386
      },
      "after": {
        "picp": 0.60677808727948,
        "mpiw": 13.274328113144506,
        "mis": 35.846380514603666,
        "pinball": 1.733190211365549,
        "rmse_median": 6.772621743923386
      }
    },
    "fgsm_4.0": {
      "before": {
        "picp": 0.6100278551532033,
        "mpiw": 14.963637424594305,
        "mis": 45.48575190897888,
        "pinball": 2.0564708700800143,
        "rmse_median": 7.957553700458646
      },
      "after": {
        "picp": 0.6328922934076138,
        "mpiw": 15.71181929582402,
        "mis": 43.67068089630075,
        "pinball": 2.0278419026541283,
        "rmse_median": 7.957553700458646
      }
    },
    "flatline_1.0": {
      "before": {
        "picp": 0.8147632311977716,
        "mpiw": 10.253088147661563,
        "mis": 17.339790405843484,
        "pinball": 0.8824021165938615,
        "rmse_median": 3.665364930492439
      },
      "after": {
        "picp": 0.8311281337047354,
        "mpiw": 10.765742555044643,
        "mis": 17.14613671944066,
        "pinball": 0.8792044041128262,
        "rmse_median": 3.665364930492439
      }
    },
    "flatline_2.0": {
      "before": {
        "picp": 0.7968895078922934,
        "mpiw": 9.97905846245833,
        "mis": 17.112945559362306,
        "pinball": 0.8887942458731806,
        "rmse_median": 3.6751593678342154
      },
      "after": {
        "picp": 0.8182451253481894,
        "mpiw": 10.478011385581247,
        "mis": 16.839292461971887,
        "pinball": 0.883898911643925,
        "rmse_median": 3.6751593678342154
      }
    },
    "flatline_4.0": {
      "before": {
        "picp": 0.6826833797585887,
        "mpiw": 8.46035721876855,
        "mis": 22.98124431477763,
        "pinball": 1.0529863870036023,
        "rmse_median": 4.321905222730603
      },
      "after": {
        "picp": 0.7051996285979573,
        "mpiw": 8.88337507970698,
        "mis": 22.143221498179386,
        "pinball": 1.039801959751562,
        "rmse_median": 4.321905222730603
      }
    },
    "gap_imputation_1.0": {
      "before": {
        "picp": 0.9155060352831941,
        "mpiw": 9.041117902214937,
        "mis": 10.852885900850673,
        "pinball": 0.579696146722819,
        "rmse_median": 2.6669694192639968
      },
      "after": {
        "picp": 0.9268802228412256,
        "mpiw": 9.493173797325685,
        "mis": 10.95799336690986,
        "pinball": 0.5813092161085092,
        "rmse_median": 2.6669694192639968
      }
    },
    "gap_imputation_2.0": {
      "before": {
        "picp": 0.9080779944289693,
        "mpiw": 9.01593227327324,