{
  "model": "qtransformer",
  "method": "static",
  "alpha": 0.1,
  "fit_on": [
    "clean"
  ],
  "params": {
    "tau": 1.1
  },
  "settings": {
    "clean": {
      "before": {
        "picp": 0.9048282265552461,
        "mpiw": 7.486732339481373,
        "mis": 9.48621477978658,
        "pinball": 0.5110080486176924,
        "rmse_median": 2.430435930314456
      },
      "after": {
        "picp": 0.9329155060352832,
        "mpiw": 8.235405573429512,
        "mis": 9.613108371419985,
        "pinball": 0.5141672524817132,
        "rmse_median": 2.430435930314456
      }
    },
    "contextual_outlier_1.0": {
      "before": {
        "picp": 0.9041318477251625,
        "mpiw": 7.494835418722845,
        "mis": 9.48859764495551,
        "pinball": 0.5108354128250645,
        "rmse_median": 2.4312445432624323
      },
      "after": {
        "picp": 0.9338440111420613,
        "mpiw": 8.24431896059513,
        "mis": 9.613335964405064,
        "pinball": 0.5140450703913687,
        "rmse_median": 2.4312445432624323
      }
    },
    "contextual_outlier_2.0": {
      "before": {
        "picp": 0.9028551532033426,
        "mpiw": 7.519390736874552,
        "mis": 9.533278862475989,
        "pinball": 0.5140593688123631,
        "rmse_median": 2.4428348211945976
      },
      "after": {
        "picp": 0.9323351903435468,
        "mpiw": 8.271329810562008,
        "mis": 9.643155006050353,
        "pinball": 0.5169843468771661,
        "rmse_median": 2.4428348211945976
      }
    },
    "contextual_outlier_4.0": {
      "before": {
        "picp": 0.8949628597957289,
        "mpiw": 7.639394723229318,
        "mis": 10.213721809895725,
        "pinball": 0.5385160643683254,
        "rmse_median": 2.55602516482187
      },
      "after": {
        "picp": 0.9232822655524605,
        "mpiw": 8.40333419555225,
        "mis": 10.255803110361406,
        "pinball": 0.5407972392728044,
        "rmse_median": 2.55602516482187
      }
    },
    "fgsm_1.0": {
      "before": {
        "picp": 0.44962859795728877,
        "mpiw": 8.168773930745202,
        "mis": 35.12737902892163,
        "pinball": 1.4907979990154863,
        "rmse_median": 5.475822598906664
      },
      "after": {
        "picp": 0.5015088207985144,
        "mpiw": 8.985651323819722,
        "mis": 32.00071169685656,
        "pinball": 1.441465718961986,
        "rmse_median": 5.475822598906664
      }
    },
    "fgsm_2.0": {
      "before": {
        "picp": 0.37058960074280406,
        "mpiw": 8.799568024625536,
        "mis": 57.424778079874315,
        "pinball": 2.1346619082629226,
        "rmse_median": 7.154523365296659
      },
      "after": {
        "picp": 0.4099350046425255,
        "mpiw": 9.67952482708809,
        "mis": 53.32195070593161,
        "pinball": 2.0721453504645697,
        "rmse_median": 7.154523365296659
      }
    },
    "fgsm_4.0": {
      "before": {
        "picp": 0.3097725162488394,
        "mpiw": 9.40516746551645,
        "mis": 99.09648032519054,
        "pinball": 3.283980151273235,
        "rmse_median": 10.317281276081209
      },
      "after": {
        "picp": 0.34343082636954503,
        "mpiw": 10.345684212068097,
        "mis": 93.86077558338462,
        "pinball": 3.205996735528921,
        "rmse_median": 10.317281276081209
      }
    },
    "level_shift_1.0": {
      "before": {
        "picp": 0.7226090993500465,
        "mpiw": 7.587511634860936,
        "mis": 15.671334648346551,
        "pinball": 0.7659457421171442,
        "rmse_median": 3.153982436357645
      },
      "after": {
        "picp": 0.7619545032497679,
        "mpiw": 8.34626279834703,
        "mis": 15.006643696360277,
        "pinball": 0.7545757096758178,
        "rmse_median": 3.153982436357645
      }
    },
    "level_shift_2.0": {
      "before": {
        "picp": 0.5217038068709378,
        "mpiw": 7.85610488749348,
        "mis": 33.03899725922048,
        "pinball": 1.3525995229753722,
        "rmse_median": 4.864999736263168
      },
      "after": {
        "picp": 0.5690575673166203,
        "mpiw": 8.641715376242828,
        "mis": 30.85678742919444,
        "pinball": 1.3173761427141328,
        "rmse_median": 4.864999736263168
      }
    },
    "level_shift_4.0": {
      "before": {
        "picp": 0.30176415970287834,
        "mpiw": 8.568466747154282,
        "mis": 80.23666700228378,
        "pinball": 2.7559937244497292,
        "rmse_median": 8.645996650145982
      },
      "after": {
        "picp": 0.33925255338904364,
        "mpiw": 9.425313421869713,
        "mis": 75.50410431606943,
        "pinball": 2.6849097591437077,
        "rmse_median": 8.645996650145982
      }
    },
    "point_spike_1.0": {
      "before": {
        "picp": 0.9035515320334262,
        "mpiw": 7.488598011445815,
        "mis": 9.516076169729974,
        "pinball": 0.5119078625253286,
        "rmse_median": 2.4337869907009786
      },
      "after": {
        "picp": 0.9322191272051996,
        "mpiw": 8.237457812590398,
        "mis": 9.638800109841712,
        "pinball": 0.515026635540522,
        "rmse_median": 2.4337869907009786
      }
    },
    "point_spike_2.0": {
      "before": {
        "picp": 0.9021587743732591,
        "mpiw": 7.504786883164997,
        "mis": 9.562451323234242,
        "pinball": 0.5145040206716874,
        "rmse_median": 2.4456707761202185
      },
      "after": {
        "picp": 0.9321030640668524,
        "mpiw": 8.255265571481498,
        "mis": 9.679009131552494,
        "pinball": 0.5175338583388184,
        "rmse_median": 2.4456707761202185
      }
    },
    "point_spike_4.0": {
      "before": {
        "picp": 0.8974001857010213,
        "mpiw": 7.594215620074975,
        "mis": 10.044009781993624,
        "pinball": 0.5327570405409783,
        "rmse_median": 2.5270697941577738
      },
      "after": {
        "picp": 0.9258356545961003,
        "mpiw": 8.353637182082473,
        "mis": 10.107210576226043,
        "pinball": 0.5351795619508106,
        "rmse_median": 2.5270697941577738
      }
    }
  }
}