{
  "model": "qtransformer",
  "method": "static",
  "alpha": 0.1,
  "fit_on": [
    "clean"
  ],
  "params": {
    "tau": 1.1
  },
  "settings": {
    "clean": {
      "before": {
        "picp": 0.9048282265552461,
        "mpiw": 7.486732339481373,
        "mis": 9.48621477978658,
        "pinball": 0.5110080486176924,
        "rmse_median": 2.430435930314456
      },
      "after": {
        "picp": 0.9329155060352832,
        "mpiw": 8.235405573429512,
        "mis": 9.613108371419985,
        "pinball": 0.5141672524817132,
        "rmse_median": 2.430435930314456
      }
    },
    "clock_skew_1.0": {
      "before": {
        "picp": 0.8003714020427113,
        "mpiw": 7.4998238545265945,
        "mis": 12.52791587131813,
        "pinball": 0.6377007679429921,
        "rmse_median": 2.8123687006016853
      },
      "after": {
        "picp": 0.8341457753017641,
        "mpiw": 8.249806239979254,
        "mis": 12.151899189348702,
        "pinball": 0.6324880300711729,
        "rmse_median": 2.8123687006016853
      }
    },
    "clock_skew_2.0": {
      "before": {
        "picp": 0.6954503249767874,
        "mpiw": 7.622361792831592,
        "mis": 19.439482727230168,
        "pinball": 0.8840334879457085,
        "rmse_median": 3.5950634185873795
      },
      "after": {
        "picp": 0.7294568245125348,
        "mpiw": 8.38459797211475,
        "mis": 18.388841645293716,
        "pinball": 0.8677238224329314,
        "rmse_median": 3.5950634185873795
      }
    },
    "clock_skew_4.0": {
      "before": {
        "picp": 0.5567548746518106,
        "mpiw": 7.6748018636261515,
        "mis": 36.541924083432185,
        "pinball": 1.4047835643869477,
        "rmse_median": 5.1250120892802515
      },
      "after": {
        "picp": 0.5933147632311978,
        "mpiw": 8.442282049988767,
        "mis": 34.41161822360871,
        "pinball": 1.372221655965322,
        "rmse_median": 5.1250120892802515
      }
    },
    "contextual_outlier_1.0": {
      "before": {
        "picp": 0.9041318477251625,
        "mpiw": 7.494835418722845,
        "mis": 9.48859764495551,
        "pinball": 0.5108354128250645,
        "rmse_median": 2.4312445432624323
      },
      "after": {
        "picp": 0.9338440111420613,
        "mpiw": 8.24431896059513,
        "mis": 9.613335964405064,
        "pinball": 0.5140450703913687,
        "rmse_median": 2.4312445432624323
      }
    },
    "contextual_outlier_2.0": {
      "before": {
        "picp": 0.9028551532033426,
        "mpiw": 7.519390736874552,
        "mis": 9.533278862475989,
        "pinball": 0.5140593688123631,
        "rmse_median": 2.4428348211945976
      },
      "after": {
        "picp": 0.9323351903435468,
        "mpiw": 8.271329810562008,
        "mis": 9.643155006050353,
        "pinball": 0.5169843468771661,
        "rmse_median": 2.4428348211945976
      }
    },
    "contextual_outlier_4.0": {
      "before": {
        "picp": 0.8949628597957289,
        "mpiw": 7.639394723229318,
        "mis": 10.213721809895725,
        "pinball": 0.5385160643683254,
        "rmse_median": 2.55602516482187
      },
      "after": {
        "picp": 0.9232822655524605,
        "mpiw": 8.40333419555225,
        "mis": 10.255803110361406,
        "pinball": 0.5407972392728044,
        "rmse_median": 2.55602516482187
      }
    },
    "drift_1.0": {
      "before": {
        "picp": 0.7058960074280408,
        "mpiw": 7.541105231605287,
        "mis": 16.193474001429927,
        "pinball": 0.7922337634642231,
        "rmse_median": 3.281283967129143
      },
      "after": {
        "picp": 0.7474466109563602,
        "mpiw": 8.295215754765815,
        "mis": 15.390487642145887,
        "pinball": 0.7780571914810557,
        "rmse_median": 3.281283967129143
      }
    },
    "drift_2.0": {
      "before": {
        "picp": 0.49419684308263695,
        "mpiw": 7.763959094396725,
        "mis": 33.60622374996942,
        "pinball": 1.3821601851905425,
        "rmse_median": 4.943593025803568
      },
      "after": {
        "picp": 0.5418987929433612,
        "mpiw": 8.540355003836398,
        "mis": 31.170434044882967,
        "pinball": 1.3430986507059555,
        "rmse_median": 4.943593025803568
      }
    },
    "drift_4.0": {
      "before": {
        "picp": 0.2720519962859796,
        "mpiw": 8.613078684538811,
        "mis": 77.76351071999721,
        "pinball": 2.7262520010829228,
        "rmse_median": 8.47151536030615
      },
      "after": {
        "picp": 0.3083797585886722,
        "mpiw": 9.474386552992693,
        "mis": 72.64961762192418,
        "pinball": 2.648707753030492,
        "rmse_median": 8.47151536030615
      }
    },
    "fgsm_1.0": {
      "before": {
        "picp": 0.44962859795728877,
        "mpiw": 8.168773930745202,
        "mis": 35.12737902892163,
        "pinball": 1.4907979990154863,
        "rmse_median": 5.475822598906664
      },
      "after": {
        "picp": 0.5015088207985144,
        "mpiw": 8.985651323819722,
        "mis": 32.00071169685656,
        "pinball": 1.441465718961986,
        "rmse_median": 5.475822598906664
      }
    },
    "fgsm_2.0": {
      "before": {
        "picp": 0.37058960074280406,
        "mpiw": 8.799568024625536,
        "mis": 57.424778079874315,
        "pinball": 2.1346619082629226,
        "rmse_median": 7.154523365296659
      },
      "after": {
        "picp": 0.4099350046425255,
        "mpiw": 9.67952482708809,
        "mis": 53.32195070593161,
        "pinball": 2.0721453504645697,
        "rmse_median": 7.154523365296659
      }
    },
    "fgsm_4.0": {
      "before": {
        "picp": 0.3097725162488394,
        "mpiw": 9.40516746551645,
        "mis": 99.09648032519054,
        "pinball": 3.283980151273235,
        "rmse_median": 10.317281276081209
      },
      "after": {
        "picp": 0.34343082636954503,
        "mpiw": 10.345684212068097,
        "mis": 93.86077558338462,
        "pinball": 3.205996735528921,
        "rmse_median": 10.317281276081209
      }
    },
    "flatline_1.0": {
      "before": {
        "picp": 0.6646935933147632,
        "mpiw": 7.894759368632623,
        "mis": 25.278451851934115,
        "pinball": 1.0512486336367757,
        "rmse_median": 4.041702640193585
      },
      "after": {
        "picp": 0.697539461467038,
        "mpiw": 8.684235305495886,
        "mis": 24.161221744591643,
        "pinball": 1.0343953772491987,
        "rmse_median": 4.041702640193585
      }
    },
    "flatline_2.0": {
      "before": {
        "picp": 0.6471680594243269,
        "mpiw": 7.648051784682649,
        "mis": 23.75712775641287,
        "pinball": 1.0113721339582387,
        "rmse_median": 3.849551549714123
      },
      "after": {
        "picp": 0.6866295264623955,
        "mpiw": 8.412856963150915,
        "mis": 22.55890129283753,
        "pinball": 0.9931720913879654,
        "rmse_median": 3.849551549714123
      }
    },
    "flatline_4.0": {
      "before": {
        "picp": 0.5892525533890436,
        "mpiw": 6.896331957741235,
        "mis": 26.422522513408484,
        "pinball": 1.0874002864748744,
        "rmse_median": 4.240591204223851
      },
      "after": {
        "picp": 0.6316155988857939,
        "mpiw": 7.585965153515359,
        "mis": 24.624074062499776,
        "pinball": 1.060592966211744,
        "rmse_median": 4.240591204223851
      }
    },
    "gap_imputation_1.0": {
      "before": {
        "picp": 0.9029712163416899,
        "mpiw": 7.47689214333979,
        "mis": 9.487117624273552,
        "pinball": 0.511371153638516,
        "rmse_median": 2.4293654079530573
      },
      "after": {
        "picp": 0.9331476323119777,
        "mpiw": 8.224581357673769,
        "mis": 9.605626304652697,
        "pinball": 0.5143714722418554,
        "rmse_median": 2.4293654079530573
      }
    },
    "gap_imputation_2.0": {
      "before": {
        "picp": 0.8950789229340761,
        "mpiw": 7.456840252346641,
        "mis": 9.66288753201122,