{
  "epochs": 6,
  "smoke": false,
  "variants": [
    {
      "crps": 1.4113118759518277,
      "pinball": 0.7056559379759139,
      "picp": 0.8885793871866295,
      "mpiw": 9.64596101727484,
      "mis": 13.15327201593986,
      "picp_alpha": 0.9,
      "rmse": 3.342804696354758,
      "mae": 2.474470312835562,
      "smape": 48.81758048648983,
      "mase": 0.9527038236233537,
      "name": "deepar_target_only",
      "axis": "input",
      "model": "deepar",
      "use_covariates": false,
      "lookback": 168,
      "likelihood": "gaussian",
      "n_quantiles": 7,
      "n_features": 1,
      "epochs": 6,
      "n_predictions": 8616
    },
    {
      "crps": 0.0861225081463111,
      "pinball": 0.04306125407315555,
      "picp": 0.9751624883936861,
      "mpiw": 0.7572490851644834,
      "mis": 0.8227613846228871,
      "picp_alpha": 0.9,
      "rmse": 0.21027538735743503,
      "mae": 0.15237174136175777,
      "smape": 6.600412299267351,
      "mase": 0.0586651372839251,
      "name": "deepar_multivariate",
      "axis": "input",
      "model": "deepar",
      "use_covariates": true,
      "lookback": 168,
      "likelihood": "gaussian",
      "n_quantiles": 7,
      "n_features": 9,
      "epochs": 6,
      "n_predictions": 8616
    },
    {
      "crps": 1.0386818980706105,
      "pinball": 0.5193409490353053,
      "picp": 0.915041782729805,
      "mpiw": 7.821265274584249,
      "mis": 9.684324617783817,
      "picp_alpha": 0.9,
      "rmse": 2.44739634453399,
      "mae": 1.7891805754200567,
      "smape": 32.596276112229475,
      "mase": 0.6888582039208302,
      "name": "qtransformer_target_only",
      "axis": "input",
      "model": "qtransformer",
      "use_covariates": false,
      "lookback": 168,
      "likelihood": "gaussian",
      "n_quantiles": 7,
      "n_features": 1,
      "epochs": 6,
      "n_predictions": 8616
    },
    {
      "crps": 0.900749917599791,
      "pinball": 0.4503749587998955,
      "picp": 0.9236304549675023,
      "mpiw": 7.023618239995261,
      "mis": 8.349137597363121,
      "picp_alpha": 0.9,
      "rmse": 2.1181499112065687,
      "mae": 1.5646319814428489,
      "smape": 30.352587514262414,
      "mase": 0.602404023015266,
      "name": "qtransformer_multivariate",
      "axis": "input",
      "model": "qtransformer",
      "use_covariates": true,
      "lookback": 168,
      "likelihood": "gaussian",
      "n_quantiles": 7,
      "n_features": 9,
      "epochs": 6,
      "n_predictions": 8616
    },
    {
      "crps": 1.9309153720864862,
      "pinball": 0.9654576860432431,
      "picp": 0.54491643454039,
      "mpiw": 4.848805239645004,
      "mis": 25.522280845730318,
      "picp_alpha": 0.9,
      "rmse": 3.781193048644114,
      "mae": 2.778462661403308,
      "smape": 45.03562706443623,
      "mase": 1.0697449015988891,
      "name": "deepar_past_covariate",
      "axis": "input",
      "model": "deepar",
      "use_covariates": true,
      "lookback": 168,
      "likelihood": "gaussian",
      "n_quantiles": 7,
      "n_features": 9,
      "epochs": 6,
      "n_predictions": 8616
    },
    {
      "crps": 1.03460894390366,
      "pinball": 0.51730447195183,
      "picp": 0.9261937557392103,
      "mpiw": 8.05888237396808,
      "mis": 9.74738967417107,
      "picp_alpha": 0.9,
      "rmse": 2.4297241325094134,
      "mae": 1.7703893659272472,
      "smape": 32.94507289883003,
      "mase": 0.6816233395373524,
      "name": "qt_lookback_72",
      "axis": "lookback",
      "model": "qtransformer",
      "use_covariates": false,
      "lookback": 72,
      "likelihood": "gaussian",
      "n_quantiles": 7,
      "n_features": 1,
      "epochs": 6,
      "n_predictions": 8712
    },
    {
      "crps": 1.0386818980706105,
      "pinball": 0.5193409490353053,
      "picp": 0.915041782729805,
      "mpiw": 7.821265274584249,
      "mis": 9.684324617783817,
      "picp_alpha": 0.9,
      "rmse": 2.44739634453399,
      "mae": 1.7891805754200567,
      "smape": 32.596276112229475,
      "mase": 0.6888582039208302,
      "name": "qt_lookback_168",
      "axis": "lookback",
      "model": "qtransformer",
      "use_covariates": false,
      "lookback": 168,
      "likelihood": "gaussian",
      "n_quantiles": 7,
      "n_features": 1,
      "epochs": 6,
      "n_predictions": 8616
    },
    {
      "crps": 1.0398168011370321,
      "pinball": 0.5199084005685161,
      "picp": 0.9121685606060606,
      "mpiw": 7.859664763499533,
      "mis": 9.675881314865732,
      "picp_alpha": 0.9,
      "rmse": 2.4524426427632178,
      "mae": 1.79721245287333,
      "smape": 32.298910029555245,
      "mase": 0.6919505830538168,
      "name": "qt_lookback_336",
      "axis": "lookback",
      "model": "qtransformer",
      "use_covariates": false,
      "lookback": 336,
      "likelihood": "gaussian",
      "n_quantiles": 7,
      "n_features": 1,
      "epochs": 6,
      "n_predictions": 8448
    },
    {
      "crps": 1.4113118759518277,
      "pinball": 0.7056559379759139,
      "picp": 0.8885793871866295,
      "mpiw": 9.64596101727484,
      "mis": 13.15327201593986,
      "picp_alpha": 0.9,
      "rmse": 3.342804696354758,
      "mae": 2.474470312835562,
      "smape": 48.81758048648983,
      "mase": 0.9527038236233537,
      "name": "deepar_gaussian",
      "axis": "likelihood",
      "model": "deepar",
      "use_covariates": false,
      "lookback": 168,
      "likelihood": "gaussian",
      "n_quantiles": 7,
      "n_features": 1,
      "epochs": 6,
      "n_predictions": 8616
    },
    {
      "crps": 1.3246043219797385,
      "pinball": 0.6623021609898693,
      "picp": 0.8522516248839369,
      "mpiw": 8.794885795723197,
      "mis": 12.216918805340756,
      "picp_alpha": 0.9,
      "rmse": 2.9773605729233936,
      "mae": 2.302980259372641,
      "smape": 39.56806145060893,
      "mase": 0.8866778831220601,
      "name": "deepar_studentt",
      "axis": "likelihood",
      "model": "deepar",
      "use_covariates": false,
      "lookback": 168,
      "likelihood": "studentt",
      "n_quantiles": 7,
      "n_features": 1,
      "epochs": 6,
      "n_predictions": 8616
    },
    {
      "crps": 1.1368243617650926,
      "pinball": 0.5684121808825463,
      "picp": 0.8261374187558032,
      "mpiw": 6.125136389033495,
      "mis": 9.984349694702871,
      "picp_alpha": 0.9,
      "rmse": 2.4430621743492957,
      "mae": 1.7995244769216416,
      "smape": 32.89612534538445,
      "mase": 0.692840742915388,
      "name": "qt_quantiles_3",
      "axis": "quantiles",
      "model": "qtransformer",
      "use_covariates": false,
      "lookback": 168,
      "likelihood": "gaussian",
      "n_quantiles": 3,
      "n_features": 1,
      "epochs": 6,
      "n_predictions": 8616
    },
    {
      "crps": 1.0386818980706105,
      "pinball": 0.5193409490353053,
      "picp": 0.915041782729805,
      "mpiw": 7.821265274584249,
      "mis": 9.684324617783817,
      "picp_alpha": 0.9,
      "rmse": 2.44739634453399,
      "mae": 1.7891805754200567,
      "smape": 32.596276112229475,
      "mase": 0.6888582039208302,
      "name": "qt_quantiles_7",
      "axis": "quantiles",
      "model": "qtransformer",
      "use_covariates": false,
      "lookback": 168,
      "likelihood": "gaussian",
      "n_quantiles": 7,
      "n_features": 1,
      "epochs": 6,
      "n_predictions": 8616
    }
  ],
  "table": [
    {
      "name": "deepar_multivariate",
      "axis": "input",
      "model": "deepar",
      "crps": 0.0861,
      "pinball": 0.0431,
      "picp": 0.9752,
      "mpiw": 0.7572,
      "mis": 0.8228,
      "rmse": 0.2103,
      "mae": 0.1524
    },
    {
      "name": "deepar_past_covariate",
      "axis": "input",
      "model": "deepar",
      "crps": 1.9309,
      "pinball": 0.9655,
      "picp": 0.5449,
      "mpiw": 4.8488,
      "mis": 25.5223,
      "rmse": 3.7812,
      "mae": 2.7785
    },
    {
      "name": "deepar_target_only",
      "axis": "input",
      "model": "deepar",