{
  "epochs": 6,
  "smoke": false,
  "variants": [
    {
      "crps": 1.4125764899048068,
      "pinball": 0.7062882449524034,
      "picp": 0.890552460538533,
      "mpiw": 9.648453859148209,
      "mis": 13.1772211677351,
      "picp_alpha": 0.9,
      "rmse": 3.3438864614223314,
      "mae": 2.4778306139662623,
      "smape": 48.92601365301633,
      "mase": 0.9539975840371028,
      "name": "deepar_target_only",
      "axis": "input",
      "model": "deepar",
      "use_covariates": false,
      "lookback": 168,
      "likelihood": "gaussian",
      "n_quantiles": 7,
      "n_features": 1,
      "epochs": 6,
      "n_predictions": 8616
    },
    {
      "crps": 0.08041649009820315,
      "pinball": 0.040208245049101574,
      "picp": 0.9885097493036211,
      "mpiw": 0.7563280658249574,
      "mis": 0.7936666190988982,
      "picp_alpha": 0.9,
      "rmse": 0.19648908813761054,
      "mae": 0.13957899717014274,
      "smape": 6.171261856582398,
      "mase": 0.053739761439742566,
      "name": "deepar_multivariate",
      "axis": "input",
      "model": "deepar",
      "use_covariates": true,
      "lookback": 168,
      "likelihood": "gaussian",
      "n_quantiles": 7,
      "n_features": 9,
      "epochs": 6,
      "n_predictions": 8616
    },
    {
      "crps": 1.0386818980706105,
      "pinball": 0.5193409490353053,
      "picp": 0.915041782729805,
      "mpiw": 7.821265274584249,
      "mis": 9.684324617783817,
      "picp_alpha": 0.9,
      "rmse": 2.44739634453399,
      "mae": 1.7891805754200567,
      "smape": 32.596276112229475,
      "mase": 0.6888582039208302,
      "name": "qtransformer_target_only",
      "axis": "input",
      "model": "qtransformer",
      "use_covariates": false,
      "lookback": 168,
      "likelihood": "gaussian",
      "n_quantiles": 7,
      "n_features": 1,
      "epochs": 6,
      "n_predictions": 8616
    },
    {
      "crps": 0.900749917599791,
      "pinball": 0.4503749587998955,
      "picp": 0.9236304549675023,
      "mpiw": 7.023618239995261,
      "mis": 8.349137597363121,
      "picp_alpha": 0.9,
      "rmse": 2.1181499112065687,
      "mae": 1.5646319814428489,
      "smape": 30.352587514262414,
      "mase": 0.602404023015266,
      "name": "qtransformer_multivariate",
      "axis": "input",
      "model": "qtransformer",
      "use_covariates": true,
      "lookback": 168,
      "likelihood": "gaussian",
      "n_quantiles": 7,
      "n_features": 9,
      "epochs": 6,
      "n_predictions": 8616
    },
    {
      "crps": 1.03460894390366,
      "pinball": 0.51730447195183,
      "picp": 0.9261937557392103,
      "mpiw": 8.05888237396808,
      "mis": 9.74738967417107,
      "picp_alpha": 0.9,
      "rmse": 2.4297241325094134,
      "mae": 1.7703893659272472,
      "smape": 32.94507289883003,
      "mase": 0.6816233395373524,
      "name": "qt_lookback_72",
      "axis": "lookback",
      "model": "qtransformer",
      "use_covariates": false,
      "lookback": 72,
      "likelihood": "gaussian",
      "n_quantiles": 7,
      "n_features": 1,
      "epochs": 6,
      "n_predictions": 8712
    },
    {
      "crps": 1.0386818980706105,
      "pinball": 0.5193409490353053,
      "picp": 0.915041782729805,
      "mpiw": 7.821265274584249,
      "mis": 9.684324617783817,
      "picp_alpha": 0.9,
      "rmse": 2.44739634453399,
      "mae": 1.7891805754200567,
      "smape": 32.596276112229475,
      "mase": 0.6888582039208302,
      "name": "qt_lookback_168",
      "axis": "lookback",
      "model": "qtransformer",
      "use_covariates": false,
      "lookback": 168,
      "likelihood": "gaussian",
      "n_quantiles": 7,
      "n_features": 1,
      "epochs": 6,
      "n_predictions": 8616
    },
    {
      "crps": 1.0398168011370321,
      "pinball": 0.5199084005685161,
      "picp": 0.9121685606060606,
      "mpiw": 7.859664763499533,
      "mis": 9.675881314865732,
      "picp_alpha": 0.9,
      "rmse": 2.4524426427632178,
      "mae": 1.79721245287333,
      "smape": 32.298910029555245,
      "mase": 0.6919505830538168,
      "name": "qt_lookback_336",
      "axis": "lookback",
      "model": "qtransformer",
      "use_covariates": false,
      "lookback": 336,
      "likelihood": "gaussian",
      "n_quantiles": 7,
      "n_features": 1,
      "epochs": 6,
      "n_predictions": 8448
    },
    {
      "crps": 1.4125764899048068,
      "pinball": 0.7062882449524034,
      "picp": 0.890552460538533,
      "mpiw": 9.648453859148209,
      "mis": 13.1772211677351,
      "picp_alpha": 0.9,
      "rmse": 3.3438864614223314,
      "mae": 2.4778306139662623,
      "smape": 48.92601365301633,
      "mase": 0.9539975840371028,
      "name": "deepar_gaussian",
      "axis": "likelihood",
      "model": "deepar",
      "use_covariates": false,
      "lookback": 168,
      "likelihood": "gaussian",
      "n_quantiles": 7,
      "n_features": 1,
      "epochs": 6,
      "n_predictions": 8616
    },
    {
      "crps": 1.3329654871691379,
      "pinball": 0.6664827435845689,
      "picp": 0.8503946146703807,
      "mpiw": 8.789049082564393,
      "mis": 12.401370003811628,
      "picp_alpha": 0.9,
      "rmse": 2.9762178132622705,
      "mae": 2.3004265379852606,
      "smape": 39.659035623379694,
      "mase": 0.8856946665857347,
      "name": "deepar_studentt",
      "axis": "likelihood",
      "model": "deepar",
      "use_covariates": false,
      "lookback": 168,
      "likelihood": "studentt",
      "n_quantiles": 7,
      "n_features": 1,
      "epochs": 6,
      "n_predictions": 8616
    },
    {
      "crps": 1.1368243617650926,
      "pinball": 0.5684121808825463,
      "picp": 0.8261374187558032,
      "mpiw": 6.125136389033495,
      "mis": 9.984349694702871,
      "picp_alpha": 0.9,
      "rmse": 2.4430621743492957,
      "mae": 1.7995244769216416,
      "smape": 32.89612534538445,
      "mase": 0.692840742915388,
      "name": "qt_quantiles_3",
      "axis": "quantiles",
      "model": "qtransformer",
      "use_covariates": false,
      "lookback": 168,
      "likelihood": "gaussian",
      "n_quantiles": 3,
      "n_features": 1,
      "epochs": 6,
      "n_predictions": 8616
    },
    {
      "crps": 1.0386818980706105,
      "pinball": 0.5193409490353053,
      "picp": 0.915041782729805,
      "mpiw": 7.821265274584249,
      "mis": 9.684324617783817,
      "picp_alpha": 0.9,
      "rmse": 2.44739634453399,
      "mae": 1.7891805754200567,
      "smape": 32.596276112229475,
      "mase": 0.6888582039208302,
      "name": "qt_quantiles_7",
      "axis": "quantiles",
      "model": "qtransformer",
      "use_covariates": false,
      "lookback": 168,
      "likelihood": "gaussian",
      "n_quantiles": 7,
      "n_features": 1,
      "epochs": 6,
      "n_predictions": 8616
    }
  ],
  "table": [
    {
      "name": "deepar_multivariate",
      "axis": "input",
      "model": "deepar",
      "crps": 0.0804,
      "pinball": 0.0402,
      "picp": 0.9885,
      "mpiw": 0.7563,
      "mis": 0.7937,
      "rmse": 0.1965,
      "mae": 0.1396
    },
    {
      "name": "deepar_target_only",
      "axis": "input",
      "model": "deepar",
      "crps": 1.4126,
      "pinball": 0.7063,
      "picp": 0.8906,
      "mpiw": 9.6485,
      "mis": 13.1772,
      "rmse": 3.3439,
      "mae": 2.4778
    },
    {
      "name": "qtransformer_multivariate",
      "axis": "input",
      "model": "qtransformer",
      "crps": 0.9007,
      "pinball": 0.4504,
      "picp": 0.9236,
      "mpiw": 7.0236,
      "mis": 8.3491,
      "rmse": 2.1181,
      "mae": 1.5646
    },
    {
      "name": "qtransformer_target_only",
      "axis": "input",
      "model": "qtransformer",
      "crps": 1.0387,
      "pinball": 0.5193,
      "picp": 0.915,
      "mpiw": 7.8213,
      "mis": 9.6843,
      "rmse": 2.4474,
      "mae": 1.7892
    },
    {
      "name": "deepar_gaussian",
      "axis": "likelihood",
      "model": "deepar",
      "crps": 1.4126,
      "pinball": 0.7063,
      "picp": 0.8906,