{
  "config": {
    "intensities": [
      1.0,
      2.0,
      4.0
    ],
    "anomaly_types": [
      "point_spike",
      "contextual_outlier",
      "level_shift",
      "fgsm"
    ],
    "alpha": 0.1,
    "seed": 42,
    "smoke": false,
    "lstm_epochs": 8,
    "deepar_epochs": 12,
    "qt_epochs": 12,
    "deterministic_models": [
      "lstm",
      "naive_seasonal"
    ],
    "naive_fgsm": "N/A (FGSM is white-box; naive_seasonal has no gradient)"
  },
  "quantiles": [
    0.05,
    0.1,
    0.25,
    0.5,
    0.75,
    0.9,
    0.95
  ],
  "calibration_tau": {
    "deepar": 1.3,
    "qtransformer": 1.1
  },
  "clean": {
    "lstm": {
      "rmse": 2.4294278918944117,
      "mae": 1.8085464803749134
    },
    "naive_seasonal": {
      "rmse": 3.214942038823542,
      "mae": 2.449600252103294
    },
    "deepar": {
      "crps": 1.2538295416104754,
      "pinball": 0.6269147708052377,
      "picp": 0.8108170844939647,
      "mpiw": 7.515696491748306,
      "mis": 11.880527215869183,
      "rmse": 2.824883873600296,
      "mae": 2.164918768409817,
      "picp_cal": 0.9144614670380687,
      "mis_cal": 11.502836926771446,
      "pinball_cal": 0.6226246449791829
    },
    "qtransformer": {
      "crps": 1.0220161001030914,
      "pinball": 0.5110080500515457,
      "picp": 0.9048282265552461,
      "mpiw": 7.486732351100971,
      "mis": 9.486214795598489,
      "rmse": 2.4304359384593623,
      "mae": 1.7690424700370595,
      "picp_cal": 0.9329155060352832,
      "mis_cal": 9.61310840621936,
      "pinball_cal": 0.5141672536293204
    }
  },
  "anomaly": {
    "point_spike": {
      "1.0": {
        "realized_magnitude_scaled": 0.28567544863421723,
        "realized_magnitude_degC": 2.4358528114719245,
        "lstm": {
          "rmse": 2.4307338729164507,
          "mae": 1.8098566187171148
        },
        "naive_seasonal": {
          "rmse": 3.2204315642847914,
          "mae": 2.453773186284977
        },
        "deepar": {
          "crps": 1.254860694166937,
          "pinball": 0.6274303470834685,
          "picp": 0.8102367688022284,
          "mpiw": 7.515119583595929,
          "mis": 11.895113760178676,
          "rmse": 2.824988353375153,
          "mae": 2.1654488136420937,
          "picp_cal": 0.9138811513463324,
          "mis_cal": 11.516038498155861,
          "pinball_cal": 0.6230663933491536
        },
        "qtransformer": {
          "crps": 1.0238157295837982,
          "pinball": 0.5119078647918991,
          "picp": 0.9035515320334262,
          "mpiw": 7.488598009534301,
          "mis": 9.516076206699998,
          "rmse": 2.433787006099923,
          "mae": 1.7701458622396058,
          "picp_cal": 0.9322191272051996,
          "mis_cal": 9.638800140453736,
          "pinball_cal": 0.5150266374918591
        }
      },
      "2.0": {
        "realized_magnitude_scaled": 0.5713508972684345,
        "realized_magnitude_degC": 4.871705622943849,
        "lstm": {
          "rmse": 2.434340099597691,
          "mae": 1.8133012458798161
        },
        "naive_seasonal": {
          "rmse": 3.234473703295161,
          "mae": 2.4610562844638832
        },
        "deepar": {
          "crps": 1.2563808009158446,
          "pinball": 0.6281904004579223,
          "picp": 0.8096564531104921,
          "mpiw": 7.5192845024132025,
          "mis": 11.923984150831537,
          "rmse": 2.82662889347964,
          "mae": 2.1662661284248044,
          "picp_cal": 0.9138811513463324,
          "mis_cal": 11.544475990243242,
          "pinball_cal": 0.6237943778808447
        },
        "qtransformer": {
          "crps": 1.0290080442962364,
          "pinball": 0.5145040221481182,
          "picp": 0.9021587743732591,
          "mpiw": 7.504786881788643,
          "mis": 9.56245135848015,
          "rmse": 2.445670786546142,
          "mae": 1.780466880622604,
          "picp_cal": 0.9321030640668524,
          "mis_cal": 9.679009160916713,
          "pinball_cal": 0.5175338593794817
        }
      },
      "4.0": {
        "realized_magnitude_scaled": 1.142701794536869,
        "realized_magnitude_degC": 9.743411245887698,
        "lstm": {
          "rmse": 2.4473895433859387,
          "mae": 1.824137711990901
        },
        "naive_seasonal": {
          "rmse": 3.2877107660800537,
          "mae": 2.480141314493071
        },
        "deepar": {
          "crps": 1.2629767990382075,
          "pinball": 0.6314883995191037,
          "picp": 0.8107010213556175,
          "mpiw": 7.544511154630621,
          "mis": 12.010917089877951,
          "rmse": 2.8465509739853814,
          "mae": 2.175364391922276,
          "picp_cal": 0.9138811513463324,
          "mis_cal": 11.631976447046195,
          "pinball_cal": 0.6271443560439363
        },
        "qtransformer": {
          "crps": 1.0655140839395876,
          "pinball": 0.5327570419697938,
          "picp": 0.8974001857010213,
          "mpiw": 7.5942156218141275,
          "mis": 10.044009834466724,
          "rmse": 2.527069799523156,
          "mae": 1.8286604066070506,
          "picp_cal": 0.9258356545961003,
          "mis_cal": 10.107210605887001,
          "pinball_cal": 0.5351795630996462
        }
      }
    },
    "contextual_outlier": {
      "1.0": {
        "realized_magnitude_scaled": 0.28658828988790525,
        "realized_magnitude_degC": 2.4436362837473826,
        "lstm": {
          "rmse": 2.4277538608780347,
          "mae": 1.806938836185249
        },
        "naive_seasonal": {
          "rmse": 3.2295669099516813,
          "mae": 2.4620130071595008
        },
        "deepar": {
          "crps": 1.2534996544993844,
          "pinball": 0.6267498272496922,
          "picp": 0.8100046425255338,
          "mpiw": 7.515432599830791,
          "mis": 11.88094989718999,
          "rmse": 2.8234031581572103,
          "mae": 2.1631517411228223,
          "picp_cal": 0.9142293407613742,
          "mis_cal": 11.500020450722118,
          "pinball_cal": 0.6224487380539584
        },
        "qtransformer": {
          "crps": 1.0216708275770583,
          "pinball": 0.5108354137885291,
          "picp": 0.9041318477251625,
          "mpiw": 7.494835421108237,
          "mis": 9.488597676269253,
          "rmse": 2.431244558058999,
          "mae": 1.7675408200078444,
          "picp_cal": 0.9338440111420613,
          "mis_cal": 9.613335993397689,
          "pinball_cal": 0.5140450711944531
        }
      },
      "2.0": {
        "realized_magnitude_scaled": 0.5731765797758105,
        "realized_magnitude_degC": 4.887272567494765,
        "lstm": {
          "rmse": 2.4328317563564954,
          "mae": 1.8110949088241
        },
        "naive_seasonal": {
          "rmse": 3.2683805513078927,
          "mae": 2.485344886102947
        },
        "deepar": {
          "crps": 1.2538871209885263,
          "pinball": 0.6269435604942631,
          "picp": 0.810468895078923,
          "mpiw": 7.5179492033021385,
          "mis": 11.88117334496156,
          "rmse": 2.8234555300249475,
          "mae": 2.1611791363234216,
          "picp_cal": 0.914113277623027,
          "mis_cal": 11.493422007088226,
          "pinball_cal": 0.6225542217924077
        },
        "qtransformer": {
          "crps": 1.0281187395848608,
          "pinball": 0.5140593697924304,
          "picp": 0.9028551532033426,
          "mpiw": 7.519390743141032,
          "mis": 9.533278902170137,
          "rmse": 2.442834822279901,
          "mae": 1.7795900644602727,
          "picp_cal": 0.9323351903435468,
          "mis_cal": 9.643155041486587,
          "pinball_cal": 0.5169843476690847
        }
      },
      "4.0": {
        "realized_magnitude_scaled": 1.146353159551621,
        "realized_magnitude_degC": 9.77454513498953,
        "lstm": {
          "rmse": 2.4610086220886256,
          "mae": 1.8299268360398038
        },
        "naive_seasonal": {
          "rmse": 3.4147629613932815,
          "mae": 2.539343050230224
        },