{
  "config": {
    "intensities": [
      1.0,
      2.0,
      4.0
    ],
    "anomaly_types": [
      "point_spike",
      "contextual_outlier",
      "level_shift",
      "fgsm"
    ],
    "alpha": 0.1,
    "seed": 42,
    "smoke": false,
    "lstm_epochs": 8,
    "deepar_epochs": 12,
    "qt_epochs": 12
  },
  "quantiles": [
    0.05,
    0.1,
    0.25,
    0.5,
    0.75,
    0.9,
    0.95
  ],
  "calibration_tau": {
    "deepar": 1.25,
    "qtransformer": 1.1
  },
  "clean": {
    "lstm": {
      "rmse": 2.4294278918944117,
      "mae": 1.8085464803749134
    },
    "deepar": {
      "crps": 1.248535660833863,
      "pinball": 0.6242678304169315,
      "picp": 0.8187093779015785,
      "mpiw": 7.541059375706147,
      "mis": 11.786695085749471,
      "rmse": 2.8202163976955594,
      "mae": 2.1584601102508425,
      "picp_cal": 0.9064531104921077,
      "mis_cal": 11.403049331579757,
      "pinball_cal": 0.6191540749967664
    },
    "qtransformer": {
      "crps": 1.0220161001030914,
      "pinball": 0.5110080500515457,
      "picp": 0.9048282265552461,
      "mpiw": 7.486732351100971,
      "mis": 9.486214795598489,
      "rmse": 2.4304359384593623,
      "mae": 1.7690424700370595,
      "picp_cal": 0.9329155060352832,
      "mis_cal": 9.61310840621936,
      "pinball_cal": 0.5141672536293204
    }
  },
  "anomaly": {
    "point_spike": {
      "1.0": {
        "realized_magnitude_scaled": 0.28567544863421723,
        "realized_magnitude_degC": 2.4358528114719245,
        "lstm": {
          "rmse": 2.4307338729164507,
          "mae": 1.8098566187171148
        },
        "deepar": {
          "crps": 1.250799398227817,
          "pinball": 0.6253996991139085,
          "picp": 0.8132544103992572,
          "mpiw": 7.544017246821657,
          "mis": 11.860094473552063,
          "rmse": 2.813078161533104,
          "mae": 2.1526894368732985,
          "picp_cal": 0.9025069637883009,
          "mis_cal": 11.443270972336924,
          "pinball_cal": 0.6202018900514962
        },
        "qtransformer": {
          "crps": 1.0238157295837982,
          "pinball": 0.5119078647918991,
          "picp": 0.9035515320334262,
          "mpiw": 7.488598009534301,
          "mis": 9.516076206699998,
          "rmse": 2.433787006099923,
          "mae": 1.7701458622396058,
          "picp_cal": 0.9322191272051996,
          "mis_cal": 9.638800140453736,
          "pinball_cal": 0.5150266374918591
        }
      },
      "2.0": {
        "realized_magnitude_scaled": 0.5713508972684345,
        "realized_magnitude_degC": 4.871705622943849,
        "lstm": {
          "rmse": 2.434340099597691,
          "mae": 1.8133012458798161
        },
        "deepar": {
          "crps": 1.257188534965413,
          "pinball": 0.6285942674827065,
          "picp": 0.8089600742804085,
          "mpiw": 7.531607758252258,
          "mis": 11.987575405873736,
          "rmse": 2.823179577820066,
          "mae": 2.158092524642053,
          "picp_cal": 0.90169452181987,
          "mis_cal": 11.488486836525396,
          "pinball_cal": 0.6220957252005493
        },
        "qtransformer": {
          "crps": 1.0290080442962364,
          "pinball": 0.5145040221481182,
          "picp": 0.9021587743732591,
          "mpiw": 7.504786881788643,
          "mis": 9.56245135848015,
          "rmse": 2.445670786546142,
          "mae": 1.780466880622604,
          "picp_cal": 0.9321030640668524,
          "mis_cal": 9.679009160916713,
          "pinball_cal": 0.5175338593794817
        }
      },
      "4.0": {
        "realized_magnitude_scaled": 1.142701794536869,
        "realized_magnitude_degC": 9.743411245887698,
        "lstm": {
          "rmse": 2.4473895433859387,
          "mae": 1.824137711990901
        },
        "deepar": {
          "crps": 1.2625510844916128,
          "pinball": 0.6312755422458064,
          "picp": 0.8146471680594243,
          "mpiw": 7.599050524776317,
          "mis": 12.027953667716007,
          "rmse": 2.845283463920533,
          "mae": 2.1719716824363533,
          "picp_cal": 0.9026230269266481,
          "mis_cal": 11.613789114850551,
          "pinball_cal": 0.6258792276313541
        },
        "qtransformer": {
          "crps": 1.0655140839395876,
          "pinball": 0.5327570419697938,
          "picp": 0.8974001857010213,
          "mpiw": 7.5942156218141275,
          "mis": 10.044009834466724,
          "rmse": 2.527069799523156,
          "mae": 1.8286604066070506,
          "picp_cal": 0.9258356545961003,
          "mis_cal": 10.107210605887001,
          "pinball_cal": 0.5351795630996462
        }
      }
    },
    "contextual_outlier": {
      "1.0": {
        "realized_magnitude_scaled": 0.28658828988790525,
        "realized_magnitude_degC": 2.4436362837473826,
        "lstm": {
          "rmse": 2.4277538608780347,
          "mae": 1.806938836185249
        },
        "deepar": {
          "crps": 1.2460997857507903,
          "pinball": 0.6230498928753951,
          "picp": 0.8183611884865367,
          "mpiw": 7.552667118496956,
          "mis": 11.767597963318197,
          "rmse": 2.8127636914196263,
          "mae": 2.1536913226477665,
          "picp_cal": 0.9055246053853296,
          "mis_cal": 11.413462832073062,
          "pinball_cal": 0.6182545005653888
        },
        "qtransformer": {
          "crps": 1.0216708275770583,
          "pinball": 0.5108354137885291,
          "picp": 0.9041318477251625,
          "mpiw": 7.494835421108237,
          "mis": 9.488597676269253,
          "rmse": 2.431244558058999,
          "mae": 1.7675408200078444,
          "picp_cal": 0.9338440111420613,
          "mis_cal": 9.613335993397689,
          "pinball_cal": 0.5140450711944531
        }
      },
      "2.0": {
        "realized_magnitude_scaled": 0.5731765797758105,
        "realized_magnitude_degC": 4.887272567494765,
        "lstm": {
          "rmse": 2.4328317563564954,
          "mae": 1.8110949088241
        },
        "deepar": {
          "crps": 1.2527595507712381,
          "pinball": 0.6263797753856191,
          "picp": 0.8113974001857011,
          "mpiw": 7.529052444864526,
          "mis": 11.840824955648369,
          "rmse": 2.8249163429535513,
          "mae": 2.1595274616294016,
          "picp_cal": 0.9027390900649953,
          "mis_cal": 11.40423800821937,
          "pinball_cal": 0.6202095114275897
        },
        "qtransformer": {
          "crps": 1.0281187395848608,
          "pinball": 0.5140593697924304,
          "picp": 0.9028551532033426,
          "mpiw": 7.519390743141032,
          "mis": 9.533278902170137,
          "rmse": 2.442834822279901,
          "mae": 1.7795900644602727,
          "picp_cal": 0.9323351903435468,
          "mis_cal": 9.643155041486587,
          "pinball_cal": 0.5169843476690847
        }
      },
      "4.0": {
        "realized_magnitude_scaled": 1.146353159551621,
        "realized_magnitude_degC": 9.77454513498953,
        "lstm": {
          "rmse": 2.4610086220886256,
          "mae": 1.8299268360398038
        },
        "deepar": {
          "crps": 1.2616316796550393,
          "pinball": 0.6308158398275197,
          "picp": 0.8091922005571031,
          "mpiw": 7.538851860627147,
          "mis": 11.990759017503512,
          "rmse": 2.836188808066605,
          "mae": 2.168216058439039,
          "picp_cal": 0.8989090064995358,
          "mis_cal": 11.48253350988275,
          "pinball_cal": 0.6237883994464922
        },
        "qtransformer": {
          "crps": 1.0770321293453604,
          "pinball": 0.5385160646726802,
          "picp": 0.8949628597957289,
          "mpiw": 7.639394725048065,
          "mis": 10.21372186926403,
          "rmse": 2.556025163914883,
          "mae": 1.841948833330295,
          "picp_cal": 0.9232822655524605,
          "mis_cal": 10.255803171891436,
          "pinball_cal": 0.5407972393175446
        }
      }
    },