{
  "rmse": 4.776222193865786,
  "mae": 3.771080011219281,
  "mape": 154.1163156138994,
  "smape": 60.51642543452761,
  "mase": 1.451915719999571,
  "model": "arima",
  "order": [
    2,
    1,
    2
  ],
  "target": "T (degC)",
  "horizon": 24,
  "refit_every": 50,
  "n_test_hours": 8784,
  "n_predictions": 210264
}