{
  "config": {
    "lstm_epochs": 8,
    "deepar_epochs": 12,
    "qt_epochs": 12,
    "smoke": false,
    "n_windows": 359,
    "horizon": 24,
    "alpha": 0.1,
    "temp_edges": [
      "<0",
      "0-10",
      "10-20",
      ">20"
    ]
  },
  "per_horizon": {
    "lstm": {
      "rmse": [
        0.5688308393299737,
        0.764688732349321,
        1.0020744963809949,
        1.2503788779119993,
        1.500135963720177,
        1.6962680575243962,
        1.7942465133996979,
        1.943606792133251,
        2.1155762623575,
        2.3243604139730767,
        2.475286933242042,
        2.5813852644973965,
        2.7950155599105106,
        2.9480058730096546,
        3.0826625561563805,
        3.144012546857294,
        3.146416220755326,
        3.1382868816564073,
        3.0377156144089112,
        2.907889369560715,
        2.7692297927889653,
        2.7374432513139757,
        2.730715049356039,
        2.727556474156831
      ],
      "mae": [
        0.4028263878716303,
        0.5867719504067233,
        0.7809763962715855,
        0.9978068901074096,
        1.1878115332227952,
        1.3446655754112422,
        1.4359006117166926,
        1.5609858527330847,
        1.6819295348528802,
        1.861962775634579,
        1.993955993403609,
        2.055198912320259,
        2.199557581487847,
        2.3135073962576826,
        2.455079682983912,
        2.4859973476934054,
        2.488913875563782,
        2.4757270224546293,
        2.3850271818081508,
        2.2745355506166525,
        2.142921656605727,
        2.102203798225929,
        2.0947953278598965,
        2.096056693487813
      ]
    },
    "deepar": {
      "rmse": [
        0.5731102746868173,
        0.8803137683122728,
        1.1805124478398843,
        1.4889565008331764,
        1.80806139453572,
        2.2176492030072334,
        2.5779993404478443,
        2.902452375170163,
        3.1693093082435713,
        3.316734347940586,
        3.2100285572814466,
        3.131178181311513,
        3.074526788574441,
        3.0607416872949376,
        3.119446693804597,
        3.202839563058513,
        3.2867609205139767,
        3.342199827596646,
        3.3363252844113296,
        3.2381008672473057,
        3.1529654716477387,
        3.133221982909075,
        3.154354557494358,
        3.207242401472124
      ],
      "mae": [
        0.419552190940225,
        0.6825888265064589,
        0.9234078752866027,
        1.1530215518485707,
        1.4164247492538813,
        1.7605488349988998,
        2.081706577255998,
        2.3509953975319653,
        2.5702062743101357,
        2.6869984215064924,
        2.6118284898707715,
        2.5544028944766652,
        2.5104875374044613,
        2.4792896038158294,
        2.5513799611077146,
        2.5876229349882642,
        2.6401429345623098,
        2.7005751441070682,
        2.683324581898415,
        2.5880110545386135,
        2.525578899793889,
        2.4906954257001352,
        2.483350094149881,
        2.505910185982354
      ],
      "crps": [
        0.30877656869189896,
        0.495271957362487,
        0.6742429289364936,
        0.8491534348127837,
        1.0373158690397217,
        1.274490366838781,
        1.497558035494576,
        1.6815754540638344,
        1.8330642037589293,
        1.9149587321298138,
        1.857856796101104,
        1.8094330086333654,
        1.7671738703052788,
        1.7371660445208104,
        1.7673085596157505,
        1.8055380932048302,
        1.8557780883881725,
        1.8926687497846912,
        1.8999967328102663,
        1.8540109465940495,
        1.8003736294676225,
        1.7865742238753524,
        1.7953717337005908,
        1.8181054490732624
      ]
    },
    "qtransformer": {
      "rmse": [
        0.481647729554637,
        0.7080775512266511,
        0.9091698848459333,
        1.1318980104456136,
        1.3284521478929912,
        1.5101288332361882,
        1.6473944252938446,
        1.8268375648117008,
        2.056852977341982,
        2.295945464490978,
        2.4355925561634177,
        2.575984242574064,
        2.7691588652934573,
        2.994850427642651,
        3.137922130211438,
        3.2401705343532514,
        3.2420480057649455,
        3.162601036262166,
        3.070957837047602,
        2.9603522324214935,
        2.844385907605785,
        2.7826013545692536,
        2.759658700508646,
        2.760768271352906
      ],
      "mae": [
        0.3367873591383018,
        0.5433722795444579,
        0.696380681062597,
        0.8937159984417595,
        1.053783712411105,
        1.2070529076677967,
        1.30648024752263,
        1.4332812159707156,
        1.602250862982695,
        1.782215061348659,
        1.9031821027148526,
        1.969523780595257,
        2.134331849002795,
        2.318537458319054,
        2.4688719493445084,
        2.5357497948392673,
        2.530539371573027,
        2.4552586583583933,
        2.3700076413146287,
        2.27600178295629,
        2.1813502971591556,
        2.156911455051148,
        2.1559987941397747,
        2.1454340194305646
      ],
      "crps": [
        0.2059768858165785,
        0.3227719062485894,
        0.41321640635435675,
        0.5150544221778192,
        0.605773816514066,
        0.6876427597182985,
        0.7493710472482412,
        0.8350203514860496,
        0.9435120919746182,
        1.036407931527686,
        1.0895655222350733,
        1.1495731436008898,
        1.2417498584208462,
        1.3339377352558333,
        1.3924638943076704,
        1.435046044399122,
        1.4341783098620533,
        1.4162964077541946,
        1.3687616012208046,
        1.323496202142655,
        1.272921991680595,
        1.257108306890214,
        1.255322664549207,
        1.2432171010887354
      ]
    }
  },
  "by_season": {
    "lstm": {
      "DJF": {
        "rmse": 2.456444508600849,
        "mae": 1.8639871797486685,
        "count": 2016
      },
      "MAM": {
        "rmse": 2.4683109875044975,
        "mae": 1.750139139261392,
        "count": 2208
      },
      "JJA": {
        "rmse": 2.53026475114799,
        "mae": 1.9265397342642043,
        "count": 2208
      },
      "SON": {
        "rmse": 2.25435718706888,
        "mae": 1.6971297471577016,
        "count": 2184
      }
    },
    "deepar": {
      "DJF": {
        "rmse": 3.2897978014693705,
        "mae": 2.5704959443514204,
        "count": 2016
      },
      "MAM": {
        "rmse": 2.73124191413093,
        "mae": 2.06392024380687,
        "count": 2208
      },
      "JJA": {
        "rmse": 2.7096231383918035,
        "mae": 2.0534652877550883,
        "count": 2208
      },
      "SON": {
        "rmse": 2.5547544893968537,
        "mae": 2.005326479449503,
        "count": 2184
      }
    },
    "qtransformer": {
      "DJF": {
        "rmse": 2.394459077658422,
        "mae": 1.759788399108834,
        "count": 2016
      },
      "MAM": {
        "rmse": 2.49860397230001,
        "mae": 1.7537082160483912,
        "count": 2208
      },
      "JJA": {
        "rmse": 2.6040314014525734,
        "mae": 1.963321861923724,
        "count": 2208
      },
      "SON": {
        "rmse": 2.200906816643147,
        "mae": 1.596673121370635,
        "count": 2184
      }
    }
  },
  "by_temperature": {
    "lstm": {
      "0-10": {
        "rmse": 2.20668885252992,
        "mae": 1.6459187913189695,
        "count": 3686
      },
      "<0": {
        "rmse": 2.3901746282139746,
        "mae": 1.8189422303388516,
        "count": 766
      },
      "10-20": {
        "rmse": 2.4764013781304386,
        "mae": 1.7871779063498554,
        "count": 3049
      },
      ">20": {
        "rmse": 2.9691209761862827,
        "mae": 2.3974570629670513,
        "count": 1115
      }
    },
    "deepar": {
      "0-10": {
        "rmse": 2.607997939086455,
        "mae": 2.028118201287287,
        "count": 3686
      },
      "<0": {
        "rmse": 4.2647695351642545,