{
  "config": {
    "lstm_epochs": 8,
    "deepar_epochs": 12,
    "qt_epochs": 12,
    "smoke": false,
    "n_windows": 359,
    "horizon": 24,
    "alpha": 0.1,
    "temp_edges": [
      "<0",
      "0-10",
      "10-20",
      ">20"
    ]
  },
  "per_horizon": {
    "lstm": {
      "rmse": [
        0.5688308393299737,
        0.764688732349321,
        1.0020744963809949,
        1.2503788779119993,
        1.500135963720177,
        1.6962680575243962,
        1.7942465133996979,
        1.943606792133251,
        2.1155762623575,
        2.3243604139730767,
        2.475286933242042,
        2.5813852644973965,
        2.7950155599105106,
        2.9480058730096546,
        3.0826625561563805,
        3.144012546857294,
        3.146416220755326,
        3.1382868816564073,
        3.0377156144089112,
        2.907889369560715,
        2.7692297927889653,
        2.7374432513139757,
        2.730715049356039,
        2.727556474156831
      ],
      "mae": [
        0.4028263878716303,
        0.5867719504067233,
        0.7809763962715855,
        0.9978068901074096,
        1.1878115332227952,
        1.3446655754112422,
        1.4359006117166926,
        1.5609858527330847,
        1.6819295348528802,
        1.861962775634579,
        1.993955993403609,
        2.055198912320259,
        2.199557581487847,
        2.3135073962576826,
        2.455079682983912,
        2.4859973476934054,
        2.488913875563782,
        2.4757270224546293,
        2.3850271818081508,
        2.2745355506166525,
        2.142921656605727,
        2.102203798225929,
        2.0947953278598965,
        2.096056693487813
      ]
    },
    "deepar": {
      "rmse": [
        0.4392094273277706,
        0.6917593460558246,
        0.9437064852732364,
        1.2072692231148228,
        1.4229704517026371,
        1.6554204024081158,
        1.9269602445354885,
        2.2782316431228926,
        2.650208503471434,
        2.9184590355139477,
        2.9420934855380825,
        2.968489657692354,
        3.0107208226637754,
        3.053414375553372,
        3.146029151202262,
        3.240517996574655,
        3.329568185571781,
        3.371342512497189,
        3.340153578693215,
        3.2711219325943954,
        3.1860631760409786,
        3.1819375318563208,
        3.190852869465045,
        3.243949319530408
      ],
      "mae": [
        0.3079428474103677,
        0.528056042952926,
        0.7289842025072029,
        0.9520372680101952,
        1.1145629222375653,
        1.3020141188780874,
        1.5229397444855295,
        1.7931490858050863,
        2.105921842668433,
        2.3331280412651156,
        2.4021742984251633,
        2.434645242320947,
        2.4559633300212185,
        2.4717052348473842,
        2.573870387018844,
        2.6191856126558766,
        2.687216664749946,
        2.7230076923842224,
        2.683780926317309,
        2.5900335806011294,
        2.5305107917736107,
        2.521962924785616,
        2.5192579500347527,
        2.5486943102417676
      ],
      "crps": [
        0.19144522195744834,
        0.31512714027831884,
        0.43204771992241586,
        0.5557119356933428,
        0.6574953067219644,
        0.7664675566013817,
        0.892102841331919,
        1.0530333942162298,
        1.2293546545953695,
        1.3508073857816822,
        1.3571491961070028,
        1.3723632534302832,
        1.3823393477408223,
        1.389783257150348,
        1.427630155695645,
        1.477115288032802,
        1.5264809979929967,
        1.5492209989601349,
        1.5535248290818477,
        1.5306030013442498,
        1.4917244577451945,
        1.4884254118927378,
        1.497029545124094,
        1.5172408053489665
      ]
    },
    "qtransformer": {
      "rmse": [
        0.481647729554637,
        0.7080775512266511,
        0.9091698848459333,
        1.1318980104456136,
        1.3284521478929912,
        1.5101288332361882,
        1.6473944252938446,
        1.8268375648117008,
        2.056852977341982,
        2.295945464490978,
        2.4355925561634177,
        2.575984242574064,
        2.7691588652934573,
        2.994850427642651,
        3.137922130211438,
        3.2401705343532514,
        3.2420480057649455,
        3.162601036262166,
        3.070957837047602,
        2.9603522324214935,
        2.844385907605785,
        2.7826013545692536,
        2.759658700508646,
        2.760768271352906
      ],
      "mae": [
        0.3367873591383018,
        0.5433722795444579,
        0.696380681062597,
        0.8937159984417595,
        1.053783712411105,
        1.2070529076677967,
        1.30648024752263,
        1.4332812159707156,
        1.602250862982695,
        1.782215061348659,
        1.9031821027148526,
        1.969523780595257,
        2.134331849002795,
        2.318537458319054,
        2.4688719493445084,
        2.5357497948392673,
        2.530539371573027,
        2.4552586583583933,
        2.3700076413146287,
        2.27600178295629,
        2.1813502971591556,
        2.156911455051148,
        2.1559987941397747,
        2.1454340194305646
      ],
      "crps": [
        0.2059768858165785,
        0.3227719062485894,
        0.41321640635435675,
        0.5150544221778192,
        0.605773816514066,
        0.6876427597182985,
        0.7493710472482412,
        0.8350203514860496,
        0.9435120919746182,
        1.036407931527686,
        1.0895655222350733,
        1.1495731436008898,
        1.2417498584208462,
        1.3339377352558333,
        1.3924638943076704,
        1.435046044399122,
        1.4341783098620533,
        1.4162964077541946,
        1.3687616012208046,
        1.323496202142655,
        1.272921991680595,
        1.257108306890214,
        1.255322664549207,
        1.2432171010887354
      ]
    }
  },
  "by_season": {
    "lstm": {
      "DJF": {
        "rmse": 2.456444508600849,
        "mae": 1.8639871797486685,
        "count": 2016
      },
      "MAM": {
        "rmse": 2.4683109875044975,
        "mae": 1.750139139261392,
        "count": 2208
      },
      "JJA": {
        "rmse": 2.53026475114799,
        "mae": 1.9265397342642043,
        "count": 2208
      },
      "SON": {
        "rmse": 2.25435718706888,
        "mae": 1.6971297471577016,
        "count": 2184
      }
    },
    "deepar": {
      "DJF": {
        "rmse": 3.154321779876381,
        "mae": 2.4444515566201903,
        "count": 2016
      },
      "MAM": {
        "rmse": 2.530453603733871,
        "mae": 1.8255094185425744,
        "count": 2208
      },
      "JJA": {
        "rmse": 2.6415568890944257,
        "mae": 1.9933108117434255,
        "count": 2208
      },
      "SON": {
        "rmse": 2.4190579766232227,
        "mae": 1.847000032409888,
        "count": 2184
      }
    },
    "qtransformer": {
      "DJF": {
        "rmse": 2.394459077658422,
        "mae": 1.759788399108834,
        "count": 2016
      },
      "MAM": {
        "rmse": 2.49860397230001,
        "mae": 1.7537082160483912,
        "count": 2208
      },
      "JJA": {
        "rmse": 2.6040314014525734,
        "mae": 1.963321861923724,
        "count": 2208
      },
      "SON": {
        "rmse": 2.200906816643147,
        "mae": 1.596673121370635,
        "count": 2184
      }
    }
  },
  "by_temperature": {
    "lstm": {
      "0-10": {
        "rmse": 2.20668885252992,
        "mae": 1.6459187913189695,
        "count": 3686
      },
      "<0": {
        "rmse": 2.3901746282139746,
        "mae": 1.8189422303388516,
        "count": 766
      },
      "10-20": {
        "rmse": 2.4764013781304386,
        "mae": 1.7871779063498554,
        "count": 3049
      },
      ">20": {
        "rmse": 2.9691209761862827,
        "mae": 2.3974570629670513,
        "count": 1115
      }
    },
    "deepar": {
      "0-10": {
        "rmse": 2.4618267243642795,
        "mae": 1.8563607763145662,
        "count": 3686
      },