{
  "config": {
    "lstm_epochs": 8,
    "deepar_epochs": 12,
    "qt_epochs": 12,
    "smoke": false,
    "n_windows": 359,
    "horizon": 24,
    "alpha": 0.1,
    "temp_edges": [
      "<0",
      "0-10",
      "10-20",
      ">20"
    ]
  },
  "per_horizon": {
    "lstm": {
      "rmse": [
        0.5688308393299737,
        0.764688732349321,
        1.0020744963809949,
        1.2503788779119993,
        1.500135963720177,
        1.6962680575243962,
        1.7942465133996979,
        1.943606792133251,
        2.1155762623575,
        2.3243604139730767,
        2.475286933242042,
        2.5813852644973965,
        2.7950155599105106,
        2.9480058730096546,
        3.0826625561563805,
        3.144012546857294,
        3.146416220755326,
        3.1382868816564073,
        3.0377156144089112,
        2.907889369560715,
        2.7692297927889653,
        2.7374432513139757,
        2.730715049356039,
        2.727556474156831
      ],
      "mae": [
        0.4028263878716303,
        0.5867719504067233,
        0.7809763962715855,
        0.9978068901074096,
        1.1878115332227952,
        1.3446655754112422,
        1.4359006117166926,
        1.5609858527330847,
        1.6819295348528802,
        1.861962775634579,
        1.993955993403609,
        2.055198912320259,
        2.199557581487847,
        2.3135073962576826,
        2.455079682983912,
        2.4859973476934054,
        2.488913875563782,
        2.4757270224546293,
        2.3850271818081508,
        2.2745355506166525,
        2.142921656605727,
        2.102203798225929,
        2.0947953278598965,
        2.096056693487813
      ]
    },
    "deepar": {
      "rmse": [
        0.5754282544585291,
        0.8735378824924775,
        1.1755753853313344,
        1.4798422907526576,
        1.8106730125554948,
        2.209534611362051,
        2.5756588019078457,
        2.888506892969078,
        3.151118313599967,
        3.287481294606591,
        3.180542958660934,
        3.099221323673139,
        3.0455518044775185,
        3.031563657160888,
        3.093168909876492,
        3.16734280539434,
        3.259065295354414,
        3.290446804940714,
        3.2849925099983537,
        3.20305361173223,
        3.1093278833965217,
        3.100362101624083,
        3.138784404308813,
        3.191813588671915
      ],
      "mae": [
        0.42080985215680117,
        0.6817304620893405,
        0.9254749375501633,
        1.1548236940387744,
        1.4247176244633113,
        1.7603400572784298,
        2.0814120091895445,
        2.350831129199726,
        2.5581340288491528,
        2.669101628183954,
        2.5849896051904326,
        2.538036075865738,
        2.4990279819339536,
        2.47818795474326,
        2.552784629438077,
        2.577583458960221,
        2.6421533223890568,
        2.6725958031659705,
        2.6591562956134527,
        2.5792913470600394,
        2.4905131379431196,
        2.4603480146806036,
        2.4680978018604254,
        2.4947633564164824
      ],
      "crps": [
        0.3088053148908351,
        0.4931668611541947,
        0.6688695848857663,
        0.8444143776928517,
        1.0351834776341162,
        1.273008524784834,
        1.49605251245774,
        1.6804410258084905,
        1.8337678787207614,
        1.913999308490371,
        1.8526228568727525,
        1.8056811206440209,
        1.7609376339637557,
        1.7353521858654968,
        1.762531860381461,
        1.7980519426467105,
        1.8495000983026846,
        1.877963237709004,
        1.883028125968915,
        1.839636102393405,
        1.7855676339649498,
        1.769617154350162,
        1.7780163640738704,
        1.8049988570006377
      ]
    },
    "qtransformer": {
      "rmse": [
        0.481647729554637,
        0.7080775512266511,
        0.9091698848459333,
        1.1318980104456136,
        1.3284521478929912,
        1.5101288332361882,
        1.6473944252938446,
        1.8268375648117008,
        2.056852977341982,
        2.295945464490978,
        2.4355925561634177,
        2.575984242574064,
        2.7691588652934573,
        2.994850427642651,
        3.137922130211438,
        3.2401705343532514,
        3.2420480057649455,
        3.162601036262166,
        3.070957837047602,
        2.9603522324214935,
        2.844385907605785,
        2.7826013545692536,
        2.759658700508646,
        2.760768271352906
      ],
      "mae": [
        0.3367873591383018,
        0.5433722795444579,
        0.696380681062597,
        0.8937159984417595,
        1.053783712411105,
        1.2070529076677967,
        1.30648024752263,
        1.4332812159707156,
        1.602250862982695,
        1.782215061348659,
        1.9031821027148526,
        1.969523780595257,
        2.134331849002795,
        2.318537458319054,
        2.4688719493445084,
        2.5357497948392673,
        2.530539371573027,
        2.4552586583583933,
        2.3700076413146287,
        2.27600178295629,
        2.1813502971591556,
        2.156911455051148,
        2.1559987941397747,
        2.1454340194305646
      ],
      "crps": [
        0.2059768858165785,
        0.3227719062485894,
        0.41321640635435675,
        0.5150544221778192,
        0.605773816514066,
        0.6876427597182985,
        0.7493710472482412,
        0.8350203514860496,
        0.9435120919746182,
        1.036407931527686,
        1.0895655222350733,
        1.1495731436008898,
        1.2417498584208462,
        1.3339377352558333,
        1.3924638943076704,
        1.435046044399122,
        1.4341783098620533,
        1.4162964077541946,
        1.3687616012208046,
        1.323496202142655,
        1.272921991680595,
        1.257108306890214,
        1.255322664549207,
        1.2432171010887354
      ]
    }
  },
  "by_season": {
    "lstm": {
      "DJF": {
        "rmse": 2.456444508600849,
        "mae": 1.8639871797486685,
        "count": 2016
      },
      "MAM": {
        "rmse": 2.4683109875044975,
        "mae": 1.750139139261392,
        "count": 2208
      },
      "JJA": {
        "rmse": 2.53026475114799,
        "mae": 1.9265397342642043,
        "count": 2208
      },
      "SON": {
        "rmse": 2.25435718706888,
        "mae": 1.6971297471577016,
        "count": 2184
      }
    },
    "deepar": {
      "DJF": {
        "rmse": 3.2667507480739975,
        "mae": 2.5604794106032633,
        "count": 2016
      },
      "MAM": {
        "rmse": 2.6871211639137145,
        "mae": 2.046557331199118,
        "count": 2208
      },
      "JJA": {
        "rmse": 2.697409909431651,
        "mae": 2.0517214333532765,
        "count": 2208
      },
      "SON": {
        "rmse": 2.5338440017670107,
        "mae": 1.9955652961801669,
        "count": 2184
      }
    },
    "qtransformer": {
      "DJF": {
        "rmse": 2.394459077658422,
        "mae": 1.759788399108834,
        "count": 2016
      },
      "MAM": {
        "rmse": 2.49860397230001,
        "mae": 1.7537082160483912,
        "count": 2208
      },
      "JJA": {
        "rmse": 2.6040314014525734,
        "mae": 1.963321861923724,
        "count": 2208
      },
      "SON": {
        "rmse": 2.200906816643147,
        "mae": 1.596673121370635,
        "count": 2184
      }
    }
  },
  "by_temperature": {
    "lstm": {
      "0-10": {
        "rmse": 2.20668885252992,
        "mae": 1.6459187913189695,
        "count": 3686
      },
      "<0": {
        "rmse": 2.3901746282139746,
        "mae": 1.8189422303388516,
        "count": 766
      },
      "10-20": {
        "rmse": 2.4764013781304386,
        "mae": 1.7871779063498554,
        "count": 3049
      },
      ">20": {
        "rmse": 2.9691209761862827,
        "mae": 2.3974570629670513,
        "count": 1115
      }
    },
    "deepar": {
      "0-10": {
        "rmse": 2.6002981540696797,
        "mae": 2.0267518731311536,
        "count": 3686
      },
      "<0": {
        "rmse": 4.234796323680914,