{
  "rmse": 3.835591557266583,
  "mae": 2.961317453013635,
  "mape": 132.959942652473,
  "smape": 52.33338197930889,
  "mase": 1.1401464167156263,
  "model": "sarima",
  "order": [
    2,
    1,
    2
  ],
  "seasonal_order": [
    1,
    0,
    1,
    24
  ],
  "target": "T (degC)",
  "horizon": 24,
  "refit_every": 50,
  "window": 2000,
  "n_test_hours": 8784,
  "n_predictions": 210264,
  "role": "seasonal-component control for ARIMA(2,1,2)"
}