{
  "model": "deepar_robust",
  "method": "aci",
  "alpha": 0.1,
  "fit_on": [
    "clean"
  ],
  "params": {
    "gamma": 0.2,
    "tau0": 1.1766666666666599
  },
  "settings": {
    "clean": {
      "before": {
        "picp": 0.838091922005571,
        "mpiw": 12.834369218216116,
        "mis": 18.026890448393033,
        "pinball": 0.9898605412505601,
        "rmse_median": 4.403040904666402
      },
      "after": {
        "picp": 0.9022748375116063,
        "mpiw": 14.972783608447228,
        "mis": 17.664552931973645,
        "pinball": 0.9825130264761349,
        "rmse_median": 4.403040904666402
      }
    },
    "clock_skew_1.0": {
      "before": {
        "picp": 0.7804085422469823,
        "mpiw": 12.755677615197898,
        "mis": 19.538092210778824,
        "pinball": 1.034218019643027,
        "rmse_median": 4.417207169131119
      },
      "after": {
        "picp": 0.90169452181987,
        "mpiw": 16.718531282592902,
        "mis": 19.05569764164689,
        "pinball": 1.0254498391787565,
        "rmse_median": 4.417207169131119
      }
    },
    "clock_skew_2.0": {
      "before": {
        "picp": 0.6939415041782729,
        "mpiw": 12.736833844204616,
        "mis": 27.056842294933983,
        "pinball": 1.253925842344188,
        "rmse_median": 5.043060377562938
      },
      "after": {
        "picp": 0.8997214484679665,
        "mpiw": 20.60682587075034,
        "mis": 23.66227351506097,
        "pinball": 1.214776361134637,
        "rmse_median": 5.043060377562938
      }
    },
    "clock_skew_4.0": {
      "before": {
        "picp": 0.5576833797585887,
        "mpiw": 12.443638751107207,
        "mis": 44.94313024035355,
        "pinball": 1.7953167538768062,
        "rmse_median": 6.60417311421293
      },
      "after": {
        "picp": 0.8931058495821727,
        "mpiw": 27.375092686760095,
        "mis": 31.81456088125261,
        "pinball": 1.6298733201922797,
        "rmse_median": 6.60417311421293
      }
    },
    "contextual_outlier_1.0": {
      "before": {
        "picp": 0.8389043639740018,
        "mpiw": 12.847359369594818,
        "mis": 18.036713792578265,
        "pinball": 0.9906682112634188,
        "rmse_median": 4.4039054005651455
      },
      "after": {
        "picp": 0.9023909006499535,
        "mpiw": 14.90283456137442,
        "mis": 17.665420650597632,
        "pinball": 0.982760520164481,
        "rmse_median": 4.4039054005651455
      }
    },
    "contextual_outlier_2.0": {
      "before": {
        "picp": 0.8398328690807799,
        "mpiw": 12.868547240033186,
        "mis": 18.111408620519025,
        "pinball": 0.9931179299382743,
        "rmse_median": 4.409439106325014
      },
      "after": {
        "picp": 0.9023909006499535,
        "mpiw": 14.888806161406103,
        "mis": 17.718267696668242,
        "pinball": 0.9845418040682679,
        "rmse_median": 4.409439106325014
      }
    },
    "contextual_outlier_4.0": {
      "before": {
        "picp": 0.8371634168987929,
        "mpiw": 12.905542494742956,
        "mis": 18.43899192034886,
        "pinball": 1.0035374875547265,
        "rmse_median": 4.444598269486002
      },
      "after": {
        "picp": 0.9025069637883009,
        "mpiw": 14.971435233947899,
        "mis": 17.94555909131738,
        "pinball": 0.9936121848505641,
        "rmse_median": 4.444598269486002
      }
    },
    "drift_1.0": {
      "before": {
        "picp": 0.7096100278551533,
        "mpiw": 13.08713414462081,
        "mis": 24.16587208154775,
        "pinball": 1.1970769524546994,
        "rmse_median": 4.9351441613362175
      },
      "after": {
        "picp": 0.899025069637883,
        "mpiw": 20.68992572351369,
        "mis": 23.256317126638297,
        "pinball": 1.1846049974106478,
        "rmse_median": 4.9351441613362175
      }
    },
    "drift_2.0": {
      "before": {
        "picp": 0.6279015784586816,
        "mpiw": 13.841065223823414,
        "mis": 36.51396841931045,
        "pinball": 1.604387032617058,
        "rmse_median": 6.146188758770905
      },
      "after": {
        "picp": 0.8917130919220055,
        "mpiw": 29.492901739768286,
        "mis": 34.188689875038364,
        "pinball": 1.6018944759345393,
        "rmse_median": 6.146188758770905
      }
    },
    "drift_4.0": {
      "before": {
        "picp": 0.5509517177344475,
        "mpiw": 15.47534641332706,
        "mis": 59.95378702239191,
        "pinball": 2.398168796939995,
        "rmse_median": 8.70921895191547
      },
      "after": {
        "picp": 0.8775533890436398,
        "mpiw": 43.855316028629105,
        "mis": 53.729916888020654,
        "pinball": 2.391807663509075,
        "rmse_median": 8.70921895191547
      }
    },
    "fgsm_1.0": {
      "before": {
        "picp": 0.6316155988857939,
        "mpiw": 15.302300383058208,
        "mis": 39.11407557860771,
        "pinball": 1.6686709644927586,
        "rmse_median": 6.285583312059705
      },
      "after": {
        "picp": 0.8906685236768802,
        "mpiw": 31.27455518727471,
        "mis": 35.03407040648358,
        "pinball": 1.6810434516322807,
        "rmse_median": 6.285583312059705
      }
    },
    "fgsm_2.0": {
      "before": {
        "picp": 0.6061977715877437,
        "mpiw": 17.363792959253992,
        "mis": 50.52565983604643,
        "pinball": 2.091183479860181,
        "rmse_median": 7.752970376516917
      },
      "after": {
        "picp": 0.887883008356546,
        "mpiw": 38.33205150927828,
        "mis": 43.02290725567303,
        "pinball": 2.0757114239146346,
        "rmse_median": 7.752970376516917
      }
    },
    "fgsm_4.0": {
      "before": {
        "picp": 0.63347260909935,
        "mpiw": 20.19737261995415,
        "mis": 55.15324825983201,
        "pinball": 2.420777443185479,
        "rmse_median": 9.324889145884116
      },
      "after": {
        "picp": 0.8892757660167131,
        "mpiw": 40.64608557366594,
        "mis": 46.21584222998599,
        "pinball": 2.3427588003577218,
        "rmse_median": 9.324889145884116
      }
    },
    "flatline_1.0": {
      "before": {
        "picp": 0.7829619312906221,
        "mpiw": 12.161943120074898,
        "mis": 21.691741643463345,
        "pinball": 1.048862760072388,
        "rmse_median": 4.326228381079499
      },
      "after": {
        "picp": 0.899025069637883,
        "mpiw": 19.096316846012005,
        "mis": 23.497640048752658,
        "pinball": 1.0969387903290435,
        "rmse_median": 4.326228381079499
      }
    },
    "flatline_2.0": {
      "before": {
        "picp": 0.7350278551532033,
        "mpiw": 11.93782284855082,
        "mis": 23.624334716530537,
        "pinball": 1.154296521292293,
        "rmse_median": 4.785787035828674
      },
      "after": {
        "picp": 0.895891364902507,
        "mpiw": 19.74428447617792,
        "mis": 23.783944678986177,
        "pinball": 1.1616129266590336,
        "rmse_median": 4.785787035828674
      }
    },
    "flatline_4.0": {
      "before": {
        "picp": 0.515552460538533,
        "mpiw": 11.435616674958009,
        "mis": 41.56059040573709,
        "pinball": 1.7979394541474996,
        "rmse_median": 6.871216654748618
      },
      "after": {
        "picp": 0.8903203342618384,
        "mpiw": 22.620363322236603,
        "mis": 26.994568669016136,
        "pinball": 1.5365523728797112,
        "rmse_median": 6.871216654748618
      }
    },
    "gap_imputation_1.0": {
      "before": {
        "picp": 0.8356545961002786,
        "mpiw": 12.7916238699112,
        "mis": 18.109438148984953,
        "pinball": 0.99652753154011,
        "rmse_median": 4.438361806490847
      },
      "after": {
        "picp": 0.9018105849582173,
        "mpiw": 14.966399813225353,
        "mis": 17.679791555950455,
        "pinball": 0.9876981603384785,
        "rmse_median": 4.438361806490847
      }
    },
    "gap_imputation_2.0": {
      "before": {
        "picp": 0.819870009285051,
        "mpiw": 12.676198130487005,