{
  "model": "deepar",
  "method": "aci",
  "alpha": 0.1,
  "fit_on": [
    "clean"
  ],
  "params": {
    "gamma": 0.2,
    "tau0": 1.2516666666666598
  },
  "settings": {
    "clean": {
      "before": {
        "picp": 0.8523676880222841,
        "mpiw": 7.4989793694948,
        "mis": 10.980776207339314,
        "pinball": 0.5834213258533655,
        "rmse_median": 2.69082310748601
      },
      "after": {
        "picp": 0.8983286908077994,
        "mpiw": 8.238074051490402,
        "mis": 10.439476960609355,
        "pinball": 0.5740281735046437,
        "rmse_median": 2.69082310748601
      }
    },
    "contextual_outlier_1.0": {
      "before": {
        "picp": 0.8510909935004642,
        "mpiw": 7.499779695811349,
        "mis": 10.981093111160702,
        "pinball": 0.5840339905818126,
        "rmse_median": 2.693126591084596
      },
      "after": {
        "picp": 0.8983286908077994,
        "mpiw": 8.269331235845058,
        "mis": 10.447778044837742,
        "pinball": 0.5747980876992083,
        "rmse_median": 2.693126591084596
      }
    },
    "contextual_outlier_2.0": {
      "before": {
        "picp": 0.8479572887650882,
        "mpiw": 7.504398324705928,
        "mis": 11.022412385423674,
        "pinball": 0.5864521403258376,
        "rmse_median": 2.7022816262844502
      },
      "after": {
        "picp": 0.8983286908077994,
        "mpiw": 8.323380622573362,
        "mis": 10.49398325093762,
        "pinball": 0.5773978457077147,
        "rmse_median": 2.7022816262844502
      }
    },
    "contextual_outlier_4.0": {
      "before": {
        "picp": 0.8442432683379758,
        "mpiw": 7.538632625958382,
        "mis": 11.176260598509453,
        "pinball": 0.5928598601485121,
        "rmse_median": 2.7309673858053474
      },
      "after": {
        "picp": 0.8984447539461468,
        "mpiw": 8.437966442858034,
        "mis": 10.628830311214987,
        "pinball": 0.5838283164087053,
        "rmse_median": 2.7309673858053474
      }
    },
    "fgsm_1.0": {
      "before": {
        "picp": 0.4803853296193129,
        "mpiw": 9.155429754449937,
        "mis": 44.19821832761063,
        "pinball": 1.6919061184672053,
        "rmse_median": 6.001582472582778
      },
      "after": {
        "picp": 0.8783658310120706,
        "mpiw": 25.086662549342055,
        "mis": 29.62299674956949,
        "pinball": 1.496444100646192,
        "rmse_median": 6.001582472582778
      }
    },
    "fgsm_2.0": {
      "before": {
        "picp": 0.4174791086350975,
        "mpiw": 10.705278524401384,
        "mis": 67.91706445990634,
        "pinball": 2.4903554010407563,
        "rmse_median": 8.543424175818656
      },
      "after": {
        "picp": 0.8716341689879294,
        "mpiw": 31.785628661344123,
        "mis": 38.93603108077474,
        "pinball": 2.0348775147519667,
        "rmse_median": 8.543424175818656
      }
    },
    "fgsm_4.0": {
      "before": {
        "picp": 0.4213091922005571,
        "mpiw": 13.279499973276977,
        "mis": 92.65428668797679,
        "pinball": 3.295389942004868,
        "rmse_median": 11.266126546487897
      },
      "after": {
        "picp": 0.8700092850510678,
        "mpiw": 40.8532843406624,
        "mis": 50.57393724866665,
        "pinball": 2.668501414390118,
        "rmse_median": 11.266126546487897
      }
    },
    "level_shift_1.0": {
      "before": {
        "picp": 0.666782729805014,
        "mpiw": 7.618884152067678,
        "mis": 17.742559924183723,
        "pinball": 0.8417449479078883,
        "rmse_median": 3.3989197336940697
      },
      "after": {
        "picp": 0.8906685236768802,
        "mpiw": 13.90785901487805,
        "mis": 16.495354189856318,
        "pinball": 0.8279364511240418,
        "rmse_median": 3.3989197336940697
      }
    },
    "level_shift_2.0": {
      "before": {
        "picp": 0.4726090993500464,
        "mpiw": 7.799976211734117,
        "mis": 35.244689691016056,
        "pinball": 1.4167452285833144,
        "rmse_median": 5.015969806681605
      },
      "after": {
        "picp": 0.8774373259052924,
        "mpiw": 21.702243254579475,
        "mis": 26.884446519849803,
        "pinball": 1.2866711576983896,
        "rmse_median": 5.015969806681605
      }
    },
    "level_shift_4.0": {
      "before": {
        "picp": 0.2675255338904364,
        "mpiw": 7.90788102747504,
        "mis": 85.11371984111433,
        "pinball": 2.8061472066759916,
        "rmse_median": 8.472085129942935
      },
      "after": {
        "picp": 0.8478412256267409,
        "mpiw": 34.32888771513705,
        "mis": 46.46221673814368,
        "pinball": 2.205013797568635,
        "rmse_median": 8.472085129942935
      }
    },
    "point_spike_1.0": {
      "before": {
        "picp": 0.8512070566388115,
        "mpiw": 7.4976162842566065,
        "mis": 10.999809766513494,
        "pinball": 0.5838124787616444,
        "rmse_median": 2.690246709408183
      },
      "after": {
        "picp": 0.8983286908077994,
        "mpiw": 8.265756883501586,
        "mis": 10.469334877041792,
        "pinball": 0.5747427346046335,
        "rmse_median": 2.690246709408183
      }
    },
    "point_spike_2.0": {
      "before": {
        "picp": 0.8503946146703807,
        "mpiw": 7.508237208001722,
        "mis": 11.088845375709314,
        "pinball": 0.5869701736016684,
        "rmse_median": 2.7026977107019796
      },
      "after": {
        "picp": 0.8982126276694522,
        "mpiw": 8.324919221941753,
        "mis": 10.564273588305458,
        "pinball": 0.5780581885813486,
        "rmse_median": 2.7026977107019796
      }
    },
    "point_spike_4.0": {
      "before": {
        "picp": 0.8448235840297121,
        "mpiw": 7.529113480053638,
        "mis": 11.434329265983532,
        "pinball": 0.5993773813748663,
        "rmse_median": 2.7866816293180734
      },
      "after": {
        "picp": 0.8980965645311049,
        "mpiw": 8.439804068802859,
        "mis": 10.910549396565289,
        "pinball": 0.5909597796082198,
        "rmse_median": 2.7866816293180734
      }
    }
  }
}