{
  "model": "deepar",
  "method": "aci",
  "alpha": 0.1,
  "fit_on": [
    "clean"
  ],
  "params": {
    "gamma": 0.2,
    "tau0": 1.2516666666666598
  },
  "settings": {
    "clean": {
      "before": {
        "picp": 0.8523676880222841,
        "mpiw": 7.4989793694948,
        "mis": 10.980776207339314,
        "pinball": 0.5834213258533655,
        "rmse_median": 2.69082310748601
      },
      "after": {
        "picp": 0.8983286908077994,
        "mpiw": 8.238074051490402,
        "mis": 10.439476960609355,
        "pinball": 0.5740281735046437,
        "rmse_median": 2.69082310748601
      }
    },
    "clock_skew_1.0": {
      "before": {
        "picp": 0.7372330547818013,
        "mpiw": 7.437789401920475,
        "mis": 14.473733906128714,
        "pinball": 0.7216667400957846,
        "rmse_median": 3.103611585956773
      },
      "after": {
        "picp": 0.8953110492107706,
        "mpiw": 11.095732305118249,
        "mis": 13.22651726121818,
        "pinball": 0.7039746807477255,
        "rmse_median": 3.103611585956773
      }
    },
    "clock_skew_2.0": {
      "before": {
        "picp": 0.6384633240482822,
        "mpiw": 7.435332429447479,
        "mis": 21.75728312002152,
        "pinball": 0.9578058470339359,
        "rmse_median": 3.8152871463003084
      },
      "after": {
        "picp": 0.8906685236768802,
        "mpiw": 14.597480876901216,
        "mis": 17.528529467509752,
        "pinball": 0.9004958801565582,
        "rmse_median": 3.8152871463003084
      }
    },
    "clock_skew_4.0": {
      "before": {
        "picp": 0.5193825441039925,
        "mpiw": 7.620558315637449,
        "mis": 39.040250428394266,
        "pinball": 1.467941743755834,
        "rmse_median": 5.262499164618364
      },
      "after": {
        "picp": 0.8821959145775302,
        "mpiw": 20.065196396419438,
        "mis": 25.554667206075685,
        "pinball": 1.2831163168897597,
        "rmse_median": 5.262499164618364
      }
    },
    "contextual_outlier_1.0": {
      "before": {
        "picp": 0.8510909935004642,
        "mpiw": 7.499779695811349,
        "mis": 10.981093111160702,
        "pinball": 0.5840339905818126,
        "rmse_median": 2.693126591084596
      },
      "after": {
        "picp": 0.8983286908077994,
        "mpiw": 8.269331235845058,
        "mis": 10.447778044837742,
        "pinball": 0.5747980876992083,
        "rmse_median": 2.693126591084596
      }
    },
    "contextual_outlier_2.0": {
      "before": {
        "picp": 0.8479572887650882,
        "mpiw": 7.504398324705928,
        "mis": 11.022412385423674,
        "pinball": 0.5864521403258376,
        "rmse_median": 2.7022816262844502
      },
      "after": {
        "picp": 0.8983286908077994,
        "mpiw": 8.323380622573362,
        "mis": 10.49398325093762,
        "pinball": 0.5773978457077147,
        "rmse_median": 2.7022816262844502
      }
    },
    "contextual_outlier_4.0": {
      "before": {
        "picp": 0.8442432683379758,
        "mpiw": 7.538632625958382,
        "mis": 11.176260598509453,
        "pinball": 0.5928598601485121,
        "rmse_median": 2.7309673858053474
      },
      "after": {
        "picp": 0.8984447539461468,
        "mpiw": 8.437966442858034,
        "mis": 10.628830311214987,
        "pinball": 0.5838283164087053,
        "rmse_median": 2.7309673858053474
      }
    },
    "drift_1.0": {
      "before": {
        "picp": 0.6494893221912721,
        "mpiw": 7.592371970532737,
        "mis": 18.153302285304513,
        "pinball": 0.8532464510020185,
        "rmse_median": 3.42492644432495
      },
      "after": {
        "picp": 0.8921773444753947,
        "mpiw": 14.416836348044114,
        "mis": 16.836042179924792,
        "pinball": 0.8412336706094338,
        "rmse_median": 3.42492644432495
      }
    },
    "drift_2.0": {
      "before": {
        "picp": 0.4794568245125348,
        "mpiw": 7.817011649520292,
        "mis": 35.470956802688654,
        "pinball": 1.4131357469573458,
        "rmse_median": 4.9821632316685
      },
      "after": {
        "picp": 0.8774373259052924,
        "mpiw": 22.366684355233826,
        "mis": 27.438482064509827,
        "pinball": 1.299459570603489,
        "rmse_median": 4.9821632316685
      }
    },
    "drift_4.0": {
      "before": {
        "picp": 0.276230269266481,
        "mpiw": 8.32930346705678,
        "mis": 80.7579906774699,
        "pinball": 2.735322407898042,
        "rmse_median": 8.401375689496637
      },
      "after": {
        "picp": 0.8502785515320335,
        "mpiw": 35.79258725739374,
        "mis": 48.097210949020464,
        "pinball": 2.218429088168547,
        "rmse_median": 8.401375689496637
      }
    },
    "fgsm_1.0": {
      "before": {
        "picp": 0.4803853296193129,
        "mpiw": 9.155429754449937,
        "mis": 44.19821832761063,
        "pinball": 1.6919061184672053,
        "rmse_median": 6.001582472582778
      },
      "after": {
        "picp": 0.8783658310120706,
        "mpiw": 25.086662549342055,
        "mis": 29.62299674956949,
        "pinball": 1.496444100646192,
        "rmse_median": 6.001582472582778
      }
    },
    "fgsm_2.0": {
      "before": {
        "picp": 0.4174791086350975,
        "mpiw": 10.705278524401384,
        "mis": 67.91706445990634,
        "pinball": 2.4903554010407563,
        "rmse_median": 8.543424175818656
      },
      "after": {
        "picp": 0.8716341689879294,
        "mpiw": 31.785628661344123,
        "mis": 38.93603108077474,
        "pinball": 2.0348775147519667,
        "rmse_median": 8.543424175818656
      }
    },
    "fgsm_4.0": {
      "before": {
        "picp": 0.4213091922005571,
        "mpiw": 13.279499973276977,
        "mis": 92.65428668797679,
        "pinball": 3.295389942004868,
        "rmse_median": 11.266126546487897
      },
      "after": {
        "picp": 0.8700092850510678,
        "mpiw": 40.8532843406624,
        "mis": 50.57393724866665,
        "pinball": 2.668501414390118,
        "rmse_median": 11.266126546487897
      }
    },
    "flatline_1.0": {
      "before": {
        "picp": 0.5870473537604457,
        "mpiw": 8.171318429897562,
        "mis": 30.36408217412327,
        "pinball": 1.201192191471774,
        "rmse_median": 4.37728233155306
      },
      "after": {
        "picp": 0.8787140204271123,
        "mpiw": 23.028672583921526,
        "mis": 28.579954660572273,
        "pinball": 1.2634910026411494,
        "rmse_median": 4.37728233155306
      }
    },
    "flatline_2.0": {
      "before": {
        "picp": 0.5930826369545033,
        "mpiw": 8.005875149426988,
        "mis": 28.41622520086718,
        "pinball": 1.138462365071033,
        "rmse_median": 4.1708010925985075
      },
      "after": {
        "picp": 0.8785979572887651,
        "mpiw": 21.690078771322405,
        "mis": 26.609925531467407,
        "pinball": 1.1871709350757749,
        "rmse_median": 4.1708010925985075
      }
    },
    "flatline_4.0": {
      "before": {
        "picp": 0.5891364902506964,
        "mpiw": 7.371619206356257,
        "mis": 25.64577034121266,
        "pinball": 1.0694032398962514,
        "rmse_median": 4.155645848539142
      },
      "after": {
        "picp": 0.8811513463324049,
        "mpiw": 15.723363832522306,
        "mis": 20.18282013293433,
        "pinball": 0.9920420970411763,
        "rmse_median": 4.155645848539142
      }
    },
    "gap_imputation_1.0": {
      "before": {
        "picp": 0.8531801299907149,
        "mpiw": 7.494911342040774,
        "mis": 10.949659456244019,
        "pinball": 0.5821273279639091,
        "rmse_median": 2.684807939152627
      },
      "after": {
        "picp": 0.8982126276694522,
        "mpiw": 8.222029511529204,
        "mis": 10.407074320318188,
        "pinball": 0.5727105092702706,
        "rmse_median": 2.684807939152627
      }
    },
    "gap_imputation_2.0": {
      "before": {
        "picp": 0.8519034354688951,
        "mpiw": 7.489946208167193,