{
  "model": "lgbm",
  "method": "aci",
  "alpha": 0.1,
  "fit_on": [
    "clean"
  ],
  "params": {
    "gamma": 0.2,
    "tau0": 1.1266666666666603
  },
  "settings": {
    "clean": {
      "before": {
        "picp": 0.8657149489322191,
        "mpiw": 8.261693284259573,
        "mis": 11.631704378735073,
        "pinball": 0.5960347446030304,
        "rmse_median": 2.7314739466889137
      },
      "after": {
        "picp": 0.899025069637883,
        "mpiw": 9.144743871006847,
        "mis": 11.668583876285641,
        "pinball": 0.5970614895398968,
        "rmse_median": 2.7314739466889137
      }
    },
    "clock_skew_1.0": {
      "before": {
        "picp": 0.7886490250696379,
        "mpiw": 8.199411643507243,
        "mis": 13.792766809566778,
        "pinball": 0.6846814878025954,
        "rmse_median": 2.972726545005999
      },
      "after": {
        "picp": 0.8970519962859795,
        "mpiw": 11.46719307484747,
        "mis": 13.84579085912076,
        "pinball": 0.690863149735246,
        "rmse_median": 2.972726545005999
      }
    },
    "clock_skew_2.0": {
      "before": {
        "picp": 0.6951021355617456,
        "mpiw": 7.993913122371861,
        "mis": 19.441927799494024,
        "pinball": 0.8831660751737186,
        "rmse_median": 3.584184620620548
      },
      "after": {
        "picp": 0.89322191272052,
        "mpiw": 14.834114772400014,
        "mis": 17.81256610480041,
        "pinball": 0.8777557110573282,
        "rmse_median": 3.584184620620548
      }
    },
    "clock_skew_4.0": {
      "before": {
        "picp": 0.5908774373259053,
        "mpiw": 7.813483853022531,
        "mis": 30.84596458380513,
        "pinball": 1.2976185816901806,
        "rmse_median": 4.9484386501705995
      },
      "after": {
        "picp": 0.885677808727948,
        "mpiw": 16.837489146337433,
        "mis": 20.867679136904332,
        "pinball": 1.1482046505091361,
        "rmse_median": 4.9484386501705995
      }
    },
    "contextual_outlier_1.0": {
      "before": {
        "picp": 0.8650185701021356,
        "mpiw": 8.266536265899754,
        "mis": 11.633888757136214,
        "pinball": 0.5959835702070435,
        "rmse_median": 2.730626389621464
      },
      "after": {
        "picp": 0.8992571959145775,
        "mpiw": 9.134980209132594,
        "mis": 11.66522126717698,
        "pinball": 0.5968084322546375,
        "rmse_median": 2.730626389621464
      }
    },
    "contextual_outlier_2.0": {
      "before": {
        "picp": 0.8638579387186629,
        "mpiw": 8.290271353029905,
        "mis": 11.648193142856933,
        "pinball": 0.5978980337391074,
        "rmse_median": 2.733405062075704
      },
      "after": {
        "picp": 0.8992571959145775,
        "mpiw": 9.17490263277539,
        "mis": 11.682152430396854,
        "pinball": 0.5990685491107189,
        "rmse_median": 2.733405062075704
      }
    },
    "contextual_outlier_4.0": {
      "before": {
        "picp": 0.8645543175487466,
        "mpiw": 8.37514384050172,
        "mis": 11.742865535730248,
        "pinball": 0.6025465177460616,
        "rmse_median": 2.7497976317788027
      },
      "after": {
        "picp": 0.8986768802228412,
        "mpiw": 9.24796459522011,
        "mis": 11.80096225128998,
        "pinball": 0.6040351086929634,
        "rmse_median": 2.7497976317788027
      }
    },
    "drift_1.0": {
      "before": {
        "picp": 0.7389740018570102,
        "mpiw": 8.314399167580863,
        "mis": 16.129027861609202,
        "pinball": 0.8024030314741776,
        "rmse_median": 3.384433313547297
      },
      "after": {
        "picp": 0.8950789229340761,
        "mpiw": 12.954743268236847,
        "mis": 15.505418017342475,
        "pinball": 0.7987168846361214,
        "rmse_median": 3.384433313547297
      }
    },
    "drift_2.0": {
      "before": {
        "picp": 0.590761374187558,
        "mpiw": 8.673402567458309,
        "mis": 27.8409306006422,
        "pinball": 1.252677753221769,
        "rmse_median": 4.750928599299942
      },
      "after": {
        "picp": 0.8881151346332404,
        "mpiw": 18.256033702311395,
        "mis": 22.195313248792093,
        "pinball": 1.1651749992701366,
        "rmse_median": 4.750928599299942
      }
    },
    "drift_4.0": {
      "before": {
        "picp": 0.3797585886722377,
        "mpiw": 9.699387912568387,
        "mis": 58.03004237505565,
        "pinball": 2.2513549543267497,
        "rmse_median": 7.445655296759896
      },
      "after": {
        "picp": 0.8792943361188487,
        "mpiw": 27.62007421743762,
        "mis": 33.98316961483749,
        "pinball": 1.8878019603287322,
        "rmse_median": 7.445655296759896
      }
    },
    "flatline_1.0": {
      "before": {
        "picp": 0.7006731662024142,
        "mpiw": 8.20308540919096,
        "mis": 21.51668021689513,
        "pinball": 0.9618155411916965,
        "rmse_median": 3.783552720887296
      },
      "after": {
        "picp": 0.8879990714948932,
        "mpiw": 16.746437277509443,
        "mis": 20.660403644943518,
        "pinball": 0.99026116339277,
        "rmse_median": 3.783552720887296
      }
    },
    "flatline_2.0": {
      "before": {
        "picp": 0.664113277623027,
        "mpiw": 7.933075723691707,
        "mis": 22.052254571306438,
        "pinball": 0.9750572804633096,
        "rmse_median": 3.7866886385338274
      },
      "after": {
        "picp": 0.8853296193129062,
        "mpiw": 15.91591644419194,
        "mis": 19.64683409851139,
        "pinball": 0.9625722191847199,
        "rmse_median": 3.7866886385338274
      }
    },
    "flatline_4.0": {
      "before": {
        "picp": 0.5096332404828227,
        "mpiw": 6.313214886835688,
        "mis": 33.70651099782251,
        "pinball": 1.2517575579651687,
        "rmse_median": 4.602392943406315
      },
      "after": {
        "picp": 0.8638579387186629,
        "mpiw": 16.902307024062633,
        "mis": 23.248437651029125,
        "pinball": 1.1344361027474845,
        "rmse_median": 4.602392943406315
      }
    },
    "gap_imputation_1.0": {
      "before": {
        "picp": 0.8624651810584958,
        "mpiw": 8.255455557382135,
        "mis": 11.673591987292388,
        "pinball": 0.5970089282792646,
        "rmse_median": 2.727422587777997
      },
      "after": {
        "picp": 0.899025069637883,
        "mpiw": 9.177019710951802,
        "mis": 11.708351404750184,
        "pinball": 0.5981267713308762,
        "rmse_median": 2.727422587777997
      }
    },
    "gap_imputation_2.0": {
      "before": {
        "picp": 0.8471448467966574,
        "mpiw": 8.190479579730459,
        "mis": 12.34767738765764,
        "pinball": 0.6222001950044601,
        "rmse_median": 2.8340875764824203
      },
      "after": {
        "picp": 0.898560817084494,
        "mpiw": 9.611078107981072,
        "mis": 12.366077608683375,
        "pinball": 0.6238293908110325,
        "rmse_median": 2.8340875764824203
      }
    },
    "gap_imputation_4.0": {
      "before": {
        "picp": 0.834958217270195,
        "mpiw": 8.197253286781388,
        "mis": 12.819183611719536,
        "pinball": 0.6477457548290283,
        "rmse_median": 2.9491581122863044
      },
      "after": {
        "picp": 0.8982126276694522,
        "mpiw": 10.030776870618514,
        "mis": 12.69625018744416,
        "pinball": 0.6483176089721857,
        "rmse_median": 2.9491581122863044
      }
    },
    "level_shift_1.0": {
      "before": {
        "picp": 0.7435004642525533,
        "mpiw": 8.43875764356541,
        "mis": 16.681296130526082,
        "pinball": 0.800539618102141,
        "rmse_median": 3.299152374264573
      },
      "after": {
        "picp": 0.8940343546889508,
        "mpiw": 13.815418147386566,
        "mis": 16.477931586831343,
        "pinball": 0.8099493104042068,
        "rmse_median": 3.299152374264573
      }
    },
    "level_shift_2.0": {
      "before": {
        "picp": 0.5579155060352832,