{
  "model": "lgbm",
  "method": "aci",
  "alpha": 0.1,
  "fit_on": [
    "clean"
  ],
  "params": {
    "gamma": 0.2,
    "tau0": 1.1266666666666603
  },
  "settings": {
    "clean": {
      "before": {
        "picp": 0.8657149489322191,
        "mpiw": 8.261693284259573,
        "mis": 11.631704378735073,
        "pinball": 0.5960347446030304,
        "rmse_median": 2.7314739466889137
      },
      "after": {
        "picp": 0.899025069637883,
        "mpiw": 9.144743871006847,
        "mis": 11.668583876285641,
        "pinball": 0.5970614895398968,
        "rmse_median": 2.7314739466889137
      }
    },
    "contextual_outlier_1.0": {
      "before": {
        "picp": 0.8650185701021356,
        "mpiw": 8.266536265899754,
        "mis": 11.633888757136214,
        "pinball": 0.5959835702070435,
        "rmse_median": 2.730626389621464
      },
      "after": {
        "picp": 0.8992571959145775,
        "mpiw": 9.134980209132594,
        "mis": 11.66522126717698,
        "pinball": 0.5968084322546375,
        "rmse_median": 2.730626389621464
      }
    },
    "contextual_outlier_2.0": {
      "before": {
        "picp": 0.8638579387186629,
        "mpiw": 8.290271353029905,
        "mis": 11.648193142856933,
        "pinball": 0.5978980337391074,
        "rmse_median": 2.733405062075704
      },
      "after": {
        "picp": 0.8992571959145775,
        "mpiw": 9.17490263277539,
        "mis": 11.682152430396854,
        "pinball": 0.5990685491107189,
        "rmse_median": 2.733405062075704
      }
    },
    "contextual_outlier_4.0": {
      "before": {
        "picp": 0.8645543175487466,
        "mpiw": 8.37514384050172,
        "mis": 11.742865535730248,
        "pinball": 0.6025465177460616,
        "rmse_median": 2.7497976317788027
      },
      "after": {
        "picp": 0.8986768802228412,
        "mpiw": 9.24796459522011,
        "mis": 11.80096225128998,
        "pinball": 0.6040351086929634,
        "rmse_median": 2.7497976317788027
      }
    },
    "level_shift_1.0": {
      "before": {
        "picp": 0.7435004642525533,
        "mpiw": 8.43875764356541,
        "mis": 16.681296130526082,
        "pinball": 0.800539618102141,
        "rmse_median": 3.299152374264573
      },
      "after": {
        "picp": 0.8940343546889508,
        "mpiw": 13.815418147386566,
        "mis": 16.477931586831343,
        "pinball": 0.8099493104042068,
        "rmse_median": 3.299152374264573
      }
    },
    "level_shift_2.0": {
      "before": {
        "picp": 0.5579155060352832,
        "mpiw": 8.559400814080124,
        "mis": 31.001919737757778,
        "pinball": 1.30638869995445,
        "rmse_median": 4.8383274941291505
      },
      "after": {
        "picp": 0.885213556174559,
        "mpiw": 19.5197099517256,
        "mis": 23.907641182467714,
        "pinball": 1.203404156110634,
        "rmse_median": 4.8383274941291505
      }
    },
    "level_shift_4.0": {
      "before": {
        "picp": 0.3386722376973073,
        "mpiw": 9.196047625229708,
        "mis": 71.12894676612994,
        "pinball": 2.521075744565081,
        "rmse_median": 8.20495464406828
      },
      "after": {
        "picp": 0.8700092850510678,
        "mpiw": 29.656928481922986,
        "mis": 36.973774888927075,
        "pinball": 1.999806071577185,
        "rmse_median": 8.20495464406828
      }
    },
    "point_spike_1.0": {
      "before": {
        "picp": 0.8646703806870938,
        "mpiw": 8.261966682117915,
        "mis": 11.635412477567805,
        "pinball": 0.5962508012372517,
        "rmse_median": 2.7283782926027462
      },
      "after": {
        "picp": 0.8991411327762303,
        "mpiw": 9.15409705026024,
        "mis": 11.676590986022104,
        "pinball": 0.5972523421014065,
        "rmse_median": 2.7283782926027462
      }
    },
    "point_spike_2.0": {
      "before": {
        "picp": 0.864786443825441,
        "mpiw": 8.282637274329018,
        "mis": 11.661349636971249,
        "pinball": 0.5975946416186156,
        "rmse_median": 2.7314471006451
      },
      "after": {
        "picp": 0.8992571959145775,
        "mpiw": 9.167964065673788,
        "mis": 11.707683217537381,
        "pinball": 0.5986656969238623,
        "rmse_median": 2.7314471006451
      }
    },
    "point_spike_4.0": {
      "before": {
        "picp": 0.8651346332404828,
        "mpiw": 8.316309192994485,
        "mis": 11.699595971631007,
        "pinball": 0.5999606436295387,
        "rmse_median": 2.748599416336183
      },
      "after": {
        "picp": 0.8992571959145775,
        "mpiw": 9.190332158247296,
        "mis": 11.757263958274459,
        "pinball": 0.6013831038177008,
        "rmse_median": 2.748599416336183
      }
    }
  }
}