{
  "model": "lgbm_robust",
  "method": "aci",
  "alpha": 0.1,
  "fit_on": [
    "clean"
  ],
  "params": {
    "gamma": 0.1,
    "tau0": 1.0049999999999957
  },
  "settings": {
    "clean": {
      "before": {
        "picp": 0.8869545032497679,
        "mpiw": 9.441746476882319,
        "mis": 12.254941831719773,
        "pinball": 0.6347586007610267,
        "rmse_median": 2.860913886667092
      },
      "after": {
        "picp": 0.8965877437325905,
        "mpiw": 9.736302397588501,
        "mis": 12.341215793145693,
        "pinball": 0.6358531512639537,
        "rmse_median": 2.860913886667092
      }
    },
    "clock_skew_1.0": {
      "before": {
        "picp": 0.8442432683379758,
        "mpiw": 9.339678234812341,
        "mis": 13.455713309239435,
        "pinball": 0.7009047629649048,
        "rmse_median": 3.0938042110253035
      },
      "after": {
        "picp": 0.8927576601671309,
        "mpiw": 10.797186317132917,
        "mis": 13.53649590476795,
        "pinball": 0.7023429549590136,
        "rmse_median": 3.0938042110253035
      }
    },
    "clock_skew_2.0": {
      "before": {
        "picp": 0.7728644382544104,
        "mpiw": 9.165875321885933,
        "mis": 16.854190816512716,
        "pinball": 0.8513534248226905,
        "rmse_median": 3.6313416579571154
      },
      "after": {
        "picp": 0.8885793871866295,
        "mpiw": 12.717452248700276,
        "mis": 15.966840682858855,
        "pinball": 0.8357469517252797,
        "rmse_median": 3.6313416579571154
      }
    },
    "clock_skew_4.0": {
      "before": {
        "picp": 0.6602831940575673,
        "mpiw": 9.088796866396306,
        "mis": 25.79721276138119,
        "pinball": 1.2212958168720291,
        "rmse_median": 4.902979568065265
      },
      "after": {
        "picp": 0.879874651810585,
        "mpiw": 15.229672102406871,
        "mis": 19.618228635255047,
        "pinball": 1.1190021127166074,
        "rmse_median": 4.902979568065265
      }
    },
    "contextual_outlier_1.0": {
      "before": {
        "picp": 0.8875348189415042,
        "mpiw": 9.446320911825648,
        "mis": 12.22422529400569,
        "pinball": 0.6341390993677429,
        "rmse_median": 2.858779847116045
      },
      "after": {
        "picp": 0.8969359331476323,
        "mpiw": 9.70778324706788,
        "mis": 12.298357812436974,
        "pinball": 0.6350656548379305,
        "rmse_median": 2.858779847116045
      }
    },
    "contextual_outlier_2.0": {
      "before": {
        "picp": 0.8886954503249768,
        "mpiw": 9.48854121996086,
        "mis": 12.283773786678193,
        "pinball": 0.6382031276656962,
        "rmse_median": 2.88048673865427
      },
      "after": {
        "picp": 0.8968198700092851,
        "mpiw": 9.711248818013518,
        "mis": 12.349458770576595,
        "pinball": 0.6389556285433932,
        "rmse_median": 2.88048673865427
      }
    },
    "contextual_outlier_4.0": {
      "before": {
        "picp": 0.890552460538533,
        "mpiw": 9.640187399274204,
        "mis": 12.347695896461655,
        "pinball": 0.6451110607060543,
        "rmse_median": 2.885961625561523
      },
      "after": {
        "picp": 0.8971680594243269,
        "mpiw": 9.78306163664268,
        "mis": 12.39525031069758,
        "pinball": 0.6456109561377367,
        "rmse_median": 2.885961625561523
      }
    },
    "drift_1.0": {
      "before": {
        "picp": 0.8361188486536676,
        "mpiw": 9.559638190170368,
        "mis": 14.259647072803748,
        "pinball": 0.7616890310846287,
        "rmse_median": 3.320616554251263
      },
      "after": {
        "picp": 0.8921773444753947,
        "mpiw": 11.203596701044006,
        "mis": 14.260792665560768,
        "pinball": 0.762210868933456,
        "rmse_median": 3.320616554251263
      }
    },
    "drift_2.0": {
      "before": {
        "picp": 0.7467502321262767,
        "mpiw": 10.047664395265622,
        "mis": 19.74888199437491,
        "pinball": 1.0174989305739504,
        "rmse_median": 4.217490682065329
      },
      "after": {
        "picp": 0.8867223769730733,
        "mpiw": 14.304690307787183,
        "mis": 18.193919745925623,
        "pinball": 0.994369844035979,
        "rmse_median": 4.217490682065329
      }
    },
    "drift_4.0": {
      "before": {
        "picp": 0.6349814298978644,
        "mpiw": 11.478788653762157,
        "mis": 30.765636355829066,
        "pinball": 1.4357673125131176,
        "rmse_median": 5.515234874769497
      },
      "after": {
        "picp": 0.8766248839368617,
        "mpiw": 20.010962960212158,
        "mis": 25.07564057560709,
        "pinball": 1.3628801386327871,
        "rmse_median": 5.515234874769497
      }
    },
    "flatline_1.0": {
      "before": {
        "picp": 0.7907381615598886,
        "mpiw": 9.455277096360748,
        "mis": 16.433429353434573,
        "pinball": 0.8459011820098314,
        "rmse_median": 3.550596947828792
      },
      "after": {
        "picp": 0.8854456824512534,
        "mpiw": 12.53615581667904,
        "mis": 16.019412410577885,
        "pinball": 0.8422505327090956,
        "rmse_median": 3.550596947828792
      }
    },
    "flatline_2.0": {
      "before": {
        "picp": 0.762883008356546,
        "mpiw": 9.080286237782875,
        "mis": 17.33619931332662,
        "pinball": 0.8729326262813549,
        "rmse_median": 3.6241183377557533
      },
      "after": {
        "picp": 0.8839368616527391,
        "mpiw": 12.56452903181448,
        "mis": 16.31038987373017,
        "pinball": 0.8595452191966568,
        "rmse_median": 3.6241183377557533
      }
    },
    "flatline_4.0": {
      "before": {
        "picp": 0.5603528319405757,
        "mpiw": 6.8350681701533444,
        "mis": 31.504434760885136,
        "pinball": 1.233782303756785,
        "rmse_median": 4.740960164735003
      },
      "after": {
        "picp": 0.8513231197771588,
        "mpiw": 15.66388764133284,
        "mis": 22.322099978100628,
        "pinball": 1.133999920508411,
        "rmse_median": 4.740960164735003
      }
    },
    "gap_imputation_1.0": {
      "before": {
        "picp": 0.885213556174559,
        "mpiw": 9.42139529087864,
        "mis": 12.271707266478364,
        "pinball": 0.6368601038246188,
        "rmse_median": 2.872842479468488
      },
      "after": {
        "picp": 0.8965877437325905,
        "mpiw": 9.722906206431874,
        "mis": 12.347543376504703,
        "pinball": 0.637841717493132,
        "rmse_median": 2.872842479468488
      }
    },
    "gap_imputation_2.0": {
      "before": {
        "picp": 0.8725626740947076,
        "mpiw": 9.31813884180205,
        "mis": 12.973132909175694,
        "pinball": 0.6609114504361016,
        "rmse_median": 2.9746099508920523
      },
      "after": {
        "picp": 0.8960074280408542,
        "mpiw": 10.07000115907054,
        "mis": 13.07913348341546,
        "pinball": 0.663172300167557,
        "rmse_median": 2.9746099508920523
      }
    },
    "gap_imputation_4.0": {
      "before": {
        "picp": 0.8632776230269267,
        "mpiw": 9.3182052369169,
        "mis": 13.607587822460026,
        "pinball": 0.6954635883072344,
        "rmse_median": 3.1717562913568154
      },
      "after": {
        "picp": 0.8954271123491179,
        "mpiw": 10.514909813733103,
        "mis": 13.68629074104645,
        "pinball": 0.6981316986559137,
        "rmse_median": 3.1717562913568154
      }
    },
    "level_shift_1.0": {
      "before": {
        "picp": 0.8379758588672238,
        "mpiw": 9.722032963970085,
        "mis": 14.07549600498769,
        "pinball": 0.7465045802272522,
        "rmse_median": 3.235764937693917
      },
      "after": {
        "picp": 0.893686165273909,
        "mpiw": 11.44985202582965,
        "mis": 14.082472560323037,
        "pinball": 0.7474817960219002,
        "rmse_median": 3.235764937693917
      }
    },
    "level_shift_2.0": {
      "before": {
        "picp": 0.7549907149489322,