{
  "model": "qdlinear_robust",
  "method": "aci",
  "alpha": 0.1,
  "fit_on": [
    "clean"
  ],
  "params": {
    "gamma": 0.2,
    "tau0": 0.8766666666666624
  },
  "settings": {
    "clean": {
      "before": {
        "picp": 0.9386025998142989,
        "mpiw": 11.26071483808342,
        "mis": 12.71482685667427,
        "pinball": 0.5991533132946515,
        "rmse_median": 2.5774125037687607
      },
      "after": {
        "picp": 0.8999535747446611,
        "mpiw": 9.766095533027999,
        "mis": 12.23730627876581,
        "pinball": 0.591049627056641,
        "rmse_median": 2.5774125037687607
      }
    },
    "clock_skew_1.0": {
      "before": {
        "picp": 0.9035515320334262,
        "mpiw": 11.182170583340831,
        "mis": 13.77505945129552,
        "pinball": 0.6925731126804724,
        "rmse_median": 2.9635257950823384
      },
      "after": {
        "picp": 0.8987929433611885,
        "mpiw": 11.107927097974116,
        "mis": 13.76992645322237,
        "pinball": 0.6902379037955305,
        "rmse_median": 2.9635257950823384
      }
    },
    "clock_skew_2.0": {
      "before": {
        "picp": 0.8254410399257196,
        "mpiw": 11.04335512997611,
        "mis": 17.449426392947235,
        "pinball": 0.8941127630913588,
        "rmse_median": 3.716460253790949
      },
      "after": {
        "picp": 0.8979805013927576,
        "mpiw": 13.650935294650298,
        "mis": 16.893140540967526,
        "pinball": 0.8737759231619556,
        "rmse_median": 3.716460253790949
      }
    },
    "clock_skew_4.0": {
      "before": {
        "picp": 0.6732822655524605,
        "mpiw": 10.743907205121248,
        "mis": 28.399608784850745,
        "pinball": 1.3152011808362987,
        "rmse_median": 5.109076744067884
      },
      "after": {
        "picp": 0.8929897864438254,
        "mpiw": 18.000836949917026,
        "mis": 22.68003052080865,
        "pinball": 1.201877555508183,
        "rmse_median": 5.109076744067884
      }
    },
    "contextual_outlier_1.0": {
      "before": {
        "picp": 0.9388347260909935,
        "mpiw": 11.26167579114848,
        "mis": 12.753451719332995,
        "pinball": 0.6014841218397372,
        "rmse_median": 2.585854685248151
      },
      "after": {
        "picp": 0.8999535747446611,
        "mpiw": 9.826746543389314,
        "mis": 12.296558645578259,
        "pinball": 0.5939397310561213,
        "rmse_median": 2.585854685248151
      }
    },
    "contextual_outlier_2.0": {
      "before": {
        "picp": 0.9388347260909935,
        "mpiw": 11.263528289171504,
        "mis": 12.817861613280673,
        "pinball": 0.6057920882137324,
        "rmse_median": 2.6021632723967576
      },
      "after": {
        "picp": 0.8999535747446611,
        "mpiw": 9.839970501979028,
        "mis": 12.34393720013144,
        "pinball": 0.5979287883041796,
        "rmse_median": 2.6021632723967576
      }
    },
    "contextual_outlier_4.0": {
      "before": {
        "picp": 0.9325673166202414,
        "mpiw": 11.273407400143238,
        "mis": 13.030709122166055,
        "pinball": 0.6192603259824887,
        "rmse_median": 2.65812621293902
      },
      "after": {
        "picp": 0.8998375116063139,
        "mpiw": 10.003866856361817,
        "mis": 12.662488136983917,
        "pinball": 0.6128758566625964,
        "rmse_median": 2.65812621293902
      }
    },
    "drift_1.0": {
      "before": {
        "picp": 0.9040157845868152,
        "mpiw": 11.26463337465426,
        "mis": 14.076989733617284,
        "pinball": 0.7509956029068603,
        "rmse_median": 3.244360930859577
      },
      "after": {
        "picp": 0.8979805013927576,
        "mpiw": 11.225658106848048,
        "mis": 14.100966500873037,
        "pinball": 0.7487181924889865,
        "rmse_median": 3.244360930859577
      }
    },
    "drift_2.0": {
      "before": {
        "picp": 0.8126740947075209,
        "mpiw": 11.282703293817638,
        "mis": 18.08511793806258,
        "pinball": 1.0877464740413578,
        "rmse_median": 4.623164368786857
      },
      "after": {
        "picp": 0.895891364902507,
        "mpiw": 13.530101240671685,
        "mis": 16.79130755373163,
        "pinball": 1.0352732165789333,
        "rmse_median": 4.623164368786857
      }
    },
    "drift_4.0": {
      "before": {
        "picp": 0.5813602599814299,
        "mpiw": 11.415040106635008,
        "mis": 36.824026695594924,
        "pinball": 2.064949360226186,
        "rmse_median": 7.898007109045949
      },
      "after": {
        "picp": 0.8925255338904364,
        "mpiw": 17.561367810368047,
        "mis": 21.591633688174014,
        "pinball": 1.7127375200683297,
        "rmse_median": 7.898007109045949
      }
    },
    "fgsm_1.0": {
      "before": {
        "picp": 0.6692200557103064,
        "mpiw": 11.732470402790169,
        "mis": 31.53423922970241,
        "pinball": 1.629641861123353,
        "rmse_median": 6.4095891783322125
      },
      "after": {
        "picp": 0.8914809656453111,
        "mpiw": 19.438672245401037,
        "mis": 25.426776697131174,
        "pinball": 1.4855805062742398,
        "rmse_median": 6.4095891783322125
      }
    },
    "fgsm_2.0": {
      "before": {
        "picp": 0.4986072423398329,
        "mpiw": 12.94830765157252,
        "mis": 64.71015415262055,
        "pinball": 2.8751475758027505,
        "rmse_median": 10.317503664663349
      },
      "after": {
        "picp": 0.8833565459610028,
        "mpiw": 29.506238676053556,
        "mis": 40.62619095104712,
        "pinball": 2.4213603437783346,
        "rmse_median": 10.317503664663349
      }
    },
    "fgsm_4.0": {
      "before": {
        "picp": 0.34401114206128136,
        "mpiw": 16.64893358035502,
        "mis": 140.41439307836887,
        "pinball": 5.407935206740569,
        "rmse_median": 17.863725188669317
      },
      "after": {
        "picp": 0.8678040854224698,
        "mpiw": 51.91721366844416,
        "mis": 73.35944885883941,
        "pinball": 4.2539012951590776,
        "rmse_median": 17.863725188669317
      }
    },
    "flatline_1.0": {
      "before": {
        "picp": 0.8342618384401114,
        "mpiw": 11.087412686083077,
        "mis": 16.372799212767838,
        "pinball": 0.8944061245972919,
        "rmse_median": 3.795171252692835
      },
      "after": {
        "picp": 0.8974001857010213,
        "mpiw": 12.780862457839284,
        "mis": 15.790839424163526,
        "pinball": 0.8762048461098784,
        "rmse_median": 3.795171252692835
      }
    },
    "flatline_2.0": {
      "before": {
        "picp": 0.8363509749303621,
        "mpiw": 11.049540786043211,
        "mis": 15.696812127315384,
        "pinball": 0.8667914492193418,
        "rmse_median": 3.6730647897727082
      },
      "after": {
        "picp": 0.8972841225626741,
        "mpiw": 12.961814993882196,
        "mis": 15.614507305446065,
        "pinball": 0.8561243972719693,
        "rmse_median": 3.6730647897727082
      }
    },
    "flatline_4.0": {
      "before": {
        "picp": 0.814066852367688,
        "mpiw": 10.972163186418108,
        "mis": 18.074694378171376,
        "pinball": 0.9344009998980918,
        "rmse_median": 4.055863205911363
      },
      "after": {
        "picp": 0.8929897864438254,
        "mpiw": 13.792862906803107,
        "mis": 17.617650113647652,
        "pinball": 0.9153445602196232,
        "rmse_median": 4.055863205911363
      }
    },
    "gap_imputation_1.0": {
      "before": {
        "picp": 0.9392989786443825,
        "mpiw": 11.25575758417961,
        "mis": 12.720309039878027,
        "pinball": 0.5997731845482077,
        "rmse_median": 2.577759272236897
      },
      "after": {
        "picp": 0.8999535747446611,
        "mpiw": 9.799730052722222,
        "mis": 12.266350323771368,
        "pinball": 0.592001238298517,
        "rmse_median": 2.577759272236897
      }
    },
    "gap_imputation_2.0": {
      "before": {
        "picp": 0.9347725162488394,