{
  "model": "qdlinear",
  "method": "aci",
  "alpha": 0.1,
  "fit_on": [
    "clean"
  ],
  "params": {
    "gamma": 0.2,
    "tau0": 0.9849999999999949
  },
  "settings": {
    "clean": {
      "before": {
        "picp": 0.9352367688022284,
        "mpiw": 8.765989356887285,
        "mis": 10.126463160649795,
        "pinball": 0.5374340360426174,
        "rmse_median": 2.482866401228869
      },
      "after": {
        "picp": 0.900766016713092,
        "mpiw": 7.8527995385137,
        "mis": 9.952360294040961,
        "pinball": 0.5333009464319204,
        "rmse_median": 2.482866401228869
      }
    },
    "contextual_outlier_1.0": {
      "before": {
        "picp": 0.9339600742804085,
        "mpiw": 8.765224909298032,
        "mis": 10.137533114123672,
        "pinball": 0.5391597235357882,
        "rmse_median": 2.490479154870323
      },
      "after": {
        "picp": 0.900766016713092,
        "mpiw": 7.924513951568622,
        "mis": 9.989686046970887,
        "pinball": 0.5354910625666361,
        "rmse_median": 2.490479154870323
      }
    },
    "contextual_outlier_2.0": {
      "before": {
        "picp": 0.9297818012999072,
        "mpiw": 8.769826172744136,
        "mis": 10.221530096902363,
        "pinball": 0.5441721654247097,
        "rmse_median": 2.509144299337053
      },
      "after": {
        "picp": 0.9008820798514392,
        "mpiw": 8.025991116266788,
        "mis": 10.108125924314772,
        "pinball": 0.541174266068898,
        "rmse_median": 2.509144299337053
      }
    },
    "contextual_outlier_4.0": {
      "before": {
        "picp": 0.9168987929433612,
        "mpiw": 8.805491093865774,
        "mis": 10.586228815261691,
        "pinball": 0.5618040530498657,
        "rmse_median": 2.577698959836301
      },
      "after": {
        "picp": 0.9008820798514392,
        "mpiw": 8.335058707906098,
        "mis": 10.55477928809449,
        "pinball": 0.5605040615333508,
        "rmse_median": 2.577698959836301
      }
    },
    "fgsm_1.0": {
      "before": {
        "picp": 0.5431754874651811,
        "mpiw": 9.698598999830148,
        "mis": 39.74580684091296,
        "pinball": 1.8190360999462634,
        "rmse_median": 6.867371951543804
      },
      "after": {
        "picp": 0.8860259981429898,
        "mpiw": 21.10256372002008,
        "mis": 28.20930662457222,
        "pinball": 1.5983537577613323,
        "rmse_median": 6.867371951543804
      }
    },
    "fgsm_2.0": {
      "before": {
        "picp": 0.38614206128133705,
        "mpiw": 11.585111431799481,
        "mis": 84.01785487953906,
        "pinball": 3.3270167792716876,
        "rmse_median": 11.417083287477594
      },
      "after": {
        "picp": 0.8731429897864438,
        "mpiw": 34.86958302690474,
        "mis": 47.021455793409054,
        "pinball": 2.6894014155589803,
        "rmse_median": 11.417083287477594
      }
    },
    "fgsm_4.0": {
      "before": {
        "picp": 0.27158774373259054,
        "mpiw": 16.547034467678333,
        "mis": 177.29067093276498,
        "pinball": 6.36300934356241,
        "rmse_median": 20.48180667616563
      },
      "after": {
        "picp": 0.8607242339832869,
        "mpiw": 61.700216020288565,
        "mis": 82.45745397612849,
        "pinball": 4.805043763619769,
        "rmse_median": 20.48180667616563
      }
    },
    "level_shift_1.0": {
      "before": {
        "picp": 0.7634633240482822,
        "mpiw": 8.768496334041469,
        "mis": 15.836222463493849,
        "pinball": 0.7959124415154052,
        "rmse_median": 3.3441396197511857
      },
      "after": {
        "picp": 0.8964716805942433,
        "mpiw": 13.056847296710348,
        "mis": 15.378254359320586,
        "pinball": 0.7914130366243051,
        "rmse_median": 3.3441396197511857
      }
    },
    "level_shift_2.0": {
      "before": {
        "picp": 0.566736304549675,
        "mpiw": 8.77538993441673,
        "mis": 33.256078194969184,
        "pinball": 1.4135901828697086,
        "rmse_median": 5.249369009033942
      },
      "after": {
        "picp": 0.8838207985143919,
        "mpiw": 20.788792457355573,
        "mis": 25.45196961335342,
        "pinball": 1.274265694033333,
        "rmse_median": 5.249369009033942
      }
    },
    "level_shift_4.0": {
      "before": {
        "picp": 0.2711234911792015,
        "mpiw": 8.808945194513072,
        "mis": 91.02197777094041,
        "pinball": 3.1301323975271917,
        "rmse_median": 9.707215454109956
      },
      "after": {
        "picp": 0.8544568245125348,
        "mpiw": 34.03607808994419,
        "mis": 45.8987983544173,
        "pinball": 2.333140520431557,
        "rmse_median": 9.707215454109956
      }
    },
    "point_spike_1.0": {
      "before": {
        "picp": 0.9333797585886723,
        "mpiw": 8.766477908716068,
        "mis": 10.137122022197348,
        "pinball": 0.5387495960805743,
        "rmse_median": 2.487787298138669
      },
      "after": {
        "picp": 0.9008820798514392,
        "mpiw": 7.87147810759476,
        "mis": 9.97004849788119,
        "pinball": 0.5347291621114195,
        "rmse_median": 2.487787298138669
      }
    },
    "point_spike_2.0": {
      "before": {
        "picp": 0.9316388115134633,
        "mpiw": 8.773127625152318,
        "mis": 10.180834447864592,
        "pinball": 0.5415056615311303,
        "rmse_median": 2.4988093581600364
      },
      "after": {
        "picp": 0.9006499535747446,
        "mpiw": 7.9754637979370395,
        "mis": 10.053512288202922,
        "pinball": 0.5382280470572225,
        "rmse_median": 2.4988093581600364
      }
    },
    "point_spike_4.0": {
      "before": {
        "picp": 0.9259517177344475,
        "mpiw": 8.815360083821846,
        "mis": 10.36768214741863,
        "pinball": 0.5505286554563658,
        "rmse_median": 2.537149148024459
      },
      "after": {
        "picp": 0.9008820798514392,
        "mpiw": 8.176197208337108,
        "mis": 10.28969114020615,
        "pinball": 0.5484698027080709,
        "rmse_median": 2.537149148024459
      }
    }
  }
}