{
  "model": "qlstm",
  "method": "aci",
  "alpha": 0.1,
  "fit_on": [
    "clean"
  ],
  "params": {
    "gamma": 0.05,
    "tau0": 0.9983333333333494
  },
  "settings": {
    "clean": {
      "before": {
        "picp": 0.9267641597028784,
        "mpiw": 7.958277904222903,
        "mis": 9.573381288930426,
        "pinball": 0.50772775644057,
        "rmse_median": 2.3842137592553656
      },
      "after": {
        "picp": 0.9083101207056639,
        "mpiw": 7.382225440451351,
        "mis": 9.519825174163033,
        "pinball": 0.5060313222445216,
        "rmse_median": 2.3842137592553656
      }
    },
    "clock_skew_1.0": {
      "before": {
        "picp": 0.8315923862581244,
        "mpiw": 7.886506634017992,
        "mis": 11.78510232199338,
        "pinball": 0.6298024239224737,
        "rmse_median": 2.8139357558872202
      },
      "after": {
        "picp": 0.8955431754874652,
        "mpiw": 9.399813044567777,
        "mis": 11.593742442329354,
        "pinball": 0.628237239466192,
        "rmse_median": 2.8139357558872202
      }
    },
    "clock_skew_2.0": {
      "before": {
        "picp": 0.7255106778087279,
        "mpiw": 8.015343494634584,
        "mis": 17.61384984518194,
        "pinball": 0.8722094944216016,
        "rmse_median": 3.6637921385101904
      },
      "after": {
        "picp": 0.8760445682451253,
        "mpiw": 11.75372554254011,
        "mis": 15.214778145641384,
        "pinball": 0.8319976234624634,
        "rmse_median": 3.6637921385101904
      }
    },
    "clock_skew_4.0": {
      "before": {
        "picp": 0.5692896935933147,
        "mpiw": 7.968943945223723,
        "mis": 34.75861845721397,
        "pinball": 1.4062392806284494,
        "rmse_median": 5.1984153534125115
      },
      "after": {
        "picp": 0.8276462395543176,
        "mpiw": 15.709893570847411,
        "mis": 23.060911229849157,
        "pinball": 1.2337806567213438,
        "rmse_median": 5.1984153534125115
      }
    },
    "contextual_outlier_1.0": {
      "before": {
        "picp": 0.9268802228412256,
        "mpiw": 7.957181403249642,
        "mis": 9.56093500247654,
        "pinball": 0.5072872373962368,
        "rmse_median": 2.3811987712484326
      },
      "after": {
        "picp": 0.9081940575673166,
        "mpiw": 7.385000012862652,
        "mis": 9.509772678918928,
        "pinball": 0.5057111248176654,
        "rmse_median": 2.3811987712484326
      }
    },
    "contextual_outlier_2.0": {
      "before": {
        "picp": 0.9249071494893222,
        "mpiw": 7.956666782660626,
        "mis": 9.582121939535753,
        "pinball": 0.5086639034891636,
        "rmse_median": 2.3861040069644064
      },
      "after": {
        "picp": 0.9078458681522749,
        "mpiw": 7.433053163148483,
        "mis": 9.543064441884166,
        "pinball": 0.5072368612786324,
        "rmse_median": 2.3861040069644064
      }
    },
    "contextual_outlier_4.0": {
      "before": {
        "picp": 0.9211931290622098,
        "mpiw": 7.9598727960642295,
        "mis": 9.749259920838561,
        "pinball": 0.5156898376067172,
        "rmse_median": 2.4175152522574277
      },
      "after": {
        "picp": 0.9068012999071495,
        "mpiw": 7.521012685443892,
        "mis": 9.737027013360295,
        "pinball": 0.5147483945741532,
        "rmse_median": 2.4175152522574277
      }
    },
    "drift_1.0": {
      "before": {
        "picp": 0.723769730733519,
        "mpiw": 7.9466102609561995,
        "mis": 15.509292535773849,
        "pinball": 0.7885880519053549,
        "rmse_median": 3.3059915810541454
      },
      "after": {
        "picp": 0.8711699164345403,
        "mpiw": 11.80302368523039,
        "mis": 14.54043682531706,
        "pinball": 0.7720736747793545,
        "rmse_median": 3.3059915810541454
      }
    },
    "drift_2.0": {
      "before": {
        "picp": 0.4914113277623027,
        "mpiw": 7.959102688349563,
        "mis": 34.11676516613688,
        "pinball": 1.4255528611662538,
        "rmse_median": 5.1171961667513575
      },
      "after": {
        "picp": 0.8235840297121634,
        "mpiw": 16.382329107352383,
        "mis": 23.178346742101507,
        "pinball": 1.2275236798823577,
        "rmse_median": 5.1171961667513575
      }
    },
    "drift_4.0": {
      "before": {
        "picp": 0.2226090993500464,
        "mpiw": 8.20936578711239,
        "mis": 89.20040348740056,
        "pinball": 3.0241353162360247,
        "rmse_median": 9.087868169369507
      },
      "after": {
        "picp": 0.7516248839368617,
        "mpiw": 24.08087824102287,
        "mis": 40.954999108086696,
        "pinball": 2.2174045718564046,
        "rmse_median": 9.087868169369507
      }
    },
    "fgsm_1.0": {
      "before": {
        "picp": 0.44428969359331477,
        "mpiw": 8.254984234489667,
        "mis": 35.58863626547293,
        "pinball": 1.5109626699498426,
        "rmse_median": 5.5184595238472465
      },
      "after": {
        "picp": 0.8372794800371403,
        "mpiw": 16.576018108937408,
        "mis": 21.080658882906196,
        "pinball": 1.2490584903505586,
        "rmse_median": 5.5184595238472465
      }
    },
    "fgsm_2.0": {
      "before": {
        "picp": 0.29863045496750235,
        "mpiw": 8.708559868917039,
        "mis": 61.32002724878881,
        "pinball": 2.277264467437958,
        "rmse_median": 7.4802013039653055
      },
      "after": {
        "picp": 0.799791086350975,
        "mpiw": 21.45660493678561,
        "mis": 29.789868333089426,
        "pinball": 1.7410922295244495,
        "rmse_median": 7.4802013039653055
      }
    },
    "fgsm_4.0": {
      "before": {
        "picp": 0.2502321262766945,
        "mpiw": 9.626352119367342,
        "mis": 87.64793737930867,
        "pinball": 3.043963199185837,
        "rmse_median": 9.513827817122982
      },
      "after": {
        "picp": 0.7722841225626741,
        "mpiw": 26.644137639182297,
        "mis": 40.87925749935146,
        "pinball": 2.2864204858783026,
        "rmse_median": 9.513827817122982
      }
    },
    "flatline_1.0": {
      "before": {
        "picp": 0.6780408542246983,
        "mpiw": 7.908731903255426,
        "mis": 23.836641236449438,
        "pinball": 1.019573889439059,
        "rmse_median": 4.011121047966083
      },
      "after": {
        "picp": 0.8448235840297121,
        "mpiw": 14.315124665707078,
        "mis": 20.650760285621693,
        "pinball": 0.9907986456930649,
        "rmse_median": 4.011121047966083
      }
    },
    "flatline_2.0": {
      "before": {
        "picp": 0.662372330547818,
        "mpiw": 7.777774654048925,
        "mis": 22.445346796295983,
        "pinball": 0.9839362004010498,
        "rmse_median": 3.839123919389295
      },
      "after": {
        "picp": 0.8477251624883937,
        "mpiw": 13.76193289563766,
        "mis": 19.300881414968,
        "pinball": 0.9491244897789951,
        "rmse_median": 3.839123919389295
      }
    },
    "flatline_4.0": {
      "before": {
        "picp": 0.6431058495821727,
        "mpiw": 7.380796621101747,
        "mis": 23.430941077792546,
        "pinball": 1.0226999223259094,
        "rmse_median": 4.109948481851731
      },
      "after": {
        "picp": 0.8474930362116991,
        "mpiw": 12.560404724960826,
        "mis": 18.493457028870615,
        "pinball": 0.9445508682331801,
        "rmse_median": 4.109948481851731
      }
    },
    "gap_imputation_1.0": {
      "before": {
        "picp": 0.9268802228412256,
        "mpiw": 7.948017004086878,
        "mis": 9.577295578505932,
        "pinball": 0.5088254642501929,
        "rmse_median": 2.3886028791834044
      },
      "after": {
        "picp": 0.9081940575673166,
        "mpiw": 7.407979657431639,
        "mis": 9.527904795192324,
        "pinball": 0.5073205981962687,
        "rmse_median": 2.3886028791834044
      }
    },
    "gap_imputation_2.0": {
      "before": {
        "picp": 0.9175951717734447,