{
  "model": "qlstm",
  "method": "aci",
  "alpha": 0.1,
  "fit_on": [
    "clean"
  ],
  "params": {
    "gamma": 0.05,
    "tau0": 0.9983333333333494
  },
  "settings": {
    "clean": {
      "before": {
        "picp": 0.9267641597028784,
        "mpiw": 7.958277904222903,
        "mis": 9.573381288930426,
        "pinball": 0.50772775644057,
        "rmse_median": 2.3842137592553656
      },
      "after": {
        "picp": 0.9083101207056639,
        "mpiw": 7.382225440451351,
        "mis": 9.519825174163033,
        "pinball": 0.5060313222445216,
        "rmse_median": 2.3842137592553656
      }
    },
    "contextual_outlier_1.0": {
      "before": {
        "picp": 0.9268802228412256,
        "mpiw": 7.957181403249642,
        "mis": 9.56093500247654,
        "pinball": 0.5072872373962368,
        "rmse_median": 2.3811987712484326
      },
      "after": {
        "picp": 0.9081940575673166,
        "mpiw": 7.385000012862652,
        "mis": 9.509772678918928,
        "pinball": 0.5057111248176654,
        "rmse_median": 2.3811987712484326
      }
    },
    "contextual_outlier_2.0": {
      "before": {
        "picp": 0.9249071494893222,
        "mpiw": 7.956666782660626,
        "mis": 9.582121939535753,
        "pinball": 0.5086639034891636,
        "rmse_median": 2.3861040069644064
      },
      "after": {
        "picp": 0.9078458681522749,
        "mpiw": 7.433053163148483,
        "mis": 9.543064441884166,
        "pinball": 0.5072368612786324,
        "rmse_median": 2.3861040069644064
      }
    },
    "contextual_outlier_4.0": {
      "before": {
        "picp": 0.9211931290622098,
        "mpiw": 7.9598727960642295,
        "mis": 9.749259920838561,
        "pinball": 0.5156898376067172,
        "rmse_median": 2.4175152522574277
      },
      "after": {
        "picp": 0.9068012999071495,
        "mpiw": 7.521012685443892,
        "mis": 9.737027013360295,
        "pinball": 0.5147483945741532,
        "rmse_median": 2.4175152522574277
      }
    },
    "fgsm_1.0": {
      "before": {
        "picp": 0.44428969359331477,
        "mpiw": 8.254984234489667,
        "mis": 35.58863626547293,
        "pinball": 1.5109626699498426,
        "rmse_median": 5.5184595238472465
      },
      "after": {
        "picp": 0.8372794800371403,
        "mpiw": 16.576018108937408,
        "mis": 21.080658882906196,
        "pinball": 1.2490584903505586,
        "rmse_median": 5.5184595238472465
      }
    },
    "fgsm_2.0": {
      "before": {
        "picp": 0.29863045496750235,
        "mpiw": 8.708559868917039,
        "mis": 61.32002724878881,
        "pinball": 2.277264467437958,
        "rmse_median": 7.4802013039653055
      },
      "after": {
        "picp": 0.799791086350975,
        "mpiw": 21.45660493678561,
        "mis": 29.789868333089426,
        "pinball": 1.7410922295244495,
        "rmse_median": 7.4802013039653055
      }
    },
    "fgsm_4.0": {
      "before": {
        "picp": 0.2502321262766945,
        "mpiw": 9.626352119367342,
        "mis": 87.64793737930867,
        "pinball": 3.043963199185837,
        "rmse_median": 9.513827817122982
      },
      "after": {
        "picp": 0.7722841225626741,
        "mpiw": 26.644137639182297,
        "mis": 40.87925749935146,
        "pinball": 2.2864204858783026,
        "rmse_median": 9.513827817122982
      }
    },
    "level_shift_1.0": {
      "before": {
        "picp": 0.746866295264624,
        "mpiw": 7.966754961011448,
        "mis": 14.997371090233345,
        "pinball": 0.7617472023177021,
        "rmse_median": 3.200716860900026
      },
      "after": {
        "picp": 0.8743036211699164,
        "mpiw": 11.471788763355246,
        "mis": 14.266364403435364,
        "pinball": 0.7494651939247039,
        "rmse_median": 3.200716860900026
      }
    },
    "level_shift_2.0": {
      "before": {
        "picp": 0.5110259981429898,
        "mpiw": 8.011848852878186,
        "mis": 32.824084481352756,
        "pinball": 1.3775551796701926,
        "rmse_median": 4.991992793231031
      },
      "after": {
        "picp": 0.8262534818941504,
        "mpiw": 16.15217437017882,
        "mis": 23.00828969984376,
        "pinball": 1.2031888374509978,
        "rmse_median": 4.991992793231031
      }
    },
    "level_shift_4.0": {
      "before": {
        "picp": 0.23676880222841226,
        "mpiw": 8.277009134250727,
        "mis": 89.40899028847352,
        "pinball": 2.9956335495622803,
        "rmse_median": 9.031598323312847
      },
      "after": {
        "picp": 0.7460538532961931,
        "mpiw": 24.851659348403206,
        "mis": 42.84798221193912,
        "pinball": 2.2572493736569283,
        "rmse_median": 9.031598323312847
      }
    },
    "point_spike_1.0": {
      "before": {
        "picp": 0.9264159702878366,
        "mpiw": 7.95690237261212,
        "mis": 9.586269330949786,
        "pinball": 0.508369709043407,
        "rmse_median": 2.38508388734072
      },
      "after": {
        "picp": 0.9083101207056639,
        "mpiw": 7.389741632223755,
        "mis": 9.532269627686082,
        "pinball": 0.5066901102002408,
        "rmse_median": 2.38508388734072
      }
    },
    "point_spike_2.0": {
      "before": {
        "picp": 0.9259517177344475,
        "mpiw": 7.955357946129351,
        "mis": 9.615416339319273,
        "pinball": 0.5096308973104159,
        "rmse_median": 2.3905389519871196
      },
      "after": {
        "picp": 0.9081940575673166,
        "mpiw": 7.399141972289473,
        "mis": 9.566269223552426,
        "pinball": 0.5080774429948416,
        "rmse_median": 2.3905389519871196
      }
    },
    "point_spike_4.0": {
      "before": {
        "picp": 0.9227019498607242,
        "mpiw": 7.952965239995363,
        "mis": 9.709876577952107,
        "pinball": 0.5133256998230082,
        "rmse_median": 2.4097913459080376
      },
      "after": {
        "picp": 0.9078458681522749,
        "mpiw": 7.488891259702353,
        "mis": 9.680761481903357,
        "pinball": 0.5121657117501434,
        "rmse_median": 2.4097913459080376
      }
    }
  }
}