{
  "model": "qrf",
  "method": "aci",
  "alpha": 0.1,
  "fit_on": [
    "clean"
  ],
  "params": {
    "gamma": 0.1,
    "tau0": 1.0091666666666614
  },
  "settings": {
    "clean": {
      "before": {
        "picp": 0.9163184772516249,
        "mpiw": 9.552883334225584,
        "mis": 11.540408787163111,
        "pinball": 0.6075446440592157,
        "rmse_median": 2.779588744997803
      },
      "after": {
        "picp": 0.9006499535747446,
        "mpiw": 9.037569811306351,
        "mis": 11.501800873575439,
        "pinball": 0.6065588494651207,
        "rmse_median": 2.779588744997803
      }
    },
    "contextual_outlier_1.0": {
      "before": {
        "picp": 0.9149257195914577,
        "mpiw": 9.56236796950614,
        "mis": 11.565234081825382,
        "pinball": 0.608342360557866,
        "rmse_median": 2.779031629121241
      },
      "after": {
        "picp": 0.9003017641597029,
        "mpiw": 9.0764963604503,
        "mis": 11.538954593013273,
        "pinball": 0.6072531204033041,
        "rmse_median": 2.779031629121241
      }
    },
    "contextual_outlier_2.0": {
      "before": {
        "picp": 0.9173630454967502,
        "mpiw": 9.611742105028231,
        "mis": 11.601561324008738,
        "pinball": 0.6083851429463463,
        "rmse_median": 2.7764749071846078
      },
      "after": {
        "picp": 0.9006499535747446,
        "mpiw": 9.070523155424436,
        "mis": 11.56914319484617,
        "pinball": 0.6069785906018346,
        "rmse_median": 2.7764749071846078
      }
    },
    "contextual_outlier_4.0": {
      "before": {
        "picp": 0.9180594243268339,
        "mpiw": 9.707073807512616,
        "mis": 11.69967234744433,
        "pinball": 0.6107353419408905,
        "rmse_median": 2.782205994674017
      },
      "after": {
        "picp": 0.9003017641597029,
        "mpiw": 9.154710622491187,
        "mis": 11.680502009776696,
        "pinball": 0.6095315210010123,
        "rmse_median": 2.782205994674017
      }
    },
    "level_shift_1.0": {
      "before": {
        "picp": 0.8176648096564532,
        "mpiw": 9.751256669265004,
        "mis": 15.10783954885148,
        "pinball": 0.793036313402144,
        "rmse_median": 3.3777347189560922
      },
      "after": {
        "picp": 0.8953110492107706,
        "mpiw": 12.176448072242055,
        "mis": 14.99381550573771,
        "pinball": 0.7923993379021294,
        "rmse_median": 3.3777347189560922
      }
    },
    "level_shift_2.0": {
      "before": {
        "picp": 0.6379990714948932,
        "mpiw": 10.043579965830768,
        "mis": 26.85977163246677,
        "pinball": 1.2580317827952656,
        "rmse_median": 4.911240029033307
      },
      "after": {
        "picp": 0.8837047353760445,
        "mpiw": 17.672332041548916,
        "mis": 21.857463934861727,
        "pinball": 1.1728876922557188,
        "rmse_median": 4.911240029033307
      }
    },
    "level_shift_4.0": {
      "before": {
        "picp": 0.390552460538533,
        "mpiw": 10.748860263999346,
        "mis": 64.06841355407589,
        "pinball": 2.424550165708088,
        "rmse_median": 8.21163693995998
      },
      "after": {
        "picp": 0.8596796657381616,
        "mpiw": 27.785412237768654,
        "mis": 35.2954086547198,
        "pinball": 1.9658652542531168,
        "rmse_median": 8.21163693995998
      }
    },
    "point_spike_1.0": {
      "before": {
        "picp": 0.9158542246982359,
        "mpiw": 9.560686051492846,
        "mis": 11.547834682902783,
        "pinball": 0.6076404764554211,
        "rmse_median": 2.77733053692079
      },
      "after": {
        "picp": 0.9008820798514392,
        "mpiw": 9.091713806295216,
        "mis": 11.517596201084181,
        "pinball": 0.6068258714846613,
        "rmse_median": 2.77733053692079
      }
    },
    "point_spike_2.0": {
      "before": {
        "picp": 0.9157381615598886,
        "mpiw": 9.574711195980683,
        "mis": 11.590748718282196,
        "pinball": 0.6095256879851852,
        "rmse_median": 2.783427961580521
      },
      "after": {
        "picp": 0.9006499535747446,
        "mpiw": 9.101943537434726,
        "mis": 11.561863924244411,
        "pinball": 0.6086869431386294,
        "rmse_median": 2.783427961580521
      }
    },
    "point_spike_4.0": {
      "before": {
        "picp": 0.9179433611884865,
        "mpiw": 9.618411635188073,
        "mis": 11.612512047989014,
        "pinball": 0.6091845422268574,
        "rmse_median": 2.7784522722514198
      },
      "after": {
        "picp": 0.900766016713092,
        "mpiw": 9.057658665937902,
        "mis": 11.579071423274272,
        "pinball": 0.6080990840138504,
        "rmse_median": 2.7784522722514198
      }
    }
  }
}