{
  "model": "qrf_robust",
  "method": "aci",
  "alpha": 0.1,
  "fit_on": [
    "clean"
  ],
  "params": {
    "gamma": 0.01,
    "tau0": 1.0000833333333539
  },
  "settings": {
    "clean": {
      "before": {
        "picp": 0.9233983286908078,
        "mpiw": 10.52752943734543,
        "mis": 12.604253141487225,
        "pinball": 0.6621147009427147,
        "rmse_median": 3.0050870633432094
      },
      "after": {
        "picp": 0.9153899721448467,
        "mpiw": 10.31325248621859,
        "mis": 12.536991831360577,
        "pinball": 0.6609553564098923,
        "rmse_median": 3.0050870633432094
      }
    },
    "clock_skew_1.0": {
      "before": {
        "picp": 0.8961234911792015,
        "mpiw": 10.497806231588767,
        "mis": 13.320397731993554,
        "pinball": 0.7222902688343839,
        "rmse_median": 3.272217307670573
      },
      "after": {
        "picp": 0.9014623955431755,
        "mpiw": 10.634349111619317,
        "mis": 13.337431259138928,
        "pinball": 0.7223652998589556,
        "rmse_median": 3.272217307670573
      }
    },
    "clock_skew_2.0": {
      "before": {
        "picp": 0.8570102135561746,
        "mpiw": 10.570113452858665,
        "mis": 14.641456019978502,
        "pinball": 0.8158735658485282,
        "rmse_median": 3.67095896110095
      },
      "after": {
        "picp": 0.8821959145775302,
        "mpiw": 11.170993304753035,
        "mis": 14.56642958848358,
        "pinball": 0.8130748309713836,
        "rmse_median": 3.67095896110095
      }
    },
    "clock_skew_4.0": {
      "before": {
        "picp": 0.7368848653667596,
        "mpiw": 10.65734364437348,
        "mis": 22.830296301845994,
        "pinball": 1.1485702691191713,
        "rmse_median": 4.856196703789467
      },
      "after": {
        "picp": 0.8090761374187558,
        "mpiw": 12.737179755387618,
        "mis": 20.470797801796326,
        "pinball": 1.1092333016927443,
        "rmse_median": 4.856196703789467
      }
    },
    "contextual_outlier_1.0": {
      "before": {
        "picp": 0.9243268337975858,
        "mpiw": 10.567588694027783,
        "mis": 12.648049845089922,
        "pinball": 0.663921930586665,
        "rmse_median": 3.017035713449582
      },
      "after": {
        "picp": 0.9160863509749304,
        "mpiw": 10.338754928173978,
        "mis": 12.576878270210427,
        "pinball": 0.662668288949902,
        "rmse_median": 3.017035713449582
      }
    },
    "contextual_outlier_2.0": {
      "before": {
        "picp": 0.9261838440111421,
        "mpiw": 10.623978465284106,
        "mis": 12.61745918874906,
        "pinball": 0.6621769944765277,
        "rmse_median": 3.0062514665484965
      },
      "after": {
        "picp": 0.9178272980501393,
        "mpiw": 10.372092536324836,
        "mis": 12.532688949754133,
        "pinball": 0.6605739749263112,
        "rmse_median": 3.0062514665484965
      }
    },
    "contextual_outlier_4.0": {
      "before": {
        "picp": 0.9245589600742804,
        "mpiw": 10.801964396851794,
        "mis": 12.788367943347609,
        "pinball": 0.6715983737305055,
        "rmse_median": 3.0373507219155833
      },
      "after": {
        "picp": 0.9170148560817084,
        "mpiw": 10.578503144080951,
        "mis": 12.709695433818059,
        "pinball": 0.6700896319703654,
        "rmse_median": 3.0373507219155833
      }
    },
    "drift_1.0": {
      "before": {
        "picp": 0.8703574744661096,
        "mpiw": 10.691460499488196,
        "mis": 14.26634085540495,
        "pinball": 0.780922607883804,
        "rmse_median": 3.44932693554797
      },
      "after": {
        "picp": 0.8864902506963789,
        "mpiw": 11.26321334487386,
        "mis": 14.279086575956622,
        "pinball": 0.7808265445876519,
        "rmse_median": 3.44932693554797
      }
    },
    "drift_2.0": {
      "before": {
        "picp": 0.7764623955431755,
        "mpiw": 11.211555601165959,
        "mis": 18.904762333300926,
        "pinball": 1.0278631925339576,
        "rmse_median": 4.337646740395307
      },
      "after": {
        "picp": 0.8400649953574745,
        "mpiw": 12.855774378359511,
        "mis": 18.02300377440329,
        "pinball": 1.0116213927522262,
        "rmse_median": 4.337646740395307
      }
    },
    "drift_4.0": {
      "before": {
        "picp": 0.6634168987929434,
        "mpiw": 12.552049040871037,
        "mis": 29.36591857038374,
        "pinball": 1.4613753857552871,
        "rmse_median": 5.777183922232773
      },
      "after": {
        "picp": 0.7809888579387186,
        "mpiw": 16.03323641150617,
        "mis": 25.400171854518227,
        "pinball": 1.3965577315757098,
        "rmse_median": 5.777183922232773
      }
    },
    "flatline_1.0": {
      "before": {
        "picp": 0.8437790157845868,
        "mpiw": 10.85438436437595,
        "mis": 16.03064124150011,
        "pinball": 0.8366468633129227,
        "rmse_median": 3.562534065759924
      },
      "after": {
        "picp": 0.8708217270194986,
        "mpiw": 11.852993604971735,
        "mis": 16.03242171279111,
        "pinball": 0.836994199456397,
        "rmse_median": 3.562534065759924
      }
    },
    "flatline_2.0": {
      "before": {
        "picp": 0.8214948932219127,
        "mpiw": 10.461181567487401,
        "mis": 16.72580760851756,
        "pinball": 0.8672572480759291,
        "rmse_median": 3.7024158546617687
      },
      "after": {
        "picp": 0.8566620241411328,
        "mpiw": 11.585252714096729,
        "mis": 16.477374208454933,
        "pinball": 0.8634132997545956,
        "rmse_median": 3.7024158546617687
      }
    },
    "flatline_4.0": {
      "before": {
        "picp": 0.692200557103064,
        "mpiw": 9.443878886114732,
        "mis": 26.757098563694225,
        "pinball": 1.1883909738164617,
        "rmse_median": 4.846169363044772
      },
      "after": {
        "picp": 0.7744893221912721,
        "mpiw": 11.874454565936496,
        "mis": 23.54029942517332,
        "pinball": 1.138671497059398,
        "rmse_median": 4.846169363044772
      }
    },
    "gap_imputation_1.0": {
      "before": {
        "picp": 0.9178272980501393,
        "mpiw": 10.519771799863186,
        "mis": 12.712709335879136,
        "pinball": 0.6674511646504749,
        "rmse_median": 3.0296070282954446
      },
      "after": {
        "picp": 0.9135329619312906,
        "mpiw": 10.40469148885739,
        "mis": 12.669341387650881,
        "pinball": 0.6668817378271598,
        "rmse_median": 3.0296070282954446
      }
    },
    "gap_imputation_2.0": {
      "before": {
        "picp": 0.9085422469823584,
        "mpiw": 10.515829613614288,
        "mis": 13.210127304480173,
        "pinball": 0.6909794354317805,
        "rmse_median": 3.1509607385063174
      },
      "after": {
        "picp": 0.9074976787372331,
        "mpiw": 10.519845607733416,
        "mis": 13.207464450917966,
        "pinball": 0.691100930030966,
        "rmse_median": 3.1509607385063174
      }
    },
    "gap_imputation_4.0": {
      "before": {
        "picp": 0.8989090064995358,
        "mpiw": 10.538006630775772,
        "mis": 14.04745950503826,
        "pinball": 0.7239228457701963,
        "rmse_median": 3.316976020206462
      },
      "after": {
        "picp": 0.9013463324048282,
        "mpiw": 10.637682234472907,
        "mis": 14.061793545551327,
        "pinball": 0.7242455937069048,
        "rmse_median": 3.316976020206462
      }
    },
    "level_shift_1.0": {
      "before": {
        "picp": 0.8730269266480966,
        "mpiw": 10.877105294856014,
        "mis": 14.16972206377124,
        "pinball": 0.7752618974345068,
        "rmse_median": 3.4429747844303087
      },
      "after": {
        "picp": 0.8842850510677809,
        "mpiw": 11.267751964472847,
        "mis": 14.15809473003039,
        "pinball": 0.77500270807805,
        "rmse_median": 3.4429747844303087
      }
    },