{
  "model": "qtransformer_robust",
  "method": "aci",
  "alpha": 0.1,
  "fit_on": [
    "clean"
  ],
  "params": {
    "gamma": 0.2,
    "tau0": 0.9599999999999943
  },
  "settings": {
    "clean": {
      "before": {
        "picp": 0.915041782729805,
        "mpiw": 9.053371700903112,
        "mis": 10.878096698103198,
        "pinball": 0.5786078752660051,
        "rmse_median": 2.6628302056593456
      },
      "after": {
        "picp": 0.8987929433611885,
        "mpiw": 8.609951288420556,
        "mis": 10.954912120345725,
        "pinball": 0.5797209836394555,
        "rmse_median": 2.6628302056593456
      }
    },
    "clock_skew_1.0": {
      "before": {
        "picp": 0.8661792014856081,
        "mpiw": 8.873828447366073,
        "mis": 11.901649841934253,
        "pinball": 0.6424202783517554,
        "rmse_median": 2.8403515104569523
      },
      "after": {
        "picp": 0.8972841225626741,
        "mpiw": 9.695631735632192,
        "mis": 11.995075323114104,
        "pinball": 0.6430601662058312,
        "rmse_median": 2.8403515104569523
      }
    },
    "clock_skew_2.0": {
      "before": {
        "picp": 0.7671773444753947,
        "mpiw": 8.828719781855852,
        "mis": 16.486467590068443,
        "pinball": 0.8366944284515526,
        "rmse_median": 3.51200491939256
      },
      "after": {
        "picp": 0.8946146703806871,
        "mpiw": 12.527001673182282,
        "mis": 15.016008699301233,
        "pinball": 0.813606179566519,
        "rmse_median": 3.51200491939256
      }
    },
    "clock_skew_4.0": {
      "before": {
        "picp": 0.6107242339832869,
        "mpiw": 8.953100281305595,
        "mis": 31.51437610293095,
        "pinball": 1.3374692160574537,
        "rmse_median": 5.085408225661218
      },
      "after": {
        "picp": 0.8857938718662952,
        "mpiw": 17.972128882307384,
        "mis": 22.147080003407392,
        "pinball": 1.1873213214197051,
        "rmse_median": 5.085408225661218
      }
    },
    "contextual_outlier_1.0": {
      "before": {
        "picp": 0.916782729805014,
        "mpiw": 9.066440134039272,
        "mis": 10.86494053555887,
        "pinball": 0.5779417862522004,
        "rmse_median": 2.65898578402024
      },
      "after": {
        "picp": 0.8987929433611885,
        "mpiw": 8.576872557891988,
        "mis": 10.933562142403686,
        "pinball": 0.5790023382284835,
        "rmse_median": 2.65898578402024
      }
    },
    "contextual_outlier_2.0": {
      "before": {
        "picp": 0.9144614670380687,
        "mpiw": 9.109787700024349,
        "mis": 10.920061738281804,
        "pinball": 0.5810137889327207,
        "rmse_median": 2.6739293028520166
      },
      "after": {
        "picp": 0.8986768802228412,
        "mpiw": 8.664056787864798,
        "mis": 10.996520977712246,
        "pinball": 0.5820981996750244,
        "rmse_median": 2.6739293028520166
      }
    },
    "contextual_outlier_4.0": {
      "before": {
        "picp": 0.9094707520891365,
        "mpiw": 9.298485234690803,
        "mis": 11.460375073146817,
        "pinball": 0.6041414203886637,
        "rmse_median": 2.776072126681067
      },
      "after": {
        "picp": 0.8980965645311049,
        "mpiw": 8.946152142200596,
        "mis": 11.519728352197811,
        "pinball": 0.6050667137389312,
        "rmse_median": 2.776072126681067
      }
    },
    "drift_1.0": {
      "before": {
        "picp": 0.8444753946146704,
        "mpiw": 9.282956695494093,
        "mis": 13.15911036114268,
        "pinball": 0.7341549663128785,
        "rmse_median": 3.233312914714045
      },
      "after": {
        "picp": 0.895891364902507,
        "mpiw": 10.80175512621902,
        "mis": 13.217967928462809,
        "pinball": 0.7312886804574611,
        "rmse_median": 3.233312914714045
      }
    },
    "drift_2.0": {
      "before": {
        "picp": 0.752669452181987,
        "mpiw": 10.028455532469957,
        "mis": 18.51627071844055,
        "pinball": 1.005761614568679,
        "rmse_median": 4.174118350551718
      },
      "after": {
        "picp": 0.8918291550603529,
        "mpiw": 14.292819883182345,
        "mis": 17.244822290874815,
        "pinball": 0.9732848610871949,
        "rmse_median": 4.174118350551718
      }
    },
    "drift_4.0": {
      "before": {
        "picp": 0.7094939647168059,
        "mpiw": 11.976124525388238,
        "mis": 25.650590810335707,
        "pinball": 1.3091417696874543,
        "rmse_median": 5.208820865435916
      },
      "after": {
        "picp": 0.8864902506963789,
        "mpiw": 18.455745449565512,
        "mis": 22.365437014811334,
        "pinball": 1.2505737010352367,
        "rmse_median": 5.208820865435916
      }
    },
    "fgsm_1.0": {
      "before": {
        "picp": 0.5972609099350047,
        "mpiw": 10.675570515008081,
        "mis": 29.344155792711224,
        "pinball": 1.4493191529794303,
        "rmse_median": 5.727617385335387
      },
      "after": {
        "picp": 0.8877669452181987,
        "mpiw": 17.59540983163369,
        "mis": 21.0416094489497,
        "pinball": 1.2799236415276187,
        "rmse_median": 5.727617385335387
      }
    },
    "fgsm_2.0": {
      "before": {
        "picp": 0.5749767873723306,
        "mpiw": 12.642217250613815,
        "mis": 37.55172851662934,
        "pinball": 1.7604429527570857,
        "rmse_median": 6.772621743923386
      },
      "after": {
        "picp": 0.8824280408542247,
        "mpiw": 22.134016479588684,
        "mis": 26.567552377619265,
        "pinball": 1.5580289715898943,
        "rmse_median": 6.772621743923386
      }
    },
    "fgsm_4.0": {
      "before": {
        "picp": 0.6100278551532033,
        "mpiw": 14.963637424594305,
        "mis": 45.48575190897888,
        "pinball": 2.0564708700800143,
        "rmse_median": 7.957553700458646
      },
      "after": {
        "picp": 0.8787140204271123,
        "mpiw": 26.641391175141244,
        "mis": 32.583302057201095,
        "pinball": 1.8460479099771252,
        "rmse_median": 7.957553700458646
      }
    },
    "flatline_1.0": {
      "before": {
        "picp": 0.8147632311977716,
        "mpiw": 10.253088147661563,
        "mis": 17.339790405843484,
        "pinball": 0.8824021165938615,
        "rmse_median": 3.665364930492439
      },
      "after": {
        "picp": 0.8884633240482822,
        "mpiw": 13.446825676016145,
        "mis": 17.051948488621374,
        "pinball": 0.884130716924987,
        "rmse_median": 3.665364930492439
      }
    },
    "flatline_2.0": {
      "before": {
        "picp": 0.7968895078922934,
        "mpiw": 9.97905846245833,
        "mis": 17.112945559362306,
        "pinball": 0.8887942458731806,
        "rmse_median": 3.6751593678342154
      },
      "after": {
        "picp": 0.8899721448467967,
        "mpiw": 13.158259850215106,
        "mis": 16.525110799891383,
        "pinball": 0.8793680225143209,
        "rmse_median": 3.6751593678342154
      }
    },
    "flatline_4.0": {
      "before": {
        "picp": 0.6826833797585887,
        "mpiw": 8.46035721876855,
        "mis": 22.98124431477763,
        "pinball": 1.0529863870036023,
        "rmse_median": 4.321905222730603
      },
      "after": {
        "picp": 0.8863741875580315,
        "mpiw": 13.96874049572059,
        "mis": 18.34412237732915,
        "pinball": 0.9739052968688179,
        "rmse_median": 4.321905222730603
      }
    },
    "gap_imputation_1.0": {
      "before": {
        "picp": 0.9155060352831941,
        "mpiw": 9.041117902214937,
        "mis": 10.852885900850673,
        "pinball": 0.579696146722819,
        "rmse_median": 2.6669694192639968
      },
      "after": {
        "picp": 0.8987929433611885,
        "mpiw": 8.597930426746661,
        "mis": 10.938080238682737,
        "pinball": 0.5811162188855113,
        "rmse_median": 2.6669694192639968
      }
    },
    "gap_imputation_2.0": {
      "before": {
        "picp": 0.9080779944289693,