{
  "model": "qtransformer_multi",
  "method": "aci",
  "alpha": 0.1,
  "fit_on": [
    "clean"
  ],
  "params": {
    "gamma": 0.2,
    "tau0": 1.2933333333333275
  },
  "settings": {
    "clean": {
      "before": {
        "picp": 0.8405292479108635,
        "mpiw": 5.857669942613792,
        "mis": 9.336848244892321,
        "pinball": 0.4928191104329348,
        "rmse_median": 2.2753392899579286
      },
      "after": {
        "picp": 0.9006499535747446,
        "mpiw": 6.955977489383325,
        "mis": 8.987874084755875,
        "pinball": 0.4865339265478876,
        "rmse_median": 2.2753392899579286
      }
    },
    "clock_skew_1.0": {
      "before": {
        "picp": 0.7466341689879294,
        "mpiw": 5.888613228839361,
        "mis": 12.115426847219318,
        "pinball": 0.5958915719741793,
        "rmse_median": 2.5505036931131433
      },
      "after": {
        "picp": 0.8987929433611885,
        "mpiw": 9.023745338052798,
        "mis": 11.036271073264007,
        "pinball": 0.5791041600427628,
        "rmse_median": 2.5505036931131433
      }
    },
    "clock_skew_2.0": {
      "before": {
        "picp": 0.637883008356546,
        "mpiw": 5.842919490743499,
        "mis": 19.573087048624302,
        "pinball": 0.8216744828807849,
        "rmse_median": 3.184633995394931
      },
      "after": {
        "picp": 0.8909006499535748,
        "mpiw": 12.879683612222038,
        "mis": 16.30998962417902,
        "pinball": 0.7854969355519759,
        "rmse_median": 3.184633995394931
      }
    },
    "clock_skew_4.0": {
      "before": {
        "picp": 0.5009285051067781,
        "mpiw": 5.626536099949961,
        "mis": 33.83606122759058,
        "pinball": 1.228343478827376,
        "rmse_median": 4.2805072213936555
      },
      "after": {
        "picp": 0.8672237697307336,
        "mpiw": 17.42308365981678,
        "mis": 23.08728537305223,
        "pinball": 1.0916462483579188,
        "rmse_median": 4.2805072213936555
      }
    },
    "contextual_outlier_1.0": {
      "before": {
        "picp": 0.841225626740947,
        "mpiw": 5.8572181390463625,
        "mis": 9.266356458180319,
        "pinball": 0.4916241898462367,
        "rmse_median": 2.2673973953283677
      },
      "after": {
        "picp": 0.9006499535747446,
        "mpiw": 6.902035890910165,
        "mis": 8.918649124278112,
        "pinball": 0.4851566298468806,
        "rmse_median": 2.2673973953283677
      }
    },
    "contextual_outlier_2.0": {
      "before": {
        "picp": 0.8399489322191273,
        "mpiw": 5.85490204084039,
        "mis": 9.38757180240193,
        "pinball": 0.4947425489171448,
        "rmse_median": 2.2781112068402387
      },
      "after": {
        "picp": 0.900766016713092,
        "mpiw": 6.958923139806398,
        "mis": 9.015167677906417,
        "pinball": 0.4879808730507781,
        "rmse_median": 2.2781112068402387
      }
    },
    "contextual_outlier_4.0": {
      "before": {
        "picp": 0.8289229340761374,
        "mpiw": 5.875237024799904,
        "mis": 10.005691861670398,
        "pinball": 0.5198409468166011,
        "rmse_median": 2.393025553869286
      },
      "after": {
        "picp": 0.9005338904363974,
        "mpiw": 7.113624087084519,
        "mis": 9.57520782059604,
        "pinball": 0.5116001305579579,
        "rmse_median": 2.393025553869286
      }
    },
    "drift_1.0": {
      "before": {
        "picp": 0.5842618384401114,
        "mpiw": 5.867681165083122,
        "mis": 17.90237760890129,
        "pinball": 0.8067068283710553,
        "rmse_median": 3.1052895905127573
      },
      "after": {
        "picp": 0.8942664809656453,
        "mpiw": 11.54413144514561,
        "mis": 13.692587924732907,
        "pinball": 0.7326841305596667,
        "rmse_median": 3.1052895905127573
      }
    },
    "drift_2.0": {
      "before": {
        "picp": 0.38057103064066855,
        "mpiw": 5.930244012015863,
        "mis": 39.521080729690375,
        "pinball": 1.4432631755330836,
        "rmse_median": 4.729675907043296
      },
      "after": {
        "picp": 0.8788300835654597,
        "mpiw": 18.179716460495488,
        "mis": 22.437375944510435,
        "pinball": 1.1614125295734152,
        "rmse_median": 4.729675907043296
      }
    },
    "drift_4.0": {
      "before": {
        "picp": 0.1882544103992572,
        "mpiw": 6.206732919054284,
        "mis": 92.36213571551227,
        "pinball": 2.885269302770267,
        "rmse_median": 8.215214816200389
      },
      "after": {
        "picp": 0.8480733519034355,
        "mpiw": 29.515596088080343,
        "mis": 39.51322697682845,
        "pinball": 2.038447948277686,
        "rmse_median": 8.215214816200389
      }
    },
    "fgsm_1.0": {
      "before": {
        "picp": 0.3412256267409471,
        "mpiw": 5.83777796929569,
        "mis": 33.490651571400214,
        "pinball": 1.3161760096063448,
        "rmse_median": 4.46372471223288
      },
      "after": {
        "picp": 0.8874187558031569,
        "mpiw": 14.648214596860905,
        "mis": 17.09530754235432,
        "pinball": 1.0199301498690512,
        "rmse_median": 4.46372471223288
      }
    },
    "fgsm_2.0": {
      "before": {
        "picp": 0.2292246982358403,
        "mpiw": 5.851248316012904,
        "mis": 59.80353326113434,
        "pinball": 2.0141054056109633,
        "rmse_median": 6.026460975085918
      },
      "after": {
        "picp": 0.8704735376044568,
        "mpiw": 21.490433920570503,
        "mis": 26.11329719303398,
        "pinball": 1.4550407630019626,
        "rmse_median": 6.026460975085918
      }
    },
    "fgsm_4.0": {
      "before": {
        "picp": 0.16434540389972144,
        "mpiw": 6.0842844855889835,
        "mis": 104.6469880400888,
        "pinball": 3.198658797727741,
        "rmse_median": 8.82262228907024
      },
      "after": {
        "picp": 0.8426183844011143,
        "mpiw": 31.5772880530665,
        "mis": 41.63650239119333,
        "pinball": 2.21279735089694,
        "rmse_median": 8.82262228907024
      }
    },
    "flatline_1.0": {
      "before": {
        "picp": 0.552460538532962,
        "mpiw": 6.03072206818569,
        "mis": 28.536571255213172,
        "pinball": 1.1053951104855817,
        "rmse_median": 4.036080314937436
      },
      "after": {
        "picp": 0.8799907149489322,
        "mpiw": 16.413392522298725,
        "mis": 21.19293747624796,
        "pinball": 1.0075884860124726,
        "rmse_median": 4.036080314937436
      }
    },
    "flatline_2.0": {
      "before": {
        "picp": 0.5587279480037141,
        "mpiw": 5.9509888415258985,
        "mis": 25.46133779888095,
        "pinball": 1.0111520433733312,
        "rmse_median": 3.7156195771900773
      },
      "after": {
        "picp": 0.8827762302692664,
        "mpiw": 14.69476847887757,
        "mis": 18.948864395424636,
        "pinball": 0.922072551984464,
        "rmse_median": 3.7156195771900773
      }
    },
    "flatline_4.0": {
      "before": {
        "picp": 0.5518802228412256,
        "mpiw": 5.643398740470274,
        "mis": 25.948959907347227,
        "pinball": 1.008482664094749,
        "rmse_median": 3.8090006864790196
      },
      "after": {
        "picp": 0.8820798514391829,
        "mpiw": 13.280946662599693,
        "mis": 17.522769955197987,
        "pinball": 0.8845087290171995,
        "rmse_median": 3.8090006864790196
      }
    },
    "gap_imputation_1.0": {
      "before": {
        "picp": 0.8420380687093779,
        "mpiw": 5.856277818065911,
        "mis": 9.305441649527836,
        "pinball": 0.49127942382933615,
        "rmse_median": 2.2675575663554066
      },
      "after": {
        "picp": 0.9004178272980501,
        "mpiw": 6.940452967687954,
        "mis": 8.958091899460484,
        "pinball": 0.48497409671083086,
        "rmse_median": 2.2675575663554066
      }
    },
    "gap_imputation_2.0": {
      "before": {
        "picp": 0.8378597957288765,