{
  "model": "qtransformer",
  "method": "aci",
  "alpha": 0.1,
  "fit_on": [
    "clean"
  ],
  "params": {
    "gamma": 0.2,
    "tau0": 1.1183333333333267
  },
  "settings": {
    "clean": {
      "before": {
        "picp": 0.9048282265552461,
        "mpiw": 7.486732339481373,
        "mis": 9.48621477978658,
        "pinball": 0.5110080486176924,
        "rmse_median": 2.430435930314456
      },
      "after": {
        "picp": 0.9027390900649953,
        "mpiw": 7.449592361620203,
        "mis": 9.579594184176239,
        "pinball": 0.5123930641182779,
        "rmse_median": 2.430435930314456
      }
    },
    "clock_skew_1.0": {
      "before": {
        "picp": 0.8003714020427113,
        "mpiw": 7.4998238545265945,
        "mis": 12.52791587131813,
        "pinball": 0.6377007679429921,
        "rmse_median": 2.8123687006016853
      },
      "after": {
        "picp": 0.8987929433611885,
        "mpiw": 10.22341436011049,
        "mis": 12.184069296087694,
        "pinball": 0.6379304656922067,
        "rmse_median": 2.8123687006016853
      }
    },
    "clock_skew_2.0": {
      "before": {
        "picp": 0.6954503249767874,
        "mpiw": 7.622361792831592,
        "mis": 19.439482727230168,
        "pinball": 0.8840334879457085,
        "rmse_median": 3.5950634185873795
      },
      "after": {
        "picp": 0.8942664809656453,
        "mpiw": 13.915171152002603,
        "mis": 16.59735097243437,
        "pinball": 0.8551433143341886,
        "rmse_median": 3.5950634185873795
      }
    },
    "clock_skew_4.0": {
      "before": {
        "picp": 0.5567548746518106,
        "mpiw": 7.6748018636261515,
        "mis": 36.541924083432185,
        "pinball": 1.4047835643869477,
        "rmse_median": 5.1250120892802515
      },
      "after": {
        "picp": 0.8823119777158774,
        "mpiw": 19.426680479580543,
        "mis": 24.44288581255403,
        "pinball": 1.2464767216821895,
        "rmse_median": 5.1250120892802515
      }
    },
    "contextual_outlier_1.0": {
      "before": {
        "picp": 0.9041318477251625,
        "mpiw": 7.494835418722845,
        "mis": 9.48859764495551,
        "pinball": 0.5108354128250645,
        "rmse_median": 2.4312445432624323
      },
      "after": {
        "picp": 0.9028551532033426,
        "mpiw": 7.427131030048091,
        "mis": 9.58719968575594,
        "pinball": 0.5123690669063169,
        "rmse_median": 2.4312445432624323
      }
    },
    "contextual_outlier_2.0": {
      "before": {
        "picp": 0.9028551532033426,
        "mpiw": 7.519390736874552,
        "mis": 9.533278862475989,
        "pinball": 0.5140593688123631,
        "rmse_median": 2.4428348211945976
      },
      "after": {
        "picp": 0.9027390900649953,
        "mpiw": 7.4815818944637815,
        "mis": 9.633304259386373,
        "pinball": 0.5154183055824083,
        "rmse_median": 2.4428348211945976
      }
    },
    "contextual_outlier_4.0": {
      "before": {
        "picp": 0.8949628597957289,
        "mpiw": 7.639394723229318,
        "mis": 10.213721809895725,
        "pinball": 0.5385160643683254,
        "rmse_median": 2.55602516482187
      },
      "after": {
        "picp": 0.9019266480965645,
        "mpiw": 7.848057526862434,
        "mis": 10.30538790092764,
        "pinball": 0.5399692188537536,
        "rmse_median": 2.55602516482187
      }
    },
    "drift_1.0": {
      "before": {
        "picp": 0.7058960074280408,
        "mpiw": 7.541105231605287,
        "mis": 16.193474001429927,
        "pinball": 0.7922337634642231,
        "rmse_median": 3.281283967129143
      },
      "after": {
        "picp": 0.8946146703806871,
        "mpiw": 13.040070270795185,
        "mis": 15.372403517924962,
        "pinball": 0.7820916623044166,
        "rmse_median": 3.281283967129143
      }
    },
    "drift_2.0": {
      "before": {
        "picp": 0.49419684308263695,
        "mpiw": 7.763959094396725,
        "mis": 33.60622374996942,
        "pinball": 1.3821601851905425,
        "rmse_median": 4.943593025803568
      },
      "after": {
        "picp": 0.8806870937790158,
        "mpiw": 20.154972595932044,
        "mis": 24.952288718042592,
        "pinball": 1.2352735897924259,
        "rmse_median": 4.943593025803568
      }
    },
    "drift_4.0": {
      "before": {
        "picp": 0.2720519962859796,
        "mpiw": 8.613078684538811,
        "mis": 77.76351071999721,
        "pinball": 2.7262520010829228,
        "rmse_median": 8.47151536030615
      },
      "after": {
        "picp": 0.8630454967502321,
        "mpiw": 31.292847177236663,
        "mis": 41.49230281646792,
        "pinball": 2.107358600097742,
        "rmse_median": 8.47151536030615
      }
    },
    "fgsm_1.0": {
      "before": {
        "picp": 0.44962859795728877,
        "mpiw": 8.168773930745202,
        "mis": 35.12737902892163,
        "pinball": 1.4907979990154863,
        "rmse_median": 5.475822598906664
      },
      "after": {
        "picp": 0.8875348189415042,
        "mpiw": 19.193361453967494,
        "mis": 22.11010480464801,
        "pinball": 1.2465224569516504,
        "rmse_median": 5.475822598906664
      }
    },
    "fgsm_2.0": {
      "before": {
        "picp": 0.37058960074280406,
        "mpiw": 8.799568024625536,
        "mis": 57.424778079874315,
        "pinball": 2.1346619082629226,
        "rmse_median": 7.154523365296659
      },
      "after": {
        "picp": 0.8739554317548747,
        "mpiw": 27.294347764507645,
        "mis": 32.74863717184389,
        "pinball": 1.738360268600196,
        "rmse_median": 7.154523365296659
      }
    },
    "fgsm_4.0": {
      "before": {
        "picp": 0.3097725162488394,
        "mpiw": 9.40516746551645,
        "mis": 99.09648032519054,
        "pinball": 3.283980151273235,
        "rmse_median": 10.317281276081209
      },
      "after": {
        "picp": 0.8528319405756731,
        "mpiw": 38.67923787989048,
        "mis": 50.78032081597564,
        "pinball": 2.5952167442440754,
        "rmse_median": 10.317281276081209
      }
    },
    "flatline_1.0": {
      "before": {
        "picp": 0.6646935933147632,
        "mpiw": 7.894759368632623,
        "mis": 25.278451851934115,
        "pinball": 1.0512486336367757,
        "rmse_median": 4.041702640193585
      },
      "after": {
        "picp": 0.8827762302692664,
        "mpiw": 19.43931965947465,
        "mis": 24.56308747123925,
        "pinball": 1.1028681389724713,
        "rmse_median": 4.041702640193585
      }
    },
    "flatline_2.0": {
      "before": {
        "picp": 0.6471680594243269,
        "mpiw": 7.648051784682649,
        "mis": 23.75712775641287,
        "pinball": 1.0113721339582387,
        "rmse_median": 3.849551549714123
      },
      "after": {
        "picp": 0.8828922934076138,
        "mpiw": 17.867407476675243,
        "mis": 22.479163878056912,
        "pinball": 1.0324739644965715,
        "rmse_median": 3.849551549714123
      }
    },
    "flatline_4.0": {
      "before": {
        "picp": 0.5892525533890436,
        "mpiw": 6.896331957741235,
        "mis": 26.422522513408484,
        "pinball": 1.0874002864748744,
        "rmse_median": 4.240591204223851
      },
      "after": {
        "picp": 0.8816155988857939,
        "mpiw": 14.496926568289279,
        "mis": 19.21026845192864,
        "pinball": 0.9762636935441347,
        "rmse_median": 4.240591204223851
      }
    },
    "gap_imputation_1.0": {
      "before": {
        "picp": 0.9029712163416899,
        "mpiw": 7.47689214333979,
        "mis": 9.487117624273552,
        "pinball": 0.511371153638516,
        "rmse_median": 2.4293654079530573
      },
      "after": {
        "picp": 0.9025069637883009,
        "mpiw": 7.497055853070095,
        "mis": 9.585354179846655,
        "pinball": 0.5129338481096448,
        "rmse_median": 2.4293654079530573
      }
    },
    "gap_imputation_2.0": {
      "before": {
        "picp": 0.8950789229340761,