{
  "model": "qtransformer_multi",
  "method": "aci",
  "alpha": 0.1,
  "fit_on": [
    "clean"
  ],
  "params": {
    "gamma": 0.2,
    "tau0": 1.1099999999999928
  },
  "settings": {
    "clean": {
      "before": {
        "picp": 0.8986768802228412,
        "mpiw": 6.49100251094512,
        "mis": 8.605050339566715,
        "pinball": 0.46686468286658295,
        "rmse_median": 2.2052987426703727
      },
      "after": {
        "picp": 0.9011142061281338,
        "mpiw": 6.734728690501655,
        "mis": 8.693882176662667,
        "pinball": 0.4687797606459859,
        "rmse_median": 2.2052987426703727
      }
    },
    "contextual_outlier_1.0": {
      "before": {
        "picp": 0.8994893221912721,
        "mpiw": 6.490364294843892,
        "mis": 8.60185402695461,
        "pinball": 0.4667948536589378,
        "rmse_median": 2.205132686520122
      },
      "after": {
        "picp": 0.901230269266481,
        "mpiw": 6.720996597838938,
        "mis": 8.689820554815203,
        "pinball": 0.4687030065230772,
        "rmse_median": 2.205132686520122
      }
    },
    "contextual_outlier_2.0": {
      "before": {
        "picp": 0.9000696378830083,
        "mpiw": 6.489117003933148,
        "mis": 8.600866083066927,
        "pinball": 0.4668514050962394,
        "rmse_median": 2.204753028792516
      },
      "after": {
        "picp": 0.9013463324048282,
        "mpiw": 6.718715712810566,
        "mis": 8.680543496047118,
        "pinball": 0.46859714085340887,
        "rmse_median": 2.204753028792516
      }
    },
    "contextual_outlier_4.0": {
      "before": {
        "picp": 0.9003017641597029,
        "mpiw": 6.48770748011995,
        "mis": 8.640712126644322,
        "pinball": 0.4675175703024173,
        "rmse_median": 2.206514332711958
      },
      "after": {
        "picp": 0.90169452181987,
        "mpiw": 6.714543308820205,
        "mis": 8.722924543503925,
        "pinball": 0.4692426084347735,
        "rmse_median": 2.206514332711958
      }
    },
    "fgsm_1.0": {
      "before": {
        "picp": 0.49396471680594245,
        "mpiw": 6.503648022213402,
        "mis": 22.35297638412007,
        "pinball": 1.0389658968837336,
        "rmse_median": 3.947328736524157
      },
      "after": {
        "picp": 0.8885793871866295,
        "mpiw": 12.45322952030635,
        "mis": 14.661015565578671,
        "pinball": 0.8839137377362462,
        "rmse_median": 3.947328736524157
      }
    },
    "fgsm_2.0": {
      "before": {
        "picp": 0.3059424326833798,
        "mpiw": 6.5626108563356915,
        "mis": 41.01444140152956,
        "pinball": 1.5864083073093338,
        "rmse_median": 5.202499815547417
      },
      "after": {
        "picp": 0.8774373259052924,
        "mpiw": 17.49839764970634,
        "mis": 20.6650811969907,
        "pinball": 1.2256572791071592,
        "rmse_median": 5.202499815547417
      }
    },
    "fgsm_4.0": {
      "before": {
        "picp": 0.1888347260909935,
        "mpiw": 6.813202389462789,
        "mis": 79.46728744507641,
        "pinball": 2.618511602584275,
        "rmse_median": 7.568495830871667
      },
      "after": {
        "picp": 0.8580547818012999,
        "mpiw": 26.315126197621563,
        "mis": 32.82056837054135,
        "pinball": 1.8635052817060334,
        "rmse_median": 7.568495830871667
      }
    },
    "level_shift_1.0": {
      "before": {
        "picp": 0.7761142061281338,
        "mpiw": 6.487142055141214,
        "mis": 11.153912365425041,
        "pinball": 0.5801308949761131,
        "rmse_median": 2.4865480360444185
      },
      "after": {
        "picp": 0.8969359331476323,
        "mpiw": 9.12387940443532,
        "mis": 10.934915852500598,
        "pinball": 0.5787971754116753,
        "rmse_median": 2.4865480360444185
      }
    },
    "level_shift_2.0": {
      "before": {
        "picp": 0.6086350974930362,
        "mpiw": 6.506217204616189,
        "mis": 19.8358900026837,
        "pinball": 0.8747004179293798,
        "rmse_median": 3.300207776565128
      },
      "after": {
        "picp": 0.887883008356546,
        "mpiw": 13.528239110794134,
        "mis": 16.475652419756507,
        "pinball": 0.8354599029003112,
        "rmse_median": 3.300207776565128
      }
    },
    "level_shift_4.0": {
      "before": {
        "picp": 0.36803621169916434,
        "mpiw": 6.651420064082923,
        "mis": 48.815377204262006,
        "pinball": 1.7440851932477286,
        "rmse_median": 5.610062060598982
      },
      "after": {
        "picp": 0.8666434540389972,
        "mpiw": 22.476772641905708,
        "mis": 28.744019388556286,
        "pinball": 1.4534779358354117,
        "rmse_median": 5.610062060598982
      }
    },
    "point_spike_1.0": {
      "before": {
        "picp": 0.8987929433611885,
        "mpiw": 6.4915782419236585,
        "mis": 8.615161430513698,
        "pinball": 0.4673930736448645,
        "rmse_median": 2.2067094002702
      },
      "after": {
        "picp": 0.9011142061281338,
        "mpiw": 6.74091236746742,
        "mis": 8.707075087589256,
        "pinball": 0.46943413959229263,
        "rmse_median": 2.2067094002702
      }
    },
    "point_spike_2.0": {
      "before": {
        "picp": 0.8979805013927576,
        "mpiw": 6.492854804215968,
        "mis": 8.6439274166201,
        "pinball": 0.46875083609298324,
        "rmse_median": 2.2117918724407613
      },
      "after": {
        "picp": 0.9011142061281338,
        "mpiw": 6.759822648642244,
        "mis": 8.736350630720251,
        "pinball": 0.47077894353998506,
        "rmse_median": 2.2117918724407613
      }
    },
    "point_spike_4.0": {
      "before": {
        "picp": 0.8971680594243269,
        "mpiw": 6.493973468875096,
        "mis": 8.729455871458516,
        "pinball": 0.472006230047803,
        "rmse_median": 2.2254465131083228
      },
      "after": {
        "picp": 0.9009981429897864,
        "mpiw": 6.801927785141123,
        "mis": 8.82055061299035,
        "pinball": 0.47396326141112227,
        "rmse_median": 2.2254465131083228
      }
    }
  }
}