{
  "model": "qtransformer",
  "method": "aci",
  "alpha": 0.1,
  "fit_on": [
    "clean"
  ],
  "params": {
    "gamma": 0.2,
    "tau0": 1.1183333333333267
  },
  "settings": {
    "clean": {
      "before": {
        "picp": 0.9048282265552461,
        "mpiw": 7.486732339481373,
        "mis": 9.48621477978658,
        "pinball": 0.5110080486176924,
        "rmse_median": 2.430435930314456
      },
      "after": {
        "picp": 0.9027390900649953,
        "mpiw": 7.449592361620203,
        "mis": 9.579594184176239,
        "pinball": 0.5123930641182779,
        "rmse_median": 2.430435930314456
      }
    },
    "contextual_outlier_1.0": {
      "before": {
        "picp": 0.9041318477251625,
        "mpiw": 7.494835418722845,
        "mis": 9.48859764495551,
        "pinball": 0.5108354128250645,
        "rmse_median": 2.4312445432624323
      },
      "after": {
        "picp": 0.9028551532033426,
        "mpiw": 7.427131030048091,
        "mis": 9.58719968575594,
        "pinball": 0.5123690669063169,
        "rmse_median": 2.4312445432624323
      }
    },
    "contextual_outlier_2.0": {
      "before": {
        "picp": 0.9028551532033426,
        "mpiw": 7.519390736874552,
        "mis": 9.533278862475989,
        "pinball": 0.5140593688123631,
        "rmse_median": 2.4428348211945976
      },
      "after": {
        "picp": 0.9027390900649953,
        "mpiw": 7.4815818944637815,
        "mis": 9.633304259386373,
        "pinball": 0.5154183055824083,
        "rmse_median": 2.4428348211945976
      }
    },
    "contextual_outlier_4.0": {
      "before": {
        "picp": 0.8949628597957289,
        "mpiw": 7.639394723229318,
        "mis": 10.213721809895725,
        "pinball": 0.5385160643683254,
        "rmse_median": 2.55602516482187
      },
      "after": {
        "picp": 0.9019266480965645,
        "mpiw": 7.848057526862434,
        "mis": 10.30538790092764,
        "pinball": 0.5399692188537536,
        "rmse_median": 2.55602516482187
      }
    },
    "fgsm_1.0": {
      "before": {
        "picp": 0.44962859795728877,
        "mpiw": 8.168773930745202,
        "mis": 35.12737902892163,
        "pinball": 1.4907979990154863,
        "rmse_median": 5.475822598906664
      },
      "after": {
        "picp": 0.8875348189415042,
        "mpiw": 19.193361453967494,
        "mis": 22.11010480464801,
        "pinball": 1.2465224569516504,
        "rmse_median": 5.475822598906664
      }
    },
    "fgsm_2.0": {
      "before": {
        "picp": 0.37058960074280406,
        "mpiw": 8.799568024625536,
        "mis": 57.424778079874315,
        "pinball": 2.1346619082629226,
        "rmse_median": 7.154523365296659
      },
      "after": {
        "picp": 0.8739554317548747,
        "mpiw": 27.294347764507645,
        "mis": 32.74863717184389,
        "pinball": 1.738360268600196,
        "rmse_median": 7.154523365296659
      }
    },
    "fgsm_4.0": {
      "before": {
        "picp": 0.3097725162488394,
        "mpiw": 9.40516746551645,
        "mis": 99.09648032519054,
        "pinball": 3.283980151273235,
        "rmse_median": 10.317281276081209
      },
      "after": {
        "picp": 0.8528319405756731,
        "mpiw": 38.67923787989048,
        "mis": 50.78032081597564,
        "pinball": 2.5952167442440754,
        "rmse_median": 10.317281276081209
      }
    },
    "level_shift_1.0": {
      "before": {
        "picp": 0.7226090993500465,
        "mpiw": 7.587511634860936,
        "mis": 15.671334648346551,
        "pinball": 0.7659457421171442,
        "rmse_median": 3.153982436357645
      },
      "after": {
        "picp": 0.8950789229340761,
        "mpiw": 12.89897762052469,
        "mis": 15.197692787454942,
        "pinball": 0.7649816602098235,
        "rmse_median": 3.153982436357645
      }
    },
    "level_shift_2.0": {
      "before": {
        "picp": 0.5217038068709378,
        "mpiw": 7.85610488749348,
        "mis": 33.03899725922048,
        "pinball": 1.3525995229753722,
        "rmse_median": 4.864999736263168
      },
      "after": {
        "picp": 0.879874651810585,
        "mpiw": 20.54495988642341,
        "mis": 25.355969981387048,
        "pinball": 1.238974084583834,
        "rmse_median": 4.864999736263168
      }
    },
    "level_shift_4.0": {
      "before": {
        "picp": 0.30176415970287834,
        "mpiw": 8.568466747154282,
        "mis": 80.23666700228378,
        "pinball": 2.7559937244497292,
        "rmse_median": 8.645996650145982
      },
      "after": {
        "picp": 0.8574744661095636,
        "mpiw": 33.1365031365802,
        "mis": 44.02435995486331,
        "pinball": 2.1943547210692325,
        "rmse_median": 8.645996650145982
      }
    },
    "point_spike_1.0": {
      "before": {
        "picp": 0.9035515320334262,
        "mpiw": 7.488598011445815,
        "mis": 9.516076169729974,
        "pinball": 0.5119078625253286,
        "rmse_median": 2.4337869907009786
      },
      "after": {
        "picp": 0.9027390900649953,
        "mpiw": 7.464060299053914,
        "mis": 9.609741236565439,
        "pinball": 0.513227545641331,
        "rmse_median": 2.4337869907009786
      }
    },
    "point_spike_2.0": {
      "before": {
        "picp": 0.9021587743732591,
        "mpiw": 7.504786883164997,
        "mis": 9.562451323234242,
        "pinball": 0.5145040206716874,
        "rmse_median": 2.4456707761202185
      },
      "after": {
        "picp": 0.9026230269266481,
        "mpiw": 7.50754652659637,
        "mis": 9.650675563981663,
        "pinball": 0.5158132467170743,
        "rmse_median": 2.4456707761202185
      }
    },
    "point_spike_4.0": {
      "before": {
        "picp": 0.8974001857010213,
        "mpiw": 7.594215620074975,
        "mis": 10.044009781993624,
        "pinball": 0.5327570405409783,
        "rmse_median": 2.5270697941577738
      },
      "after": {
        "picp": 0.9025069637883009,
        "mpiw": 7.765002410024435,
        "mis": 10.142237963391468,
        "pinball": 0.5344273591364994,
        "rmse_median": 2.5270697941577738
      }
    }
  }
}