{
  "model": "deepar",
  "method": "detect_adapt",
  "alpha": 0.1,
  "fit_on": [
    "clean",
    "clock_skew_1.0",
    "clock_skew_2.0",
    "clock_skew_4.0",
    "contextual_outlier_1.0",
    "contextual_outlier_2.0",
    "contextual_outlier_4.0",
    "drift_1.0",
    "drift_2.0",
    "drift_4.0",
    "fgsm_1.0",
    "fgsm_2.0",
    "fgsm_4.0",
    "flatline_1.0",
    "flatline_2.0",
    "flatline_4.0",
    "gap_imputation_1.0",
    "gap_imputation_2.0",
    "gap_imputation_4.0",
    "level_shift_1.0",
    "level_shift_2.0",
    "level_shift_4.0",
    "noise_burst_1.0",
    "noise_burst_2.0",
    "noise_burst_4.0",
    "point_spike_1.0",
    "point_spike_2.0",
    "point_spike_4.0"
  ],
  "params": {
    "tau_clean": 1.2000000000000002,
    "n_features": 12,
    "gate": [
      0.9838911686291668,
      0.9995402825996129
    ],
    "detector": "HistGradientBoostingClassifier(class_weight=balanced)",
    "regressor": "HistGradientBoostingRegressor"
  },
  "settings": {
    "clean": {
      "before": {
        "picp": 0.8523676880222841,
        "mpiw": 7.4989793694948,
        "mis": 10.980776207339314,
        "pinball": 0.5834213258533655,
        "rmse_median": 2.69082310748601
      },
      "after": {
        "picp": 0.9230501392757661,
        "mpiw": 9.38714969518543,
        "mis": 10.997816750828362,
        "pinball": 0.5861719551730061,
        "rmse_median": 2.69082310748601
      }
    },
    "clock_skew_1.0": {
      "before": {
        "picp": 0.7372330547818013,
        "mpiw": 7.437789401920475,
        "mis": 14.473733906128714,
        "pinball": 0.7216667400957846,
        "rmse_median": 3.103611585956773
      },
      "after": {
        "picp": 0.8362349117920148,
        "mpiw": 9.903650818938791,
        "mis": 13.684548138144546,
        "pinball": 0.713693225558255,
        "rmse_median": 3.103611585956773
      }
    },
    "clock_skew_2.0": {
      "before": {
        "picp": 0.6384633240482822,
        "mpiw": 7.435332429447479,
        "mis": 21.75728312002152,
        "pinball": 0.9578058470339359,
        "rmse_median": 3.8152871463003084
      },
      "after": {
        "picp": 0.7851671309192201,
        "mpiw": 11.708619445781773,
        "mis": 18.730846749873447,
        "pinball": 0.9177271426896192,
        "rmse_median": 3.8152871463003084
      }
    },
    "clock_skew_4.0": {
      "before": {
        "picp": 0.5193825441039925,
        "mpiw": 7.620558315637449,
        "mis": 39.040250428394266,
        "pinball": 1.467941743755834,
        "rmse_median": 5.262499164618364
      },
      "after": {
        "picp": 0.8579387186629527,
        "mpiw": 18.594690797227194,
        "mis": 24.848947367395343,
        "pinball": 1.2612046816392968,
        "rmse_median": 5.262499164618364
      }
    },
    "contextual_outlier_1.0": {
      "before": {
        "picp": 0.8510909935004642,
        "mpiw": 7.499779695811349,
        "mis": 10.981093111160702,
        "pinball": 0.5840339905818126,
        "rmse_median": 2.693126591084596
      },
      "after": {
        "picp": 0.9232822655524605,
        "mpiw": 9.492413076123261,
        "mis": 11.11797482718457,
        "pinball": 0.588675978318939,
        "rmse_median": 2.693126591084596
      }
    },
    "contextual_outlier_2.0": {
      "before": {
        "picp": 0.8479572887650882,
        "mpiw": 7.504398324705928,
        "mis": 11.022412385423674,
        "pinball": 0.5864521403258376,
        "rmse_median": 2.7022816262844502
      },
      "after": {
        "picp": 0.9275766016713092,
        "mpiw": 9.583385072845019,
        "mis": 11.127753865426921,
        "pinball": 0.5916313760135016,
        "rmse_median": 2.7022816262844502
      }
    },
    "contextual_outlier_4.0": {
      "before": {
        "picp": 0.8442432683379758,
        "mpiw": 7.538632625958382,
        "mis": 11.176260598509453,
        "pinball": 0.5928598601485121,
        "rmse_median": 2.7309673858053474
      },
      "after": {
        "picp": 0.9258356545961003,
        "mpiw": 10.040810875461917,
        "mis": 11.82261746326224,
        "pinball": 0.6110148602747919,
        "rmse_median": 2.7309673858053474
      }
    },
    "drift_1.0": {
      "before": {
        "picp": 0.6494893221912721,
        "mpiw": 7.592371970532737,
        "mis": 18.153302285304513,
        "pinball": 0.8532464510020185,
        "rmse_median": 3.42492644432495
      },
      "after": {
        "picp": 0.7541782729805014,
        "mpiw": 9.942234184495456,
        "mis": 16.45551825715822,
        "pinball": 0.8271105171784222,
        "rmse_median": 3.42492644432495
      }
    },
    "drift_2.0": {
      "before": {
        "picp": 0.4794568245125348,
        "mpiw": 7.817011649520292,
        "mis": 35.470956802688654,
        "pinball": 1.4131357469573458,
        "rmse_median": 4.9821632316685
      },
      "after": {
        "picp": 0.6367223769730733,
        "mpiw": 14.16773362186132,
        "mis": 30.956279172397572,
        "pinball": 1.358070059383903,
        "rmse_median": 4.9821632316685
      }
    },
    "drift_4.0": {
      "before": {
        "picp": 0.276230269266481,
        "mpiw": 8.32930346705678,
        "mis": 80.7579906774699,
        "pinball": 2.735322407898042,
        "rmse_median": 8.401375689496637
      },
      "after": {
        "picp": 0.6615598885793872,
        "mpiw": 30.61516662980274,
        "mis": 54.91779586611807,
        "pinball": 2.342902769070713,
        "rmse_median": 8.401375689496637
      }
    },
    "fgsm_1.0": {
      "before": {
        "picp": 0.4803853296193129,
        "mpiw": 9.155429754449937,
        "mis": 44.19821832761063,
        "pinball": 1.6919061184672053,
        "rmse_median": 6.001582472582778
      },
      "after": {
        "picp": 0.8303156917363046,
        "mpiw": 23.778299255086935,
        "mis": 29.902097282851113,
        "pinball": 1.5011813953950248,
        "rmse_median": 6.001582472582778
      }
    },
    "fgsm_2.0": {
      "before": {
        "picp": 0.4174791086350975,
        "mpiw": 10.705278524401384,
        "mis": 67.91706445990634,
        "pinball": 2.4903554010407563,
        "rmse_median": 8.543424175818656
      },
      "after": {
        "picp": 0.8617688022284122,
        "mpiw": 30.072344722209113,
        "mis": 37.36751193017053,
        "pinball": 2.008694031183343,
        "rmse_median": 8.543424175818656
      }
    },
    "fgsm_4.0": {
      "before": {
        "picp": 0.4213091922005571,
        "mpiw": 13.279499973276977,
        "mis": 92.65428668797679,
        "pinball": 3.295389942004868,
        "rmse_median": 11.266126546487897
      },
      "after": {
        "picp": 0.819870009285051,
        "mpiw": 34.77101456001836,
        "mis": 51.2815228181834,
        "pinball": 2.667831271540223,
        "rmse_median": 11.266126546487897
      }
    },
    "flatline_1.0": {
      "before": {
        "picp": 0.5870473537604457,
        "mpiw": 8.171318429897562,
        "mis": 30.36408217412327,
        "pinball": 1.201192191471774,
        "rmse_median": 4.37728233155306
      },
      "after": {
        "picp": 0.8841689879294337,
        "mpiw": 24.965699605718903,
        "mis": 29.82205928160966,
        "pinball": 1.3102773565785262,
        "rmse_median": 4.37728233155306
      }
    },
    "flatline_2.0": {
      "before": {
        "picp": 0.5930826369545033,
        "mpiw": 8.005875149426988,
        "mis": 28.41622520086718,
        "pinball": 1.138462365071033,
        "rmse_median": 4.1708010925985075
      },
      "after": {
        "picp": 0.8675719591457753,
        "mpiw": 22.279200589126717,
        "mis": 27.60593387692019,
        "pinball": 1.2232503577702654,
        "rmse_median": 4.1708010925985075
      }
    },
    "flatline_4.0": {
      "before": {
        "picp": 0.5891364902506964,
        "mpiw": 7.371619206356257,
        "mis": 25.64577034121266,
        "pinball": 1.0694032398962514,
        "rmse_median": 4.155645848539142
      },