{
  "model": "qdlinear",
  "method": "detect_adapt",
  "alpha": 0.1,
  "fit_on": [
    "clean",
    "contextual_outlier_1.0",
    "contextual_outlier_2.0",
    "contextual_outlier_4.0",
    "fgsm_1.0",
    "fgsm_2.0",
    "fgsm_4.0",
    "level_shift_1.0",
    "level_shift_2.0",
    "level_shift_4.0",
    "point_spike_1.0",
    "point_spike_2.0",
    "point_spike_4.0"
  ],
  "params": {
    "tau_clean": 1.0,
    "n_features": 12,
    "gate": [
      0.9517422853191198,
      0.9994541143477608
    ],
    "detector": "HistGradientBoostingClassifier(class_weight=balanced)",
    "regressor": "HistGradientBoostingRegressor"
  },
  "settings": {
    "clean": {
      "before": {
        "picp": 0.9352367688022284,
        "mpiw": 8.765989356887285,
        "mis": 10.126463160649795,
        "pinball": 0.5374340360426174,
        "rmse_median": 2.482866401228869
      },
      "after": {
        "picp": 0.9440575673166203,
        "mpiw": 9.397811965008337,
        "mis": 10.53112060933131,
        "pinball": 0.5469139673888789,
        "rmse_median": 2.482866401228869
      }
    },
    "contextual_outlier_1.0": {
      "before": {
        "picp": 0.9339600742804085,
        "mpiw": 8.765224909298032,
        "mis": 10.137533114123672,
        "pinball": 0.5391597235357882,
        "rmse_median": 2.490479154870323
      },
      "after": {
        "picp": 0.9437093779015785,
        "mpiw": 9.469299483237934,
        "mis": 10.642882842540821,
        "pinball": 0.5503670542639911,
        "rmse_median": 2.490479154870323
      }
    },
    "contextual_outlier_2.0": {
      "before": {
        "picp": 0.9297818012999072,
        "mpiw": 8.769826172744136,
        "mis": 10.221530096902363,
        "pinball": 0.5441721654247097,
        "rmse_median": 2.509144299337053
      },
      "after": {
        "picp": 0.942200557103064,
        "mpiw": 9.739902975793479,
        "mis": 10.94850229656261,
        "pinball": 0.5600587619943461,
        "rmse_median": 2.509144299337053
      }
    },
    "contextual_outlier_4.0": {
      "before": {
        "picp": 0.9168987929433612,
        "mpiw": 8.805491093865774,
        "mis": 10.586228815261691,
        "pinball": 0.5618040530498657,
        "rmse_median": 2.577698959836301
      },
      "after": {
        "picp": 0.9411559888579387,
        "mpiw": 10.862009848043273,
        "mis": 12.042708629318595,
        "pinball": 0.595638881781633,
        "rmse_median": 2.577698959836301
      }
    },
    "fgsm_1.0": {
      "before": {
        "picp": 0.5431754874651811,
        "mpiw": 9.698598999830148,
        "mis": 39.74580684091296,
        "pinball": 1.8190360999462634,
        "rmse_median": 6.867371951543804
      },
      "after": {
        "picp": 0.8199860724233984,
        "mpiw": 21.36417038485811,
        "mis": 29.63289371310103,
        "pinball": 1.6523126440948412,
        "rmse_median": 6.867371951543804
      }
    },
    "fgsm_2.0": {
      "before": {
        "picp": 0.38614206128133705,
        "mpiw": 11.585111431799481,
        "mis": 84.01785487953906,
        "pinball": 3.3270167792716876,
        "rmse_median": 11.417083287477594
      },
      "after": {
        "picp": 0.8748839368616528,
        "mpiw": 37.92939884819533,
        "mis": 47.38882078258535,
        "pinball": 2.707661313517801,
        "rmse_median": 11.417083287477594
      }
    },
    "fgsm_4.0": {
      "before": {
        "picp": 0.27158774373259054,
        "mpiw": 16.547034467678333,
        "mis": 177.29067093276498,
        "pinball": 6.36300934356241,
        "rmse_median": 20.48180667616563
      },
      "after": {
        "picp": 0.9000696378830083,
        "mpiw": 71.57059125810135,
        "mis": 84.48108424524192,
        "pinball": 4.800053771452477,
        "rmse_median": 20.48180667616563
      }
    },
    "level_shift_1.0": {
      "before": {
        "picp": 0.7634633240482822,
        "mpiw": 8.768496334041469,
        "mis": 15.836222463493849,
        "pinball": 0.7959124415154052,
        "rmse_median": 3.3441396197511857
      },
      "after": {
        "picp": 0.7937558031569174,
        "mpiw": 10.077751347610375,
        "mis": 16.0227517805699,
        "pinball": 0.8026667215472691,
        "rmse_median": 3.3441396197511857
      }
    },
    "level_shift_2.0": {
      "before": {
        "picp": 0.566736304549675,
        "mpiw": 8.77538993441673,
        "mis": 33.256078194969184,
        "pinball": 1.4135901828697086,
        "rmse_median": 5.249369009033942
      },
      "after": {
        "picp": 0.6879062209842154,
        "mpiw": 14.02575940235678,
        "mis": 28.68509343433817,
        "pinball": 1.3459143967782843,
        "rmse_median": 5.249369009033942
      }
    },
    "level_shift_4.0": {
      "before": {
        "picp": 0.2711234911792015,
        "mpiw": 8.808945194513072,
        "mis": 91.02197777094041,
        "pinball": 3.1301323975271917,
        "rmse_median": 9.707215454109956
      },
      "after": {
        "picp": 0.6888347260909935,
        "mpiw": 27.14521046122166,
        "mis": 48.940560091881636,
        "pinball": 2.387110801636588,
        "rmse_median": 9.707215454109956
      }
    },
    "point_spike_1.0": {
      "before": {
        "picp": 0.9333797585886723,
        "mpiw": 8.766477908716068,
        "mis": 10.137122022197348,
        "pinball": 0.5387495960805743,
        "rmse_median": 2.487787298138669
      },
      "after": {
        "picp": 0.9418523676880223,
        "mpiw": 9.448812601618759,
        "mis": 10.603766443043854,
        "pinball": 0.5495178065118862,
        "rmse_median": 2.487787298138669
      }
    },
    "point_spike_2.0": {
      "before": {
        "picp": 0.9316388115134633,
        "mpiw": 8.773127625152318,
        "mis": 10.180834447864592,
        "pinball": 0.5415056615311303,
        "rmse_median": 2.4988093581600364
      },
      "after": {
        "picp": 0.9446378830083565,
        "mpiw": 9.69487149639653,
        "mis": 10.830174974032143,
        "pinball": 0.5562529007868512,
        "rmse_median": 2.4988093581600364
      }
    },
    "point_spike_4.0": {
      "before": {
        "picp": 0.9259517177344475,
        "mpiw": 8.815360083821846,
        "mis": 10.36768214741863,
        "pinball": 0.5505286554563658,
        "rmse_median": 2.537149148024459
      },
      "after": {
        "picp": 0.9416202414113277,
        "mpiw": 10.05537912908261,
        "mis": 11.192698916053303,
        "pinball": 0.5698990924176663,
        "rmse_median": 2.537149148024459
      }
    }
  }
}