{
  "model": "qlstm",
  "method": "detect_adapt",
  "alpha": 0.1,
  "fit_on": [
    "clean",
    "clock_skew_1.0",
    "clock_skew_2.0",
    "clock_skew_4.0",
    "contextual_outlier_1.0",
    "contextual_outlier_2.0",
    "contextual_outlier_4.0",
    "drift_1.0",
    "drift_2.0",
    "drift_4.0",
    "fgsm_1.0",
    "fgsm_2.0",
    "fgsm_4.0",
    "flatline_1.0",
    "flatline_2.0",
    "flatline_4.0",
    "gap_imputation_1.0",
    "gap_imputation_2.0",
    "gap_imputation_4.0",
    "level_shift_1.0",
    "level_shift_2.0",
    "level_shift_4.0",
    "noise_burst_1.0",
    "noise_burst_2.0",
    "noise_burst_4.0",
    "point_spike_1.0",
    "point_spike_2.0",
    "point_spike_4.0"
  ],
  "params": {
    "tau_clean": 1.05,
    "n_features": 12,
    "gate": [
      0.9762150487147965,
      0.9995857339060308
    ],
    "detector": "HistGradientBoostingClassifier(class_weight=balanced)",
    "regressor": "HistGradientBoostingRegressor"
  },
  "settings": {
    "clean": {
      "before": {
        "picp": 0.9267641597028784,
        "mpiw": 7.958277904222903,
        "mis": 9.573381288930426,
        "pinball": 0.50772775644057,
        "rmse_median": 2.3842137592553656
      },
      "after": {
        "picp": 0.9445218198700093,
        "mpiw": 8.92388088812065,
        "mis": 10.097185918996928,
        "pinball": 0.5207356173062597,
        "rmse_median": 2.3842137592553656
      }
    },
    "clock_skew_1.0": {
      "before": {
        "picp": 0.8315923862581244,
        "mpiw": 7.886506634017992,
        "mis": 11.78510232199338,
        "pinball": 0.6298024239224737,
        "rmse_median": 2.8139357558872202
      },
      "after": {
        "picp": 0.8700092850510678,
        "mpiw": 9.393255403562025,
        "mis": 12.202479014388972,
        "pinball": 0.6420993294592751,
        "rmse_median": 2.8139357558872202
      }
    },
    "clock_skew_2.0": {
      "before": {
        "picp": 0.7255106778087279,
        "mpiw": 8.015343494634584,
        "mis": 17.61384984518194,
        "pinball": 0.8722094944216016,
        "rmse_median": 3.6637921385101904
      },
      "after": {
        "picp": 0.8431987000928505,
        "mpiw": 11.439665105299824,
        "mis": 16.270987321146823,
        "pinball": 0.8530574944606417,
        "rmse_median": 3.6637921385101904
      }
    },
    "clock_skew_4.0": {
      "before": {
        "picp": 0.5692896935933147,
        "mpiw": 7.968943945223723,
        "mis": 34.75861845721397,
        "pinball": 1.4062392806284494,
        "rmse_median": 5.1984153534125115
      },
      "after": {
        "picp": 0.8833565459610028,
        "mpiw": 17.58939299135016,
        "mis": 21.92631791097545,
        "pinball": 1.2108198049829375,
        "rmse_median": 5.1984153534125115
      }
    },
    "contextual_outlier_1.0": {
      "before": {
        "picp": 0.9268802228412256,
        "mpiw": 7.957181403249642,
        "mis": 9.56093500247654,
        "pinball": 0.5072872373962368,
        "rmse_median": 2.3811987712484326
      },
      "after": {
        "picp": 0.947539461467038,
        "mpiw": 9.024742669651584,
        "mis": 10.179272407170433,
        "pinball": 0.5220969945214939,
        "rmse_median": 2.3811987712484326
      }
    },
    "contextual_outlier_2.0": {
      "before": {
        "picp": 0.9249071494893222,
        "mpiw": 7.956666782660626,
        "mis": 9.582121939535753,
        "pinball": 0.5086639034891636,
        "rmse_median": 2.3861040069644064
      },
      "after": {
        "picp": 0.947075208913649,
        "mpiw": 9.181863603047756,
        "mis": 10.334237996676517,
        "pinball": 0.5261611930137639,
        "rmse_median": 2.3861040069644064
      }
    },
    "contextual_outlier_4.0": {
      "before": {
        "picp": 0.9211931290622098,
        "mpiw": 7.9598727960642295,
        "mis": 9.749259920838561,
        "pinball": 0.5156898376067172,
        "rmse_median": 2.4175152522574277
      },
      "after": {
        "picp": 0.9428969359331476,
        "mpiw": 9.711340322138629,
        "mis": 11.03042236441177,
        "pinball": 0.548490273591331,
        "rmse_median": 2.4175152522574277
      }
    },
    "drift_1.0": {
      "before": {
        "picp": 0.723769730733519,
        "mpiw": 7.9466102609561995,
        "mis": 15.509292535773849,
        "pinball": 0.7885880519053549,
        "rmse_median": 3.3059915810541454
      },
      "after": {
        "picp": 0.7710074280408542,
        "mpiw": 9.556667082744932,
        "mis": 15.660133808055058,
        "pinball": 0.7947010640935651,
        "rmse_median": 3.3059915810541454
      }
    },
    "drift_2.0": {
      "before": {
        "picp": 0.4914113277623027,
        "mpiw": 7.959102688349563,
        "mis": 34.11676516613688,
        "pinball": 1.4255528611662538,
        "rmse_median": 5.1171961667513575
      },
      "after": {
        "picp": 0.6277855153203342,
        "mpiw": 12.620011876968272,
        "mis": 29.766623172947067,
        "pinball": 1.3532436846904436,
        "rmse_median": 5.1171961667513575
      }
    },
    "drift_4.0": {
      "before": {
        "picp": 0.2226090993500464,
        "mpiw": 8.20936578711239,
        "mis": 89.20040348740056,
        "pinball": 3.0241353162360247,
        "rmse_median": 9.087868169369507
      },
      "after": {
        "picp": 0.6500696378830083,
        "mpiw": 23.493393421574773,
        "mis": 47.774735256098886,
        "pinball": 2.2729388587514228,
        "rmse_median": 9.087868169369507
      }
    },
    "fgsm_1.0": {
      "before": {
        "picp": 0.44428969359331477,
        "mpiw": 8.254984234489667,
        "mis": 35.58863626547293,
        "pinball": 1.5109626699498426,
        "rmse_median": 5.5184595238472465
      },
      "after": {
        "picp": 0.8131383472609099,
        "mpiw": 16.0451690090535,
        "mis": 20.53131198110942,
        "pinball": 1.237057465831707,
        "rmse_median": 5.5184595238472465
      }
    },
    "fgsm_2.0": {
      "before": {
        "picp": 0.29863045496750235,
        "mpiw": 8.708559868917039,
        "mis": 61.32002724878881,
        "pinball": 2.277264467437958,
        "rmse_median": 7.4802013039653055
      },
      "after": {
        "picp": 0.8471448467966574,
        "mpiw": 22.981687112211908,
        "mis": 28.222165603111552,
        "pinball": 1.6975527686612781,
        "rmse_median": 7.4802013039653055
      }
    },
    "fgsm_4.0": {
      "before": {
        "picp": 0.2502321262766945,
        "mpiw": 9.626352119367342,
        "mis": 87.64793737930867,
        "pinball": 3.043963199185837,
        "rmse_median": 9.513827817122982
      },
      "after": {
        "picp": 0.8805710306406686,
        "mpiw": 31.31300765198842,
        "mis": 37.47564095388577,
        "pinball": 2.21111553385629,
        "rmse_median": 9.513827817122982
      }
    },
    "flatline_1.0": {
      "before": {
        "picp": 0.6780408542246983,
        "mpiw": 7.908731903255426,
        "mis": 23.836641236449438,
        "pinball": 1.019573889439059,
        "rmse_median": 4.011121047966083
      },
      "after": {
        "picp": 0.9073816155988857,
        "mpiw": 17.789453269911313,
        "mis": 21.082962849835866,
        "pinball": 1.0186856251638379,
        "rmse_median": 4.011121047966083
      }
    },
    "flatline_2.0": {
      "before": {
        "picp": 0.662372330547818,
        "mpiw": 7.777774654048925,
        "mis": 22.445346796295983,
        "pinball": 0.9839362004010498,
        "rmse_median": 3.839123919389295
      },
      "after": {
        "picp": 0.8906685236768802,
        "mpiw": 16.361222568210913,
        "mis": 19.944580471213516,
        "pinball": 0.973473510883425,
        "rmse_median": 3.839123919389295
      }
    },
    "flatline_4.0": {
      "before": {
        "picp": 0.6431058495821727,
        "mpiw": 7.380796621101747,
        "mis": 23.430941077792546,
        "pinball": 1.0226999223259094,