{
  "model": "qrf",
  "method": "detect_adapt",
  "alpha": 0.1,
  "fit_on": [
    "clean",
    "contextual_outlier_1.0",
    "contextual_outlier_2.0",
    "contextual_outlier_4.0",
    "level_shift_1.0",
    "level_shift_2.0",
    "level_shift_4.0",
    "point_spike_1.0",
    "point_spike_2.0",
    "point_spike_4.0"
  ],
  "params": {
    "tau_clean": 1.05,
    "n_features": 12,
    "gate": [
      0.9586689912390928,
      0.9990994217919171
    ],
    "detector": "HistGradientBoostingClassifier(class_weight=balanced)",
    "regressor": "HistGradientBoostingRegressor"
  },
  "settings": {
    "clean": {
      "before": {
        "picp": 0.9163184772516249,
        "mpiw": 9.552883334225584,
        "mis": 11.540408787163111,
        "pinball": 0.6075446440592157,
        "rmse_median": 2.779588744997803
      },
      "after": {
        "picp": 0.9365134633240483,
        "mpiw": 10.384854998205348,
        "mis": 11.864248983045625,
        "pinball": 0.6147517173643016,
        "rmse_median": 2.779588744997803
      }
    },
    "contextual_outlier_1.0": {
      "before": {
        "picp": 0.9149257195914577,
        "mpiw": 9.56236796950614,
        "mis": 11.565234081825382,
        "pinball": 0.608342360557866,
        "rmse_median": 2.779031629121241
      },
      "after": {
        "picp": 0.9347725162488394,
        "mpiw": 10.379010399507308,
        "mis": 11.883164762794173,
        "pinball": 0.6152693520551243,
        "rmse_median": 2.779031629121241
      }
    },
    "contextual_outlier_2.0": {
      "before": {
        "picp": 0.9173630454967502,
        "mpiw": 9.611742105028231,
        "mis": 11.601561324008738,
        "pinball": 0.6083851429463463,
        "rmse_median": 2.7764749071846078
      },
      "after": {
        "picp": 0.9362813370473537,
        "mpiw": 10.540422944979472,
        "mis": 12.073765359668602,
        "pinball": 0.6185489196984928,
        "rmse_median": 2.7764749071846078
      }
    },
    "contextual_outlier_4.0": {
      "before": {
        "picp": 0.9180594243268339,
        "mpiw": 9.707073807512616,
        "mis": 11.69967234744433,
        "pinball": 0.6107353419408905,
        "rmse_median": 2.782205994674017
      },
      "after": {
        "picp": 0.932799442896936,
        "mpiw": 10.771514246117947,
        "mis": 12.463924324339063,
        "pinball": 0.6281280751466449,
        "rmse_median": 2.782205994674017
      }
    },
    "level_shift_1.0": {
      "before": {
        "picp": 0.8176648096564532,
        "mpiw": 9.751256669265004,
        "mis": 15.10783954885148,
        "pinball": 0.793036313402144,
        "rmse_median": 3.3777347189560922
      },
      "after": {
        "picp": 0.8471448467966574,
        "mpiw": 11.003742209381215,
        "mis": 15.22532589241859,
        "pinball": 0.797495559191414,
        "rmse_median": 3.3777347189560922
      }
    },
    "level_shift_2.0": {
      "before": {
        "picp": 0.6379990714948932,
        "mpiw": 10.043579965830768,
        "mis": 26.85977163246677,
        "pinball": 1.2580317827952656,
        "rmse_median": 4.911240029033307
      },
      "after": {
        "picp": 0.7363045496750232,
        "mpiw": 13.493111149797146,
        "mis": 24.37517257813304,
        "pinball": 1.220134380288089,
        "rmse_median": 4.911240029033307
      }
    },
    "level_shift_4.0": {
      "before": {
        "picp": 0.390552460538533,
        "mpiw": 10.748860263999346,
        "mis": 64.06841355407589,
        "pinball": 2.424550165708088,
        "rmse_median": 8.21163693995998
      },
      "after": {
        "picp": 0.6714252553389044,
        "mpiw": 20.60245958124464,
        "mis": 39.44861252570249,
        "pinball": 2.0299762705579956,
        "rmse_median": 8.21163693995998
      }
    },
    "point_spike_1.0": {
      "before": {
        "picp": 0.9158542246982359,
        "mpiw": 9.560686051492846,
        "mis": 11.547834682902783,
        "pinball": 0.6076404764554211,
        "rmse_median": 2.77733053692079
      },
      "after": {
        "picp": 0.935933147632312,
        "mpiw": 10.384355332854005,
        "mis": 11.87281190062564,
        "pinball": 0.6148757935188999,
        "rmse_median": 2.77733053692079
      }
    },
    "point_spike_2.0": {
      "before": {
        "picp": 0.9157381615598886,
        "mpiw": 9.574711195980683,
        "mis": 11.590748718282196,
        "pinball": 0.6095256879851852,
        "rmse_median": 2.783427961580521
      },
      "after": {
        "picp": 0.9347725162488394,
        "mpiw": 10.446990780777401,
        "mis": 11.996090824966315,
        "pinball": 0.6180979291869949,
        "rmse_median": 2.783427961580521
      }
    },
    "point_spike_4.0": {
      "before": {
        "picp": 0.9179433611884865,
        "mpiw": 9.618411635188073,
        "mis": 11.612512047989014,
        "pinball": 0.6091845422268574,
        "rmse_median": 2.7784522722514198
      },
      "after": {
        "picp": 0.9262999071494893,
        "mpiw": 10.334974043392272,
        "mis": 12.090986382039677,
        "pinball": 0.6197228699613646,
        "rmse_median": 2.7784522722514198
      }
    }
  }
}