{
  "model": "qtransformer_multi",
  "method": "detect_adapt",
  "alpha": 0.1,
  "fit_on": [
    "clean",
    "clock_skew_1.0",
    "clock_skew_2.0",
    "clock_skew_4.0",
    "contextual_outlier_1.0",
    "contextual_outlier_2.0",
    "contextual_outlier_4.0",
    "drift_1.0",
    "drift_2.0",
    "drift_4.0",
    "fgsm_1.0",
    "fgsm_2.0",
    "fgsm_4.0",
    "flatline_1.0",
    "flatline_2.0",
    "flatline_4.0",
    "gap_imputation_1.0",
    "gap_imputation_2.0",
    "gap_imputation_4.0",
    "level_shift_1.0",
    "level_shift_2.0",
    "level_shift_4.0",
    "noise_burst_1.0",
    "noise_burst_2.0",
    "noise_burst_4.0",
    "point_spike_1.0",
    "point_spike_2.0",
    "point_spike_4.0"
  ],
  "params": {
    "tau_clean": 1.3,
    "n_features": 12,
    "gate": [
      0.9693248415315917,
      0.9998746263551396
    ],
    "detector": "HistGradientBoostingClassifier(class_weight=balanced)",
    "regressor": "HistGradientBoostingRegressor"
  },
  "settings": {
    "clean": {
      "before": {
        "picp": 0.8405292479108635,
        "mpiw": 5.857669942613792,
        "mis": 9.336848244892321,
        "pinball": 0.4928191104329348,
        "rmse_median": 2.2753392899579286
      },
      "after": {
        "picp": 0.9387186629526463,
        "mpiw": 8.038841044860035,
        "mis": 9.345150013490814,
        "pinball": 0.49403854467138053,
        "rmse_median": 2.2753392899579286
      }
    },
    "clock_skew_1.0": {
      "before": {
        "picp": 0.7466341689879294,
        "mpiw": 5.888613228839361,
        "mis": 12.115426847219318,
        "pinball": 0.5958915719741793,
        "rmse_median": 2.5505036931131433
      },
      "after": {
        "picp": 0.874535747446611,
        "mpiw": 8.60626652132361,
        "mis": 11.266162392792175,
        "pinball": 0.5830059274144096,
        "rmse_median": 2.5505036931131433
      }
    },
    "clock_skew_2.0": {
      "before": {
        "picp": 0.637883008356546,
        "mpiw": 5.842919490743499,
        "mis": 19.573087048624302,
        "pinball": 0.8216744828807849,
        "rmse_median": 3.184633995394931
      },
      "after": {
        "picp": 0.8177808727948004,
        "mpiw": 10.307856885165414,
        "mis": 16.36627531655272,
        "pinball": 0.7797211651600289,
        "rmse_median": 3.184633995394931
      }
    },
    "clock_skew_4.0": {
      "before": {
        "picp": 0.5009285051067781,
        "mpiw": 5.626536099949961,
        "mis": 33.83606122759058,
        "pinball": 1.228343478827376,
        "rmse_median": 4.2805072213936555
      },
      "after": {
        "picp": 0.8722144846796658,
        "mpiw": 17.759005731524923,
        "mis": 23.11333820438126,
        "pinball": 1.096357396364138,
        "rmse_median": 4.2805072213936555
      }
    },
    "contextual_outlier_1.0": {
      "before": {
        "picp": 0.841225626740947,
        "mpiw": 5.8572181390463625,
        "mis": 9.266356458180319,
        "pinball": 0.4916241898462367,
        "rmse_median": 2.2673973953283677
      },
      "after": {
        "picp": 0.939531104921077,
        "mpiw": 8.063754317998036,
        "mis": 9.321058571543626,
        "pinball": 0.492995049705009,
        "rmse_median": 2.2673973953283677
      }
    },
    "contextual_outlier_2.0": {
      "before": {
        "picp": 0.8399489322191273,
        "mpiw": 5.85490204084039,
        "mis": 9.38757180240193,
        "pinball": 0.4947425489171448,
        "rmse_median": 2.2781112068402387
      },
      "after": {
        "picp": 0.9365134633240483,
        "mpiw": 8.163767527577683,
        "mis": 9.481596317330043,
        "pinball": 0.4988424319370771,
        "rmse_median": 2.2781112068402387
      }
    },
    "contextual_outlier_4.0": {
      "before": {
        "picp": 0.8289229340761374,
        "mpiw": 5.875237024799904,
        "mis": 10.005691861670398,
        "pinball": 0.5198409468166011,
        "rmse_median": 2.393025553869286
      },
      "after": {
        "picp": 0.9324512534818942,
        "mpiw": 8.599225416892036,
        "mis": 10.15464097966093,
        "pinball": 0.5263001173992972,
        "rmse_median": 2.393025553869286
      }
    },
    "drift_1.0": {
      "before": {
        "picp": 0.5842618384401114,
        "mpiw": 5.867681165083122,
        "mis": 17.90237760890129,
        "pinball": 0.8067068283710553,
        "rmse_median": 3.1052895905127573
      },
      "after": {
        "picp": 0.7511606313834726,
        "mpiw": 8.611121698751576,
        "mis": 14.958769399630606,
        "pinball": 0.7602687996433218,
        "rmse_median": 3.1052895905127573
      }
    },
    "drift_2.0": {
      "before": {
        "picp": 0.38057103064066855,
        "mpiw": 5.930244012015863,
        "mis": 39.521080729690375,
        "pinball": 1.4432631755330836,
        "rmse_median": 4.729675907043296
      },
      "after": {
        "picp": 0.5951717734447539,
        "mpiw": 11.677518636013492,
        "mis": 29.38982854714752,
        "pinball": 1.2903375128806958,
        "rmse_median": 4.729675907043296
      }
    },
    "drift_4.0": {
      "before": {
        "picp": 0.1882544103992572,
        "mpiw": 6.206732919054284,
        "mis": 92.36213571551227,
        "pinball": 2.885269302770267,
        "rmse_median": 8.215214816200389
      },
      "after": {
        "picp": 0.6364902506963789,
        "mpiw": 22.691536313636387,
        "mis": 48.17950528287201,
        "pinball": 2.1669581714060415,
        "rmse_median": 8.215214816200389
      }
    },
    "fgsm_1.0": {
      "before": {
        "picp": 0.3412256267409471,
        "mpiw": 5.83777796929569,
        "mis": 33.490651571400214,
        "pinball": 1.3161760096063448,
        "rmse_median": 4.46372471223288
      },
      "after": {
        "picp": 0.7520891364902507,
        "mpiw": 12.339925687523568,
        "mis": 18.7856713435556,
        "pinball": 1.060113627833459,
        "rmse_median": 4.46372471223288
      }
    },
    "fgsm_2.0": {
      "before": {
        "picp": 0.2292246982358403,
        "mpiw": 5.851248316012904,
        "mis": 59.80353326113434,
        "pinball": 2.0141054056109633,
        "rmse_median": 6.026460975085918
      },
      "after": {
        "picp": 0.8050139275766016,
        "mpiw": 19.893931688074577,
        "mis": 26.532871656303183,
        "pinball": 1.4667777540141351,
        "rmse_median": 6.026460975085918
      }
    },
    "fgsm_4.0": {
      "before": {
        "picp": 0.16434540389972144,
        "mpiw": 6.0842844855889835,
        "mis": 104.6469880400888,
        "pinball": 3.198658797727741,
        "rmse_median": 8.82262228907024
      },
      "after": {
        "picp": 0.8794103992571959,
        "mpiw": 33.59013973525285,
        "mis": 40.61338872512858,
        "pinball": 2.180325245485569,
        "rmse_median": 8.82262228907024
      }
    },
    "flatline_1.0": {
      "before": {
        "picp": 0.552460538532962,
        "mpiw": 6.03072206818569,
        "mis": 28.536571255213172,
        "pinball": 1.1053951104855817,
        "rmse_median": 4.036080314937436
      },
      "after": {
        "picp": 0.891016713091922,
        "mpiw": 16.8797995689628,
        "mis": 20.904700034886623,
        "pinball": 1.0044132090340856,
        "rmse_median": 4.036080314937436
      }
    },
    "flatline_2.0": {
      "before": {
        "picp": 0.5587279480037141,
        "mpiw": 5.9509888415258985,
        "mis": 25.46133779888095,
        "pinball": 1.0111520433733312,
        "rmse_median": 3.7156195771900773
      },
      "after": {
        "picp": 0.8875348189415042,
        "mpiw": 15.431840054085738,
        "mis": 19.30621892494366,
        "pinball": 0.9328469456188488,
        "rmse_median": 3.7156195771900773
      }
    },
    "flatline_4.0": {
      "before": {
        "picp": 0.5518802228412256,
        "mpiw": 5.643398740470274,
        "mis": 25.948959907347227,
        "pinball": 1.008482664094749,