{
  "model": "qtransformer",
  "method": "detect_adapt",
  "alpha": 0.1,
  "fit_on": [
    "clean",
    "clock_skew_1.0",
    "clock_skew_2.0",
    "clock_skew_4.0",
    "contextual_outlier_1.0",
    "contextual_outlier_2.0",
    "contextual_outlier_4.0",
    "drift_1.0",
    "drift_2.0",
    "drift_4.0",
    "fgsm_1.0",
    "fgsm_2.0",
    "fgsm_4.0",
    "flatline_1.0",
    "flatline_2.0",
    "flatline_4.0",
    "gap_imputation_1.0",
    "gap_imputation_2.0",
    "gap_imputation_4.0",
    "level_shift_1.0",
    "level_shift_2.0",
    "level_shift_4.0",
    "noise_burst_1.0",
    "noise_burst_2.0",
    "noise_burst_4.0",
    "point_spike_1.0",
    "point_spike_2.0",
    "point_spike_4.0"
  ],
  "params": {
    "tau_clean": 1.1,
    "n_features": 12,
    "gate": [
      0.9829051348530814,
      0.9996592029358352
    ],
    "detector": "HistGradientBoostingClassifier(class_weight=balanced)",
    "regressor": "HistGradientBoostingRegressor"
  },
  "settings": {
    "clean": {
      "before": {
        "picp": 0.9048282265552461,
        "mpiw": 7.486732339481373,
        "mis": 9.48621477978658,
        "pinball": 0.5110080486176924,
        "rmse_median": 2.430435930314456
      },
      "after": {
        "picp": 0.9360492107706593,
        "mpiw": 8.547024659455975,
        "mis": 9.824481417643277,
        "pinball": 0.5196780141741653,
        "rmse_median": 2.430435930314456
      }
    },
    "clock_skew_1.0": {
      "before": {
        "picp": 0.8003714020427113,
        "mpiw": 7.4998238545265945,
        "mis": 12.52791587131813,
        "pinball": 0.6377007679429921,
        "rmse_median": 2.8123687006016853
      },
      "after": {
        "picp": 0.8530640668523677,
        "mpiw": 9.08275727560414,
        "mis": 12.487605090855359,
        "pinball": 0.6419351840733132,
        "rmse_median": 2.8123687006016853
      }
    },
    "clock_skew_2.0": {
      "before": {
        "picp": 0.6954503249767874,
        "mpiw": 7.622361792831592,
        "mis": 19.439482727230168,
        "pinball": 0.8840334879457085,
        "rmse_median": 3.5950634185873795
      },
      "after": {
        "picp": 0.7934076137418756,
        "mpiw": 10.596635318643775,
        "mis": 17.633890197636244,
        "pinball": 0.8623094946810695,
        "rmse_median": 3.5950634185873795
      }
    },
    "clock_skew_4.0": {
      "before": {
        "picp": 0.5567548746518106,
        "mpiw": 7.6748018636261515,
        "mis": 36.541924083432185,
        "pinball": 1.4047835643869477,
        "rmse_median": 5.1250120892802515
      },
      "after": {
        "picp": 0.8629294336118849,
        "mpiw": 17.674556637577872,
        "mis": 23.344103345699246,
        "pinball": 1.2177208682753506,
        "rmse_median": 5.1250120892802515
      }
    },
    "contextual_outlier_1.0": {
      "before": {
        "picp": 0.9041318477251625,
        "mpiw": 7.494835418722845,
        "mis": 9.48859764495551,
        "pinball": 0.5108354128250645,
        "rmse_median": 2.4312445432624323
      },
      "after": {
        "picp": 0.9391829155060353,
        "mpiw": 8.626378837947874,
        "mis": 9.882899121816509,
        "pinball": 0.5204585818546147,
        "rmse_median": 2.4312445432624323
      }
    },
    "contextual_outlier_2.0": {
      "before": {
        "picp": 0.9028551532033426,
        "mpiw": 7.519390736874552,
        "mis": 9.533278862475989,
        "pinball": 0.5140593688123631,
        "rmse_median": 2.4428348211945976
      },
      "after": {
        "picp": 0.9404596100278552,
        "mpiw": 8.861155837874662,
        "mis": 10.079910636512443,
        "pinball": 0.5270339415908397,
        "rmse_median": 2.4428348211945976
      }
    },
    "contextual_outlier_4.0": {
      "before": {
        "picp": 0.8949628597957289,
        "mpiw": 7.639394723229318,
        "mis": 10.213721809895725,
        "pinball": 0.5385160643683254,
        "rmse_median": 2.55602516482187
      },
      "after": {
        "picp": 0.9361652739090065,
        "mpiw": 9.42369997554015,
        "mis": 10.780381398565128,
        "pinball": 0.5549615819040731,
        "rmse_median": 2.55602516482187
      }
    },
    "drift_1.0": {
      "before": {
        "picp": 0.7058960074280408,
        "mpiw": 7.541105231605287,
        "mis": 16.193474001429927,
        "pinball": 0.7922337634642231,
        "rmse_median": 3.281283967129143
      },
      "after": {
        "picp": 0.7596332404828227,
        "mpiw": 9.05154979203736,
        "mis": 15.791650421242261,
        "pinball": 0.7871512877864214,
        "rmse_median": 3.281283967129143
      }
    },
    "drift_2.0": {
      "before": {
        "picp": 0.49419684308263695,
        "mpiw": 7.763959094396725,
        "mis": 33.60622374996942,
        "pinball": 1.3821601851905425,
        "rmse_median": 4.943593025803568
      },
      "after": {
        "picp": 0.6232590529247911,
        "mpiw": 12.128790288167115,
        "mis": 29.509692714102602,
        "pinball": 1.326511139273443,
        "rmse_median": 4.943593025803568
      }
    },
    "drift_4.0": {
      "before": {
        "picp": 0.2720519962859796,
        "mpiw": 8.613078684538811,
        "mis": 77.76351071999721,
        "pinball": 2.7262520010829228,
        "rmse_median": 8.47151536030615
      },
      "after": {
        "picp": 0.6186165273909007,
        "mpiw": 23.88323261016631,
        "mis": 49.997718410112704,
        "pinball": 2.2883857950505586,
        "rmse_median": 8.47151536030615
      }
    },
    "fgsm_1.0": {
      "before": {
        "picp": 0.44962859795728877,
        "mpiw": 8.168773930745202,
        "mis": 35.12737902892163,
        "pinball": 1.4907979990154863,
        "rmse_median": 5.475822598906664
      },
      "after": {
        "picp": 0.8018802228412256,
        "mpiw": 16.64499638215205,
        "mis": 21.96715875361316,
        "pinball": 1.2563951670400861,
        "rmse_median": 5.475822598906664
      }
    },
    "fgsm_2.0": {
      "before": {
        "picp": 0.37058960074280406,
        "mpiw": 8.799568024625536,
        "mis": 57.424778079874315,
        "pinball": 2.1346619082629226,
        "rmse_median": 7.154523365296659
      },
      "after": {
        "picp": 0.8401810584958217,
        "mpiw": 25.379973928281167,
        "mis": 31.763846668215564,
        "pinball": 1.7210437269965926,
        "rmse_median": 7.154523365296659
      }
    },
    "fgsm_4.0": {
      "before": {
        "picp": 0.3097725162488394,
        "mpiw": 9.40516746551645,
        "mis": 99.09648032519054,
        "pinball": 3.283980151273235,
        "rmse_median": 10.317281276081209
      },
      "after": {
        "picp": 0.875,
        "mpiw": 38.142631393096806,
        "mis": 47.94482325353164,
        "pinball": 2.5191010059275167,
        "rmse_median": 10.317281276081209
      }
    },
    "flatline_1.0": {
      "before": {
        "picp": 0.6646935933147632,
        "mpiw": 7.894759368632623,
        "mis": 25.278451851934115,
        "pinball": 1.0512486336367757,
        "rmse_median": 4.041702640193585
      },
      "after": {
        "picp": 0.8796425255338904,
        "mpiw": 19.976737337498797,
        "mis": 24.764893871996208,
        "pinball": 1.11953098234462,
        "rmse_median": 4.041702640193585
      }
    },
    "flatline_2.0": {
      "before": {
        "picp": 0.6471680594243269,
        "mpiw": 7.648051784682649,
        "mis": 23.75712775641287,
        "pinball": 1.0113721339582387,
        "rmse_median": 3.849551549714123
      },
      "after": {
        "picp": 0.8683844011142061,
        "mpiw": 17.64624700600799,
        "mis": 22.6381650708915,
        "pinball": 1.0447491060597813,
        "rmse_median": 3.849551549714123
      }
    },
    "flatline_4.0": {
      "before": {
        "picp": 0.5892525533890436,
        "mpiw": 6.896331957741235,
        "mis": 26.422522513408484,
        "pinball": 1.0874002864748744,
        "rmse_median": 4.240591204223851
      },