{
  "model": "qtransformer_robust",
  "method": "detect_adapt",
  "alpha": 0.1,
  "fit_on": [
    "clean",
    "clock_skew_1.0",
    "clock_skew_2.0",
    "clock_skew_4.0",
    "contextual_outlier_1.0",
    "contextual_outlier_2.0",
    "contextual_outlier_4.0",
    "drift_1.0",
    "drift_2.0",
    "drift_4.0",
    "fgsm_1.0",
    "fgsm_2.0",
    "fgsm_4.0",
    "flatline_1.0",
    "flatline_2.0",
    "flatline_4.0",
    "gap_imputation_1.0",
    "gap_imputation_2.0",
    "gap_imputation_4.0",
    "level_shift_1.0",
    "level_shift_2.0",
    "level_shift_4.0",
    "noise_burst_1.0",
    "noise_burst_2.0",
    "noise_burst_4.0",
    "point_spike_1.0",
    "point_spike_2.0",
    "point_spike_4.0"
  ],
  "params": {
    "tau_clean": 1.05,
    "n_features": 12,
    "gate": [
      0.982267749007871,
      0.9996513970205677
    ],
    "detector": "HistGradientBoostingClassifier(class_weight=balanced)",
    "regressor": "HistGradientBoostingRegressor"
  },
  "settings": {
    "clean": {
      "before": {
        "picp": 0.915041782729805,
        "mpiw": 9.053371700903112,
        "mis": 10.878096698103198,
        "pinball": 0.5786078752660051,
        "rmse_median": 2.6628302056593456
      },
      "after": {
        "picp": 0.9256035283194057,
        "mpiw": 9.493725470519852,
        "mis": 11.008145292035795,
        "pinball": 0.5806610656792957,
        "rmse_median": 2.6628302056593456
      }
    },
    "clock_skew_1.0": {
      "before": {
        "picp": 0.8661792014856081,
        "mpiw": 8.873828447366073,
        "mis": 11.901649841934253,
        "pinball": 0.6424202783517554,
        "rmse_median": 2.8403515104569523
      },
      "after": {
        "picp": 0.8861420612813371,
        "mpiw": 9.380380731781091,
        "mis": 11.84944468320483,
        "pinball": 0.6416576954542499,
        "rmse_median": 2.8403515104569523
      }
    },
    "clock_skew_2.0": {
      "before": {
        "picp": 0.7671773444753947,
        "mpiw": 8.828719781855852,
        "mis": 16.486467590068443,
        "pinball": 0.8366944284515526,
        "rmse_median": 3.51200491939256
      },
      "after": {
        "picp": 0.8146471680594243,
        "mpiw": 10.073026127092602,
        "mis": 15.572670875918842,
        "pinball": 0.821136906683085,
        "rmse_median": 3.51200491939256
      }
    },
    "clock_skew_4.0": {
      "before": {
        "picp": 0.6107242339832869,
        "mpiw": 8.953100281305595,
        "mis": 31.51437610293095,
        "pinball": 1.3374692160574537,
        "rmse_median": 5.085408225661218
      },
      "after": {
        "picp": 0.8658310120705663,
        "mpiw": 16.30750827500956,
        "mis": 21.616241797657228,
        "pinball": 1.1714534893711461,
        "rmse_median": 5.085408225661218
      }
    },
    "contextual_outlier_1.0": {
      "before": {
        "picp": 0.916782729805014,
        "mpiw": 9.066440134039272,
        "mis": 10.86494053555887,
        "pinball": 0.5779417862522004,
        "rmse_median": 2.65898578402024
      },
      "after": {
        "picp": 0.9257195914577531,
        "mpiw": 9.514445874969876,
        "mis": 11.007345151288922,
        "pinball": 0.5803357216825502,
        "rmse_median": 2.65898578402024
      }
    },
    "contextual_outlier_2.0": {
      "before": {
        "picp": 0.9144614670380687,
        "mpiw": 9.109787700024349,
        "mis": 10.920061738281804,
        "pinball": 0.5810137889327207,
        "rmse_median": 2.6739293028520166
      },
      "after": {
        "picp": 0.9250232126276694,
        "mpiw": 9.540508981444525,
        "mis": 11.049009678520115,
        "pinball": 0.5832028779555964,
        "rmse_median": 2.6739293028520166
      }
    },
    "contextual_outlier_4.0": {
      "before": {
        "picp": 0.9094707520891365,
        "mpiw": 9.298485234690803,
        "mis": 11.460375073146817,
        "pinball": 0.6041414203886637,
        "rmse_median": 2.776072126681067
      },
      "after": {
        "picp": 0.9184076137418756,
        "mpiw": 9.77382078236461,
        "mis": 11.670834433977431,
        "pinball": 0.6077667114694206,
        "rmse_median": 2.776072126681067
      }
    },
    "drift_1.0": {
      "before": {
        "picp": 0.8444753946146704,
        "mpiw": 9.282956695494093,
        "mis": 13.15911036114268,
        "pinball": 0.7341549663128785,
        "rmse_median": 3.233312914714045
      },
      "after": {
        "picp": 0.8624651810584958,
        "mpiw": 9.750300569344391,
        "mis": 13.138070426644902,
        "pinball": 0.7325062140840343,
        "rmse_median": 3.233312914714045
      }
    },
    "drift_2.0": {
      "before": {
        "picp": 0.752669452181987,
        "mpiw": 10.028455532469957,
        "mis": 18.51627071844055,
        "pinball": 1.005761614568679,
        "rmse_median": 4.174118350551718
      },
      "after": {
        "picp": 0.7758820798514392,
        "mpiw": 10.367453754413615,
        "mis": 17.859912132614983,
        "pinball": 0.9928721917244206,
        "rmse_median": 4.174118350551718
      }
    },
    "drift_4.0": {
      "before": {
        "picp": 0.7094939647168059,
        "mpiw": 11.976124525388238,
        "mis": 25.650590810335707,
        "pinball": 1.3091417696874543,
        "rmse_median": 5.208820865435916
      },
      "after": {
        "picp": 0.7202878365831012,
        "mpiw": 11.71856299398954,
        "mis": 24.384830049900557,
        "pinball": 1.2884645892801299,
        "rmse_median": 5.208820865435916
      }
    },
    "fgsm_1.0": {
      "before": {
        "picp": 0.5972609099350047,
        "mpiw": 10.675570515008081,
        "mis": 29.344155792711224,
        "pinball": 1.4493191529794303,
        "rmse_median": 5.727617385335387
      },
      "after": {
        "picp": 0.7733286908077994,
        "mpiw": 14.483957632161047,
        "mis": 22.818167646341,
        "pinball": 1.325238534341755,
        "rmse_median": 5.727617385335387
      }
    },
    "fgsm_2.0": {
      "before": {
        "picp": 0.5749767873723306,
        "mpiw": 12.642217250613815,
        "mis": 37.55172851662934,
        "pinball": 1.7604429527570857,
        "rmse_median": 6.772621743923386
      },
      "after": {
        "picp": 0.8081476323119777,
        "mpiw": 18.919022860343375,
        "mis": 26.508391597300875,
        "pinball": 1.5659952517922098,
        "rmse_median": 6.772621743923386
      }
    },
    "fgsm_4.0": {
      "before": {
        "picp": 0.6100278551532033,
        "mpiw": 14.963637424594305,
        "mis": 45.48575190897888,
        "pinball": 2.0564708700800143,
        "rmse_median": 7.957553700458646
      },
      "after": {
        "picp": 0.8284586815227484,
        "mpiw": 23.150298236612613,
        "mis": 31.673340786093494,
        "pinball": 1.8310350640883537,
        "rmse_median": 7.957553700458646
      }
    },
    "flatline_1.0": {
      "before": {
        "picp": 0.8147632311977716,
        "mpiw": 10.253088147661563,
        "mis": 17.339790405843484,
        "pinball": 0.8824021165938615,
        "rmse_median": 3.665364930492439
      },
      "after": {
        "picp": 0.874535747446611,
        "mpiw": 12.184050552934071,
        "mis": 16.393340959027462,
        "pinball": 0.8683169141404198,
        "rmse_median": 3.665364930492439
      }
    },
    "flatline_2.0": {
      "before": {
        "picp": 0.7968895078922934,
        "mpiw": 9.97905846245833,
        "mis": 17.112945559362306,
        "pinball": 0.8887942458731806,
        "rmse_median": 3.6751593678342154
      },
      "after": {
        "picp": 0.8629294336118849,
        "mpiw": 12.14768978416543,
        "mis": 16.418392263782646,
        "pinball": 0.8763692431071102,
        "rmse_median": 3.6751593678342154
      }
    },
    "flatline_4.0": {
      "before": {
        "picp": 0.6826833797585887,
        "mpiw": 8.46035721876855,
        "mis": 22.98124431477763,
        "pinball": 1.0529863870036023,